citation_id,run_id,cited_brand_id,cited_brand_raw,url,domain_reported,source_type_reported
C000281,M1-P016-AN-R2,B003,,https://arcticloom.example/collections/cooling-tech,arcticloom.example,owned
C000878,M1-P052-CH-R2,B003,,https://arcticloom.example/collections/cooling-tech,arcticloom.example,owned
C000458,M1-P027-CH-R2,,,https://home-review.example/best-cooling-bedding,home-review.example,editorial
C000885,M1-P052-AN-R2,,,https://forum.example/r/hotsleepers/cooling-sheet-experiences,forum.example,forum
C000329,M1-P019-SE-R2,,,https://home-review.example/best-cooling-bedding,home-review.example,editorial
C000789,M1-P047-SE-R1,B002,,https://independent-sleep.example/reviews/serein-sleep,independent-sleep.example,editorial
C000886,M1-P052-AN-R2,B001,,https://astervale.example/products/cooling-sheet-set,astervale.example,owned
C000098,M1-P006-SE-R2,B003,,https://arcticloom.example/collections/cooling-tech,arcticloom.example,owned
C001081,M2-P001-CH-R1,,,https://home-review.example/best-cooling-bedding,home-review.example,editorial
C000766,M1-P046-CH-R2,,,https://sleep-lab.example/guides/cooling-sheets,sleep-lab.example,editorial
C002043,M2-P054-AN-R1,B001,,https://independent-sleep.example/reviews/astervale,independent-sleep.example,editorial
C000106,M1-P007-CH-R2,,,https://forum.example/r/hotsleepers/cooling-sheet-experiences,forum.example,forum
C000611,M1-P036-AN-R2,,,https://home-review.example/best-cooling-bedding,home-review.example,editorial
C001010,M1-P060-SE-R2,,Aster Vale,https://astervale.example/products/cooling-sheet-set,astervale.example,owned
C000076,M1-P005-CH-R1,B002,,https://sereinsleep.example/products/clean-cooling-sheets,sereinsleep.example,owned
C000251,M1-P015-CH-R1,B005,,https://eucalune.example/products/eucalyptus-sheets,eucalune.example,owned
C000951,M1-P056-AN-R1,,,https://forum.example/r/hotsleepers/cooling-sheet-experiences,forum.example,forum
C001050,M1-P062-AN-R2,B003,,https://arcticloom.example/collections/cooling-tech,arcticloom.example,owned
C002232,M2-P064-AN-R2,,,https://forum.example/r/hotsleepers/cooling-sheet-experiences,forum.example,forum
C001405,M2-P018-AN-R2,,,https://sleep-lab.example/guides/cooling-sheets,sleep-lab.example,editorial
C000173,M1-P010-AN-R2,B003,,https://independent-sleep.example/reviews/arcticloom,independent-sleep.example,editorial
C000837,M1-P049-AN-R2,B002,,https://sereinsleep.example/products/clean-cooling-sheets,sereinsleep.example,owned
C000525,M1-P031-CH-R2,B004,,https://restnest.example/products/value-cooling-set,restnest.example,owned
C001840,M2-P042-AN-R1,,,https://forum.example/r/hotsleepers/cooling-sheet-experiences,forum.example,forum
C000094,M1-P006-SE-R1,,,https://sleep-lab.example/guides/cooling-sheets,sleep-lab.example,editorial
C000502,M1-P030-CH-R1,B003,,https://arcticloom.example/collections/cooling-tech,arcticloom.example,owned
C000680,M1-P040-SE-R2,,,https://home-review.example/best-cooling-bedding,home-review.example,editorial
C001173,M2-P005-AN-R2,B003,,https://arcticloom.example/collections/cooling-tech,arcticloom.example,owned
C001564,M2-P026-CH-R1,B002,,https://sereinsleep.example/products/clean-cooling-sheets,sereinsleep.example,owned
C001071,M1-P064-SE-R1,B002,,https://independent-sleep.example/reviews/serein-sleep,independent-sleep.example,editorial
C001035,M1-P062-CH-R1,B001,,https://independent-sleep.example/reviews/astervale,independent-sleep.example,editorial
C001479,M2-P022-CH-R2,,,https://forum.example/r/hotsleepers/cooling-sheet-experiences,forum.example,forum
C000300,M1-P018-CH-R1,B005,,https://eucalune.example/products/eucalyptus-sheets,eucalune.example,owned
C000826,M1-P049-CH-R1,B001,,https://astervale.example/products/cooling-sheet-set,astervale.example,owned
C001126,M2-P003-SE-R1,,,https://sleep-lab.example/guides/cooling-sheets,sleep-lab.example,editorial
C000499,M1-P029-AN-R2,B002,,https://independent-sleep.example/reviews/serein-sleep,independent-sleep.example,editorial
C000297,M1-P017-AN-R2,,,https://sleep-lab.example/guides/cooling-sheets,sleep-lab.example,editorial
C001806,M2-P040-CH-R2,B002,,https://independent-sleep.example/reviews/serein-sleep,independent-sleep.example,editorial
C001409,M2-P019-CH-R1,,,https://home-review.example/best-cooling-bedding,home-review.example,editorial
C000887,M1-P052-AN-R2,B003,,https://arcticloom.example/collections/cooling-tech,arcticloom.example,owned
C001553,M2-P025-SE-R2,B004,,https://independent-sleep.example/reviews/restnest,independent-sleep.example,editorial
C001999,M2-P052-CH-R1,,,https://forum.example/r/hotsleepers/cooling-sheet-experiences,forum.example,forum
C000086,M1-P005-AN-R2,B002,,https://sereinsleep.example/products/clean-cooling-sheets,sereinsleep.example,owned
C001018,M1-P060-AN-R2,B002,,https://independent-sleep.example/reviews/serein-sleep,independent-sleep.example,editorial
C000790,M1-P047-SE-R2,,,https://sleep-lab.example/guides/cooling-sheets,sleep-lab.example,editorial
C001519,M2-P023-AN-R2,,,https://forum.example/r/hotsleepers/cooling-sheet-experiences,forum.example,forum
C000927,M1-P055-CH-R2,,,https://sleep-lab.example/guides/cooling-sheets,sleep-lab.example,editorial
C000395,M1-P023-CH-R2,,,https://forum.example/r/hotsleepers/cooling-sheet-experiences,forum.example,forum
C001795,M2-P039-AN-R1,,,https://home-review.example/best-cooling-bedding,home-review.example,editorial
C000707,M1-P042-CH-R2,B003,,https://independent-sleep.example/reviews/arcticloom,independent-sleep.example,editorial
C002190,M2-P062-SE-R2,B002,,https://sereinsleep.example/products/clean-cooling-sheets,sereinsleep.example,owned
C000714,M1-P042-AN-R2,B004,,https://independent-sleep.example/reviews/restnest,independent-sleep.example,editorial
C000767,M1-P046-CH-R2,B002,,https://sereinsleep.example/products/clean-cooling-sheets,sereinsleep.example,owned
C001995,M2-P051-AN-R2,,,https://home-review.example/best-cooling-bedding,home-review.example,editorial
C001127,M2-P003-SE-R2,,,https://home-review.example/best-cooling-bedding,home-review.example,editorial
C001248,M2-P009-AN-R2,B001,,https://astervale.example/products/cooling-sheet-set,astervale.example,owned
C001364,M2-P016-SE-R2,,,https://sleep-lab.example/guides/cooling-sheets,sleep-lab.example,editorial
C002085,M2-P057-SE-R1,B001,,https://independent-sleep.example/reviews/astervale,independent-sleep.example,editorial
C001638,M2-P029-AN-R1,B001,,https://astervale.example/products/cooling-sheet-set,astervale.example,owned
C001352,M2-P015-AN-R2,,,https://home-review.example/best-cooling-bedding,home-review.example,editorial
C000258,M1-P015-CH-R2,B002,,https://sereinsleep.example/products/clean-cooling-sheets,sereinsleep.example,owned
C000237,M1-P014-SE-R1,B004,,https://restnest.example/products/value-cooling-set,restnest.example,owned
C001786,M2-P039-CH-R1,B003,,https://independent-sleep.example/reviews/arcticloom,independent-sleep.example,editorial
C001096,M2-P002-CH-R1,,,https://sleep-lab.example/guides/cooling-sheets,sleep-lab.example,editorial
C001014,M1-P060-AN-R1,B004,,https://independent-sleep.example/reviews/restnest,independent-sleep.example,editorial
C001779,M2-P038-AN-R1,B003,,https://arcticloom.example/collections/cooling-tech,arcticloom.example,owned
C001216,M2-P008-SE-R1,,,https://forum.example/r/hotsleepers/cooling-sheet-experiences,forum.example,forum
C001427,M2-P019-AN-R2,B004,,https://independent-sleep.example/reviews/restnest,independent-sleep.example,editorial
C001693,M2-P033-SE-R2,B001,,https://independent-sleep.example/reviews/astervale,independent-sleep.example,editorial
C001994,M2-P051-AN-R1,B002,,https://independent-sleep.example/reviews/serein-sleep,independent-sleep.example,editorial
C000489,M1-P029-CH-R1,,,https://sleep-lab.example/guides/cooling-sheets,sleep-lab.example,editorial
C001234,M2-P009-CH-R2,,,https://sleep-lab.example/guides/cooling-sheets,sleep-lab.example,editorial
C001262,M2-P010-AN-R2,,,https://sleep-lab.example/guides/cooling-sheets,sleep-lab.example,editorial
C001698,M2-P033-AN-R2,B003,,https://independent-sleep.example/reviews/arcticloom,independent-sleep.example,editorial
C000558,M1-P033-AN-R1,,,https://forum.example/r/hotsleepers/cooling-sheet-experiences,forum.example,forum
C001108,M2-P002-SE-R2,B005,,https://eucalune.example/products/eucalyptus-sheets,eucalune.example,owned
C002220,M2-P064-CH-R2,B005,,https://eucalune.example/products/eucalyptus-sheets,eucalune.example,owned
C000319,M1-P019-CH-R2,,,https://forum.example/r/hotsleepers/cooling-sheet-experiences,forum.example,forum
C001347,M2-P015-AN-R1,,,https://home-review.example/best-cooling-bedding,home-review.example,editorial
C000757,M1-P045-AN-R1,,,https://sleep-lab.example/guides/cooling-sheets,sleep-lab.example,editorial
C001210,M2-P007-AN-R2,B003,,https://arcticloom.example/collections/cooling-tech,arcticloom.example,owned
C002114,M2-P058-AN-R2,B002,,https://sereinsleep.example/products/clean-cooling-sheets,sereinsleep.example,owned
C000527,M1-P031-SE-R1,B005,,https://independent-sleep.example/reviews/eucalune,independent-sleep.example,editorial
C002228,M2-P064-AN-R1,,,https://sleep-lab.example/guides/cooling-sheets,sleep-lab.example,editorial
C000265,M1-P015-AN-R2,,,https://sleep-lab.example/guides/cooling-sheets,sleep-lab.example,editorial
C000299,M1-P018-CH-R1,,,https://home-review.example/best-cooling-bedding,home-review.example,editorial
C000758,M1-P045-AN-R1,,,https://home-review.example/best-cooling-bedding,home-review.example,editorial
C000546,M1-P032-AN-R1,,,https://forum.example/r/hotsleepers/cooling-sheet-experiences,forum.example,forum
C001170,M2-P005-SE-R2,B005,,https://eucalune.example/products/eucalyptus-sheets,eucalune.example,owned
C000866,M1-P051-SE-R2,B001,,https://astervale.example/products/cooling-sheet-set,astervale.example,owned
C000061,M1-P004-SE-R1,,,https://home-review.example/best-cooling-bedding,home-review.example,editorial
C002252,M1-P030-AN-R1,,,HTTPS://www.SLEEP-LAB.EXAMPLE/guides/cooling-sheets/?utm_source=audit&utm_campaign=m2#section,www.SLEEP-LAB.EXAMPLE,editorial
C000740,M1-P044-SE-R2,,,https://home-review.example/best-cooling-bedding,home-review.example,editorial
C001166,M2-P005-SE-R1,B005,,https://eucalune.example/products/eucalyptus-sheets,eucalune.example,owned
C001187,M2-P006-SE-R2,,,https://home-review.example/best-cooling-bedding,home-review.example,editorial
C001399,M2-P018-SE-R1,B002,,https://sereinsleep.example/products/clean-cooling-sheets,sereinsleep.example,owned
C001502,M2-P023-CH-R2,B003,,https://arcticloom.example/collections/cooling-tech,arcticloom.example,owned
C001120,M2-P003-CH-R2,,,https://home-review.example/best-cooling-bedding,home-review.example,editorial
C000353,M1-P020-AN-R2,,,https://home-review.example/best-cooling-bedding,home-review.example,editorial
C000690,M1-P041-CH-R1,,,https://sleep-lab.example/guides/cooling-sheets,sleep-lab.example,editorial
C000389,M1-P022-AN-R1,B001,,https://independent-sleep.example/reviews/astervale,independent-sleep.example,editorial
C001784,M2-P039-CH-R1,,,https://forum.example/r/hotsleepers/cooling-sheet-experiences,forum.example,forum
C002223,M2-P064-SE-R1,B005,,https://independent-sleep.example/reviews/eucalune,independent-sleep.example,editorial
C001351,M2-P015-AN-R2,,,https://sleep-lab.example/guides/cooling-sheets,sleep-lab.example,editorial
C002221,M2-P064-SE-R1,,,https://sleep-lab.example/guides/cooling-sheets,sleep-lab.example,editorial
C001122,M2-P003-CH-R2,B003,,https://independent-sleep.example/reviews/arcticloom,independent-sleep.example,editorial
C000645,M1-P038-SE-R2,B002,,https://independent-sleep.example/reviews/serein-sleep,independent-sleep.example,editorial
C001296,M2-P012-SE-R2,B005,,https://independent-sleep.example/reviews/eucalune,independent-sleep.example,editorial
C001909,M2-P047-CH-R1,B002,,https://independent-sleep.example/reviews/serein-sleep,independent-sleep.example,editorial
C000588,M1-P035-CH-R2,B003,,https://arcticloom.example/collections/cooling-tech,arcticloom.example,owned
C000860,M1-P051-CH-R2,B002,,https://sereinsleep.example/products/clean-cooling-sheets,sereinsleep.example,owned
C000777,M1-P046-AN-R1,B002,,https://independent-sleep.example/reviews/serein-sleep,independent-sleep.example,editorial
C001238,M2-P009-SE-R1,B003,,https://arcticloom.example/collections/cooling-tech,arcticloom.example,owned
C000404,M1-P023-AN-R1,,,https://home-review.example/best-cooling-bedding,home-review.example,editorial
C000152,M1-P009-AN-R2,,,https://forum.example/r/hotsleepers/cooling-sheet-experiences,forum.example,forum
C001878,M2-P045-SE-R2,,,https://home-review.example/best-cooling-bedding,home-review.example,editorial
C001249,M2-P009-AN-R2,B002,,https://independent-sleep.example/reviews/serein-sleep,independent-sleep.example,editorial
C000507,M1-P030-SE-R1,B003,,https://arcticloom.example/collections/cooling-tech,arcticloom.example,owned
C001905,M2-P046-AN-R2,B005,,https://eucalune.example/products/eucalyptus-sheets,eucalune.example,owned
C000066,M1-P004-AN-R1,,,https://forum.example/r/hotsleepers/cooling-sheet-experiences,forum.example,forum
C001839,M2-P042-SE-R2,B003,,https://independent-sleep.example/reviews/arcticloom,independent-sleep.example,editorial
C001199,M2-P007-CH-R2,B005,,https://eucalune.example/products/eucalyptus-sheets,eucalune.example,owned
C001876,M2-P045-SE-R1,B003,,https://arcticloom.example/collections/cooling-tech,arcticloom.example,owned
C001353,M2-P015-AN-R2,B004,,https://independent-sleep.example/reviews/restnest,independent-sleep.example,editorial
C000059,M1-P004-CH-R2,B004,,https://independent-sleep.example/reviews/restnest,independent-sleep.example,editorial
C000728,M1-P044-CH-R1,,,https://sleep-lab.example/guides/cooling-sheets,sleep-lab.example,editorial
C000234,M1-P014-SE-R1,,,https://sleep-lab.example/guides/cooling-sheets,sleep-lab.example,editorial
C000719,M1-P043-CH-R2,,,https://sleep-lab.example/guides/cooling-sheets,sleep-lab.example,editorial
C001224,M2-P008-AN-R1,,,https://sleep-lab.example/guides/cooling-sheets,sleep-lab.example,editorial
C000552,M1-P033-CH-R2,B004,,https://restnest.example/products/value-cooling-set,restnest.example,owned
C001626,M2-P029-CH-R2,B005,,https://eucalune.example/products/eucalyptus-sheets,eucalune.example,owned
C000058,M1-P004-CH-R2,,,https://forum.example/r/hotsleepers/cooling-sheet-experiences,forum.example,forum
C002251,M1-P029-AN-R2,B002,,HTTPS://independent-sleep.example/reviews/serein-sleep/?utm_source=audit&utm_campaign=m2#section,independent-sleep.example,editorial
C001793,M2-P039-SE-R2,B003,,https://arcticloom.example/collections/cooling-tech,arcticloom.example,owned
C002092,M2-P057-AN-R2,B001,,https://astervale.example/products/cooling-sheet-set,astervale.example,owned
C001704,M2-P034-SE-R1,,,https://sleep-lab.example/guides/cooling-sheets,sleep-lab.example,editorial
C001970,M2-P050-AN-R1,,,https://sleep-lab.example/guides/cooling-sheets,sleep-lab.example,editorial
C001162,M2-P005-CH-R2,B005,,https://eucalune.example/products/eucalyptus-sheets,eucalune.example,owned
C001642,M2-P029-AN-R2,B004,,https://restnest.example/products/value-cooling-set,restnest.example,owned
C002154,M2-P060-AN-R2,,,https://home-review.example/best-cooling-bedding,home-review.example,editorial
C001114,M2-P002-AN-R2,,,https://home-review.example/best-cooling-bedding,home-review.example,editorial
C000459,M1-P027-CH-R2,B002,,https://independent-sleep.example/reviews/serein-sleep,independent-sleep.example,editorial
C001812,M2-P040-AN-R1,,,https://sleep-lab.example/guides/cooling-sheets,sleep-lab.example,editorial
C001798,M2-P039-AN-R1,B004,,https://restnest.example/products/value-cooling-set,restnest.example,owned
C000670,M1-P040-CH-R1,B002,,https://sereinsleep.example/products/clean-cooling-sheets,sereinsleep.example,owned
C002156,M2-P060-AN-R2,B003,,https://independent-sleep.example/reviews/arcticloom,independent-sleep.example,editorial
C001089,M2-P001-SE-R2,B002,,https://sereinsleep.example/products/clean-cooling-sheets,sereinsleep.example,owned
C000227,M1-P013-AN-R2,B003,,https://arcticloom.example/collections/cooling-tech,arcticloom.example,owned
C002229,M2-P064-AN-R1,B002,,https://independent-sleep.example/reviews/serein-sleep,independent-sleep.example,editorial
C000231,M1-P014-CH-R2,,,https://home-review.example/best-cooling-bedding,home-review.example,editorial
C000865,M1-P051-SE-R2,,,https://sleep-lab.example/guides/cooling-sheets,sleep-lab.example,editorial
C000192,M1-P012-CH-R2,B004,,https://restnest.example/products/value-cooling-set,restnest.example,owned
C000302,M1-P018-SE-R1,,,https://sleep-lab.example/guides/cooling-sheets,sleep-lab.example,editorial
C000862,M1-P051-SE-R1,,,https://sleep-lab.example/guides/cooling-sheets,sleep-lab.example,editorial
C001972,M2-P050-AN-R2,,,https://sleep-lab.example/guides/cooling-sheets,sleep-lab.example,editorial
C001598,M2-P027-AN-R1,B004,,https://independent-sleep.example/reviews/restnest,independent-sleep.example,editorial
C000010,M1-P001-SE-R2,B004,,https://restnest.example/products/value-cooling-set,restnest.example,owned
C001395,M2-P018-CH-R2,B005,,https://independent-sleep.example/reviews/eucalune,independent-sleep.example,editorial
C000162,M1-P010-CH-R2,B001,,https://astervale.example/products/cooling-sheet-set,astervale.example,owned
C001530,M2-P024-SE-R1,B003,,https://arcticloom.example/collections/cooling-tech,arcticloom.example,owned
C001004,M1-P060-CH-R2,B001,,https://astervale.example/products/cooling-sheet-set,astervale.example,owned
C000383,M1-P022-SE-R2,,,https://home-review.example/best-cooling-bedding,home-review.example,editorial
C001339,M2-P014-AN-R2,,,https://forum.example/r/hotsleepers/cooling-sheet-experiences,forum.example,forum
C001855,M2-P043-AN-R1,B001,,https://astervale.example/products/cooling-sheet-set,astervale.example,owned
C000274,M1-P016-SE-R2,,,https://sleep-lab.example/guides/cooling-sheets,sleep-lab.example,editorial
C001767,M2-P037-AN-R2,,,https://forum.example/r/hotsleepers/cooling-sheet-experiences,forum.example,forum
C001188,M2-P006-SE-R2,B002,,https://sereinsleep.example/products/clean-cooling-sheets,sereinsleep.example,owned
C000071,M1-P004-AN-R2,,,https://home-review.example/best-cooling-bedding,home-review.example,editorial
C000272,M1-P016-CH-R2,,,https://forum.example/r/hotsleepers/cooling-sheet-experiences,forum.example,forum
C001932,M2-P048-SE-R1,,,https://home-review.example/best-cooling-bedding,home-review.example,editorial
C001458,M2-P021-CH-R2,B001,,https://astervale.example/products/cooling-sheet-set,astervale.example,owned
C001341,M2-P015-CH-R1,B005,,https://eucalune.example/products/eucalyptus-sheets,eucalune.example,owned
C000627,M1-P037-SE-R1,B004,,https://independent-sleep.example/reviews/restnest,independent-sleep.example,editorial
C001822,M2-P041-SE-R2,B004,,https://independent-sleep.example/reviews/restnest,independent-sleep.example,editorial
C000908,M1-P054-CH-R1,B001,,https://independent-sleep.example/reviews/astervale,independent-sleep.example,editorial
C002189,M2-P062-SE-R2,B001,,https://astervale.example/products/cooling-sheet-set,astervale.example,owned
C001981,M2-P051-CH-R2,B001,,https://astervale.example/products/cooling-sheet-set,astervale.example,owned
C000923,M1-P054-AN-R2,B001,,https://astervale.example/products/cooling-sheet-set,astervale.example,owned
C000250,M1-P015-CH-R1,,,https://sleep-lab.example/guides/cooling-sheets,sleep-lab.example,editorial
C000892,M1-P053-CH-R2,,,https://home-review.example/best-cooling-bedding,home-review.example,editorial
C001432,M2-P020-CH-R2,,,https://forum.example/r/hotsleepers/cooling-sheet-experiences,forum.example,forum
C001754,M2-P037-CH-R2,,,https://home-review.example/best-cooling-bedding,home-review.example,editorial
C000536,M1-P031-AN-R2,B005,,https://eucalune.example/products/eucalyptus-sheets,eucalune.example,owned
C001701,M2-P034-CH-R1,B003,,https://independent-sleep.example/reviews/arcticloom,independent-sleep.example,editorial
C000074,M1-P005-CH-R1,,,https://forum.example/r/hotsleepers/cooling-sheet-experiences,forum.example,forum
C001211,M2-P007-AN-R2,B003,,https://independent-sleep.example/reviews/arcticloom,independent-sleep.example,editorial
C000810,M1-P048-SE-R1,,,https://home-review.example/best-cooling-bedding,home-review.example,editorial
C000050,M1-P003-SE-R2,B002,,https://independent-sleep.example/reviews/serein-sleep,independent-sleep.example,editorial
C000055,M1-P003-AN-R2,,,https://forum.example/r/hotsleepers/cooling-sheet-experiences,forum.example,forum
C001782,M2-P038-AN-R2,B003,,https://independent-sleep.example/reviews/arcticloom,independent-sleep.example,editorial
C000829,M1-P049-CH-R2,B001,,https://astervale.example/products/cooling-sheet-set,astervale.example,owned
C001243,M2-P009-SE-R2,B001,,https://astervale.example/products/cooling-sheet-set,astervale.example,owned
C001816,M2-P041-CH-R1,,,https://home-review.example/best-cooling-bedding,home-review.example,editorial
C001196,M2-P007-CH-R1,,,https://home-review.example/best-cooling-bedding,home-review.example,editorial
C000635,M1-P038-CH-R1,,,https://home-review.example/best-cooling-bedding,home-review.example,editorial
C000526,M1-P031-SE-R1,,,https://sleep-lab.example/guides/cooling-sheets,sleep-lab.example,editorial
C001075,M1-P064-SE-R2,B002,,https://independent-sleep.example/reviews/serein-sleep,independent-sleep.example,editorial
C000296,M1-P017-AN-R2,,,https://home-review.example/best-cooling-bedding,home-review.example,editorial
C000218,M1-P013-SE-R1,B005,,https://independent-sleep.example/reviews/eucalune,independent-sleep.example,editorial
C000568,M1-P034-CH-R2,B002,,https://independent-sleep.example/reviews/serein-sleep,independent-sleep.example,editorial
C001728,M2-P035-SE-R1,B004,,https://restnest.example/products/value-cooling-set,restnest.example,owned
C002051,M2-P055-CH-R2,B004,,https://restnest.example/products/value-cooling-set,restnest.example,owned
C001810,M2-P040-SE-R2,,,https://sleep-lab.example/guides/cooling-sheets,sleep-lab.example,editorial
C001942,M2-P049-CH-R1,B001,,https://astervale.example/products/cooling-sheet-set,astervale.example,owned
C001449,M2-P020-AN-R2,,,https://sleep-lab.example/guides/cooling-sheets,sleep-lab.example,editorial
C000911,M1-P054-CH-R2,B004,,https://independent-sleep.example/reviews/restnest,independent-sleep.example,editorial
C000644,M1-P038-SE-R2,,,https://forum.example/r/hotsleepers/cooling-sheet-experiences,forum.example,forum
C000721,M1-P043-SE-R1,,,https://sleep-lab.example/guides/cooling-sheets,sleep-lab.example,editorial
C000087,M1-P006-CH-R1,,,https://forum.example/r/hotsleepers/cooling-sheet-experiences,forum.example,forum
C001159,M2-P005-CH-R1,B002,,https://sereinsleep.example/products/clean-cooling-sheets,sereinsleep.example,owned
C000687,M1-P040-AN-R1,B002,,https://independent-sleep.example/reviews/serein-sleep,independent-sleep.example,editorial
C001312,M2-P013-CH-R2,B004,,https://restnest.example/products/value-cooling-set,restnest.example,owned
C000626,M1-P037-SE-R1,B004,,https://restnest.example/products/value-cooling-set,restnest.example,owned
C000856,M1-P051-CH-R1,,,https://sleep-lab.example/guides/cooling-sheets,sleep-lab.example,editorial
C001195,M2-P007-CH-R1,,,https://sleep-lab.example/guides/cooling-sheets,sleep-lab.example,editorial
C001940,M2-P049-CH-R1,,,https://home-review.example/best-cooling-bedding,home-review.example,editorial
C001956,M2-P049-AN-R2,,,https://forum.example/r/hotsleepers/cooling-sheet-experiences,forum.example,forum
C002141,M2-P060-SE-R1,,,https://home-review.example/best-cooling-bedding,home-review.example,editorial
C001969,M2-P050-AN-R1,,,https://home-review.example/best-cooling-bedding,home-review.example,editorial
C001725,M2-P035-SE-R1,,,https://sleep-lab.example/guides/cooling-sheets,sleep-lab.example,editorial
C002254,M2-P027-SE-R1,B002,,HTTPS://sereinsleep.example/products/clean-cooling-sheets/?utm_source=audit&utm_campaign=m2#section,sereinsleep.example,owned
C001388,M2-P017-AN-R2,,,https://home-review.example/best-cooling-bedding,home-review.example,editorial
C001869,M2-P044-AN-R1,,,https://home-review.example/best-cooling-bedding,home-review.example,editorial
C000867,M1-P051-AN-R1,,,https://forum.example/r/hotsleepers/cooling-sheet-experiences,forum.example,forum
C001088,M2-P001-SE-R2,B003,,https://arcticloom.example/collections/cooling-tech,arcticloom.example,owned
C000124,M1-P008-SE-R1,,,https://home-review.example/best-cooling-bedding,home-review.example,editorial
C001769,M2-P038-CH-R1,,,https://sleep-lab.example/guides/cooling-sheets,sleep-lab.example,editorial
C001031,M1-P061-AN-R2,,,https://forum.example/r/hotsleepers/cooling-sheet-experiences,forum.example,forum
C000791,M1-P047-SE-R2,B003,,https://independent-sleep.example/reviews/arcticloom,independent-sleep.example,editorial
C000735,M1-P044-CH-R2,B005,,https://independent-sleep.example/reviews/eucalune,independent-sleep.example,editorial
C000023,M1-P002-CH-R2,B005,,https://independent-sleep.example/reviews/eucalune,independent-sleep.example,editorial
C001997,M2-P051-AN-R2,B001,,https://astervale.example/products/cooling-sheet-set,astervale.example,owned
C001883,M2-P045-AN-R1,B003,,https://independent-sleep.example/reviews/arcticloom,independent-sleep.example,editorial
C001042,M1-P062-SE-R2,B001,,https://astervale.example/products/cooling-sheet-set,astervale.example,owned
C001450,M2-P020-AN-R2,B002,,https://independent-sleep.example/reviews/serein-sleep,independent-sleep.example,editorial
C001582,M2-P027-CH-R1,B005,,https://independent-sleep.example/reviews/eucalune,independent-sleep.example,editorial
C001497,M2-P022-AN-R2,B004,,https://restnest.example/products/value-cooling-set,restnest.example,owned
C000579,M1-P034-AN-R1,B004,,https://independent-sleep.example/reviews/restnest,independent-sleep.example,editorial
C000590,M1-P035-SE-R1,,,https://forum.example/r/hotsleepers/cooling-sheet-experiences,forum.example,forum
C000943,M1-P056-CH-R1,B001,,https://astervale.example/products/cooling-sheet-set,astervale.example,owned
C001142,M2-P004-CH-R2,B002,,https://sereinsleep.example/products/clean-cooling-sheets,sereinsleep.example,owned
C000845,M1-P050-SE-R1,B001,,https://independent-sleep.example/reviews/astervale,independent-sleep.example,editorial
C001488,M2-P022-SE-R2,,,https://home-review.example/best-cooling-bedding,home-review.example,editorial
C001198,M2-P007-CH-R2,,,https://forum.example/r/hotsleepers/cooling-sheet-experiences,forum.example,forum
C000715,M1-P042-AN-R2,B003,,https://independent-sleep.example/reviews/arcticloom,independent-sleep.example,editorial
C000889,M1-P053-CH-R1,,,https://home-review.example/best-cooling-bedding,home-review.example,editorial
C002030,M2-P054-CH-R1,,,https://forum.example/r/hotsleepers/cooling-sheet-experiences,forum.example,forum
C001438,M2-P020-SE-R2,B003,,https://arcticloom.example/collections/cooling-tech,arcticloom.example,owned
C001143,M2-P004-CH-R2,B003,,https://independent-sleep.example/reviews/arcticloom,independent-sleep.example,editorial
C001699,M2-P033-AN-R2,B002,,https://sereinsleep.example/products/clean-cooling-sheets,sereinsleep.example,owned
C002138,M2-P060-CH-R2,,,https://home-review.example/best-cooling-bedding,home-review.example,editorial
C001702,M2-P034-CH-R1,B002,,https://sereinsleep.example/products/clean-cooling-sheets,sereinsleep.example,owned
C001085,M2-P001-SE-R1,,,https://sleep-lab.example/guides/cooling-sheets,sleep-lab.example,editorial
C000107,M1-P007-CH-R2,B003,,https://independent-sleep.example/reviews/arcticloom,independent-sleep.example,editorial
C000284,M1-P017-CH-R2,,,https://forum.example/r/hotsleepers/cooling-sheet-experiences,forum.example,forum
C002105,M2-P058-SE-R2,B001,,https://independent-sleep.example/reviews/astervale,independent-sleep.example,editorial
C000946,M1-P056-SE-R1,,,https://sleep-lab.example/guides/cooling-sheets,sleep-lab.example,editorial
C000455,M1-P027-CH-R1,B002,,https://sereinsleep.example/products/clean-cooling-sheets,sereinsleep.example,owned
C001545,M2-P025-CH-R2,,,https://forum.example/r/hotsleepers/cooling-sheet-experiences,forum.example,forum
C001803,M2-P040-CH-R1,B003,,https://independent-sleep.example/reviews/arcticloom,independent-sleep.example,editorial
C001737,M2-P036-CH-R1,,,https://sleep-lab.example/guides/cooling-sheets,sleep-lab.example,editorial
C002226,M2-P064-SE-R2,B003,,https://arcticloom.example/collections/cooling-tech,arcticloom.example,owned
C002217,M2-P064-CH-R2,,,https://sleep-lab.example/guides/cooling-sheets,sleep-lab.example,editorial
C000132,M1-P008-AN-R2,B004,,https://independent-sleep.example/reviews/restnest,independent-sleep.example,editorial
C000420,M1-P024-AN-R1,B004,,https://restnest.example/products/value-cooling-set,restnest.example,owned
C000753,M1-P045-SE-R1,B004,,https://restnest.example/products/value-cooling-set,restnest.example,owned
C001633,M2-P029-SE-R2,B002,,https://independent-sleep.example/reviews/serein-sleep,independent-sleep.example,editorial
C000706,M1-P042-CH-R2,B003,,https://arcticloom.example/collections/cooling-tech,arcticloom.example,owned
C001589,M2-P027-SE-R1,B003,,https://independent-sleep.example/reviews/arcticloom,independent-sleep.example,editorial
C002230,M2-P064-AN-R1,B005,,https://eucalune.example/products/eucalyptus-sheets,eucalune.example,owned
C001318,M2-P013-SE-R2,B002,,https://independent-sleep.example/reviews/serein-sleep,independent-sleep.example,editorial
C001500,M2-P023-CH-R2,,,https://forum.example/r/hotsleepers/cooling-sheet-experiences,forum.example,forum
C001421,M2-P019-AN-R1,,,https://home-review.example/best-cooling-bedding,home-review.example,editorial
C001591,M2-P027-SE-R1,B001,,https://independent-sleep.example/reviews/astervale,independent-sleep.example,editorial
C001989,M2-P051-SE-R2,B003,,https://arcticloom.example/collections/cooling-tech,arcticloom.example,owned
C001709,M2-P034-SE-R2,B003,,https://independent-sleep.example/reviews/arcticloom,independent-sleep.example,editorial
C000232,M1-P014-CH-R2,B002,,https://independent-sleep.example/reviews/serein-sleep,independent-sleep.example,editorial
C001315,M2-P013-SE-R1,B005,,https://eucalune.example/products/eucalyptus-sheets,eucalune.example,owned
C000115,M1-P007-AN-R2,,,https://sleep-lab.example/guides/cooling-sheets,sleep-lab.example,editorial
C001729,M2-P035-SE-R2,,,https://home-review.example/best-cooling-bedding,home-review.example,editorial
C000653,M1-P039-CH-R2,,,https://home-review.example/best-cooling-bedding,home-review.example,editorial
C000881,M1-P052-SE-R2,,,https://forum.example/r/hotsleepers/cooling-sheet-experiences,forum.example,forum
C001813,M2-P040-AN-R1,,,https://forum.example/r/hotsleepers/cooling-sheet-experiences,forum.example,forum
C001541,M2-P024-AN-R2,,,https://sleep-lab.example/guides/cooling-sheets,sleep-lab.example,editorial
C001269,M2-P011-CH-R2,B005,,https://eucalune.example/products/eucalyptus-sheets,eucalune.example,owned
C000337,M1-P020-CH-R1,,,https://sleep-lab.example/guides/cooling-sheets,sleep-lab.example,editorial
C001100,M2-P002-CH-R2,B002,,https://sereinsleep.example/products/clean-cooling-sheets,sereinsleep.example,owned
C000542,M1-P032-CH-R2,B005,,https://eucalune.example/products/eucalyptus-sheets,eucalune.example,owned
C001024,M1-P061-CH-R2,,,https://sleep-lab.example/guides/cooling-sheets,sleep-lab.example,editorial
C000035,M1-P002-AN-R2,,,https://home-review.example/best-cooling-bedding,home-review.example,editorial
C000854,M1-P050-AN-R2,B001,,https://astervale.example/products/cooling-sheet-set,astervale.example,owned
C001627,M2-P029-SE-R1,,,https://forum.example/r/hotsleepers/cooling-sheet-experiences,forum.example,forum
C001236,M2-P009-CH-R2,B003,,https://arcticloom.example/collections/cooling-tech,arcticloom.example,owned
C001416,M2-P019-CH-R2,B001,,https://astervale.example/products/cooling-sheet-set,astervale.example,owned
C000824,M1-P049-CH-R1,,,https://sleep-lab.example/guides/cooling-sheets,sleep-lab.example,editorial
C000869,M1-P051-AN-R2,,,https://forum.example/r/hotsleepers/cooling-sheet-experiences,forum.example,forum
C001588,M2-P027-SE-R1,B002,,https://sereinsleep.example/products/clean-cooling-sheets,sereinsleep.example,owned
C000524,M1-P031-CH-R2,B003,,https://independent-sleep.example/reviews/arcticloom,independent-sleep.example,editorial
C000972,M1-P058-SE-R1,B001,,https://astervale.example/products/cooling-sheet-set,astervale.example,owned
C001668,M2-P032-CH-R2,,,https://home-review.example/best-cooling-bedding,home-review.example,editorial
C001278,M2-P011-SE-R2,B005,,https://eucalune.example/products/eucalyptus-sheets,eucalune.example,owned
C000727,M1-P043-AN-R2,,,https://sleep-lab.example/guides/cooling-sheets,sleep-lab.example,editorial
C001527,M2-P024-CH-R2,,,https://home-review.example/best-cooling-bedding,home-review.example,editorial
C000780,M1-P046-AN-R2,B003,,https://independent-sleep.example/reviews/arcticloom,independent-sleep.example,editorial
C001218,M2-P008-SE-R1,B005,,https://eucalune.example/products/eucalyptus-sheets,eucalune.example,owned
C000819,M1-P048-AN-R1,B005,,https://independent-sleep.example/reviews/eucalune,independent-sleep.example,editorial
C001679,M2-P032-AN-R1,,,https://sleep-lab.example/guides/cooling-sheets,sleep-lab.example,editorial
C000681,M1-P040-SE-R2,B003,,https://independent-sleep.example/reviews/arcticloom,independent-sleep.example,editorial
C001611,M2-P028-SE-R2,,,https://sleep-lab.example/guides/cooling-sheets,sleep-lab.example,editorial
C001200,M2-P007-SE-R1,,,https://sleep-lab.example/guides/cooling-sheets,sleep-lab.example,editorial
C000325,M1-P019-SE-R1,,,https://sleep-lab.example/guides/cooling-sheets,sleep-lab.example,editorial
C000853,M1-P050-AN-R2,,,https://sleep-lab.example/guides/cooling-sheets,sleep-lab.example,editorial
C001037,M1-P062-CH-R2,,,https://forum.example/r/hotsleepers/cooling-sheet-experiences,forum.example,forum
C001716,M2-P034-AN-R2,,,https://sleep-lab.example/guides/cooling-sheets,sleep-lab.example,editorial
C001247,M2-P009-AN-R2,,,https://home-review.example/best-cooling-bedding,home-review.example,editorial
C001529,M2-P024-SE-R1,,,https://home-review.example/best-cooling-bedding,home-review.example,editorial
C000271,M1-P016-CH-R1,B004,,https://independent-sleep.example/reviews/restnest,independent-sleep.example,editorial
C002072,M2-P056-SE-R2,B001,,https://astervale.example/products/cooling-sheet-set,astervale.example,owned
C000947,M1-P056-SE-R1,B002,,https://sereinsleep.example/products/clean-cooling-sheets,sereinsleep.example,owned
C001299,M2-P012-AN-R1,B002,,https://independent-sleep.example/reviews/serein-sleep,independent-sleep.example,editorial
C000803,M1-P048-CH-R1,,,https://sleep-lab.example/guides/cooling-sheets,sleep-lab.example,editorial
C002058,M2-P055-SE-R2,B001,,https://astervale.example/products/cooling-sheet-set,astervale.example,owned
C002264,M1-P009-AN-R2,,,HTTPS://www.FORUM.EXAMPLE/r/hotsleepers/cooling-sheet-experiences/?utm_source=audit&utm_campaign=m2#section,www.FORUM.EXAMPLE,forum
C002191,M2-P062-SE-R2,B002,,https://independent-sleep.example/reviews/serein-sleep,independent-sleep.example,editorial
C000814,M1-P048-SE-R2,,,https://home-review.example/best-cooling-bedding,home-review.example,editorial
C001547,M2-P025-CH-R2,B005,,https://eucalune.example/products/eucalyptus-sheets,eucalune.example,owned
C000001,M1-P001-CH-R1,,,https://sleep-lab.example/guides/cooling-sheets,sleep-lab.example,editorial
C000958,M1-P057-CH-R2,,,https://home-review.example/best-cooling-bedding,home-review.example,editorial
C000701,M1-P041-AN-R2,B004,,https://restnest.example/products/value-cooling-set,restnest.example,owned
C001768,M2-P038-CH-R1,,,https://forum.example/r/hotsleepers/cooling-sheet-experiences,forum.example,forum
C001422,M2-P019-AN-R1,B003,,https://independent-sleep.example/reviews/arcticloom,independent-sleep.example,editorial
C001660,M2-P031-SE-R2,B005,,https://eucalune.example/products/eucalyptus-sheets,eucalune.example,owned
C000800,M1-P047-AN-R2,B002,,https://independent-sleep.example/reviews/serein-sleep,independent-sleep.example,editorial
C000230,M1-P014-CH-R1,,,https://forum.example/r/hotsleepers/cooling-sheet-experiences,forum.example,forum
C001091,M2-P001-AN-R1,,,https://sleep-lab.example/guides/cooling-sheets,sleep-lab.example,editorial
C000608,M1-P036-SE-R2,B003,,https://arcticloom.example/collections/cooling-tech,arcticloom.example,owned
C000480,M1-P028-SE-R1,B002,,https://sereinsleep.example/products/clean-cooling-sheets,sereinsleep.example,owned
C001964,M2-P050-CH-R2,B001,,https://astervale.example/products/cooling-sheet-set,astervale.example,owned
C001157,M2-P005-CH-R1,,,https://sleep-lab.example/guides/cooling-sheets,sleep-lab.example,editorial
C000220,M1-P013-SE-R2,,,https://sleep-lab.example/guides/cooling-sheets,sleep-lab.example,editorial
C000993,M1-P059-AN-R1,B001,,https://astervale.example/products/cooling-sheet-set,astervale.example,owned
C001482,M2-P022-CH-R2,B002,,https://sereinsleep.example/products/clean-cooling-sheets,sereinsleep.example,owned
C001808,M2-P040-SE-R1,,,https://sleep-lab.example/guides/cooling-sheets,sleep-lab.example,editorial
C000557,M1-P033-AN-R1,,,https://sleep-lab.example/guides/cooling-sheets,sleep-lab.example,editorial
C000782,M1-P047-CH-R1,,,https://sleep-lab.example/guides/cooling-sheets,sleep-lab.example,editorial
C001052,M1-P063-CH-R1,,,https://sleep-lab.example/guides/cooling-sheets,sleep-lab.example,editorial
C000484,M1-P028-AN-R1,B003,,https://arcticloom.example/collections/cooling-tech,arcticloom.example,owned
C001990,M2-P051-SE-R2,B004,,https://independent-sleep.example/reviews/restnest,independent-sleep.example,editorial
C001109,M2-P002-SE-R2,B003,,https://arcticloom.example/collections/cooling-tech,arcticloom.example,owned
C001550,M2-P025-SE-R1,B003,,https://arcticloom.example/collections/cooling-tech,arcticloom.example,owned
C002222,M2-P064-SE-R1,B001,,https://astervale.example/products/cooling-sheet-set,astervale.example,owned
C000348,M1-P020-SE-R2,B002,,https://sereinsleep.example/products/clean-cooling-sheets,sereinsleep.example,owned
C002150,M2-P060-SE-R2,B002,,https://sereinsleep.example/products/clean-cooling-sheets,sereinsleep.example,owned
C002140,M2-P060-CH-R2,B001,,https://astervale.example/products/cooling-sheet-set,astervale.example,owned
C002163,M2-P061-CH-R2,B005,,https://independent-sleep.example/reviews/eucalune,independent-sleep.example,editorial
C001703,M2-P034-CH-R2,,,https://sleep-lab.example/guides/cooling-sheets,sleep-lab.example,editorial
C001761,M2-P037-SE-R2,,,https://forum.example/r/hotsleepers/cooling-sheet-experiences,forum.example,forum
C000350,M1-P020-AN-R1,,,https://forum.example/r/hotsleepers/cooling-sheet-experiences,forum.example,forum
C002001,M2-P052-CH-R2,,,https://home-review.example/best-cooling-bedding,home-review.example,editorial
C000474,M1-P028-CH-R2,B002,,https://sereinsleep.example/products/clean-cooling-sheets,sereinsleep.example,owned
C001938,M2-P048-AN-R2,,,https://forum.example/r/hotsleepers/cooling-sheet-experiences,forum.example,forum
C000712,M1-P042-AN-R1,,,https://forum.example/r/hotsleepers/cooling-sheet-experiences,forum.example,forum
C000622,M1-P037-CH-R2,B004,,https://restnest.example/products/value-cooling-set,restnest.example,owned
C000041,M1-P003-CH-R2,,,https://home-review.example/best-cooling-bedding,home-review.example,editorial
C000669,M1-P040-CH-R1,,,https://sleep-lab.example/guides/cooling-sheets,sleep-lab.example,editorial
C000388,M1-P022-AN-R1,B003,,https://independent-sleep.example/reviews/arcticloom,independent-sleep.example,editorial
C001217,M2-P008-SE-R1,B004,,https://restnest.example/products/value-cooling-set,restnest.example,owned
C000133,M1-P009-CH-R1,,,https://forum.example/r/hotsleepers/cooling-sheet-experiences,forum.example,forum
C000111,M1-P007-SE-R2,B005,,https://independent-sleep.example/reviews/eucalune,independent-sleep.example,editorial
C001131,M2-P003-AN-R1,B004,,https://restnest.example/products/value-cooling-set,restnest.example,owned
C002135,M2-P060-CH-R1,B004,,https://restnest.example/products/value-cooling-set,restnest.example,owned
C000374,M1-P021-AN-R2,,,https://sleep-lab.example/guides/cooling-sheets,sleep-lab.example,editorial
C001174,M2-P006-CH-R1,,,https://sleep-lab.example/guides/cooling-sheets,sleep-lab.example,editorial
C000368,M1-P021-SE-R2,B005,,https://eucalune.example/products/eucalyptus-sheets,eucalune.example,owned
C001222,M2-P008-SE-R2,B003,,https://arcticloom.example/collections/cooling-tech,arcticloom.example,owned
C001935,M2-P048-SE-R2,B004,,https://restnest.example/products/value-cooling-set,restnest.example,owned
C001441,M2-P020-AN-R1,,,https://forum.example/r/hotsleepers/cooling-sheet-experiences,forum.example,forum
C001474,M2-P021-AN-R2,B005,,https://eucalune.example/products/eucalyptus-sheets,eucalune.example,owned
C002000,M2-P052-CH-R1,B001,,https://astervale.example/products/cooling-sheet-set,astervale.example,owned
C000364,M1-P021-SE-R1,B004,,https://restnest.example/products/value-cooling-set,restnest.example,owned
C000821,M1-P048-AN-R2,B004,,https://restnest.example/products/value-cooling-set,restnest.example,owned
C001189,M2-P006-SE-R2,B002,,https://independent-sleep.example/reviews/serein-sleep,independent-sleep.example,editorial
C001868,M2-P044-SE-R2,B002,,https://sereinsleep.example/products/clean-cooling-sheets,sereinsleep.example,owned
C002128,M2-P059-AN-R2,,,https://sleep-lab.example/guides/cooling-sheets,sleep-lab.example,editorial
C002225,M2-P064-SE-R2,B001,,https://astervale.example/products/cooling-sheet-set,astervale.example,owned
C000049,M1-P003-SE-R2,,,https://sleep-lab.example/guides/cooling-sheets,sleep-lab.example,editorial
C001836,M2-P042-SE-R2,,,https://forum.example/r/hotsleepers/cooling-sheet-experiences,forum.example,forum
C001032,M1-P061-AN-R2,B001,,https://astervale.example/products/cooling-sheet-set,astervale.example,owned
C000254,M1-P015-CH-R1,B001,,https://independent-sleep.example/reviews/astervale,independent-sleep.example,editorial
C000357,M1-P021-CH-R1,,,https://home-review.example/best-cooling-bedding,home-review.example,editorial
C002253,M1-P017-AN-R1,,,HTTPS://forum.example/r/hotsleepers/cooling-sheet-experiences/?utm_source=audit&utm_campaign=m2#section,forum.example,forum
C001300,M2-P012-AN-R2,,,https://forum.example/r/hotsleepers/cooling-sheet-experiences,forum.example,forum
C002149,M2-P060-SE-R2,B003,,https://arcticloom.example/collections/cooling-tech,arcticloom.example,owned
C001435,M2-P020-SE-R1,B004,,https://restnest.example/products/value-cooling-set,restnest.example,owned
C000450,M1-P026-SE-R2,,,https://home-review.example/best-cooling-bedding,home-review.example,editorial
C001844,M2-P042-AN-R2,B005,,https://eucalune.example/products/eucalyptus-sheets,eucalune.example,owned
C000381,M1-P022-SE-R1,B005,,https://independent-sleep.example/reviews/eucalune,independent-sleep.example,editorial
C002044,M2-P054-AN-R1,B004,,https://restnest.example/products/value-cooling-set,restnest.example,owned
C001661,M2-P031-SE-R2,B005,,https://independent-sleep.example/reviews/eucalune,independent-sleep.example,editorial
C001946,M2-P049-SE-R1,,,https://home-review.example/best-cooling-bedding,home-review.example,editorial
BAD001,M2-P045-AN-R2,B001,,not a url,astervale.example,owned
C001534,M2-P024-SE-R2,B005,,https://independent-sleep.example/reviews/eucalune,independent-sleep.example,editorial
C000751,M1-P045-SE-R1,,,https://forum.example/r/hotsleepers/cooling-sheet-experiences,forum.example,forum
C002059,M2-P055-AN-R1,,,https://home-review.example/best-cooling-bedding,home-review.example,editorial
C000771,M1-P046-SE-R1,B004,,https://independent-sleep.example/reviews/restnest,independent-sleep.example,editorial
C000244,M1-P014-AN-R1,B002,,https://sereinsleep.example/products/clean-cooling-sheets,sereinsleep.example,owned
C002016,M2-P053-CH-R2,,,https://sleep-lab.example/guides/cooling-sheets,sleep-lab.example,editorial
C001963,M2-P050-CH-R2,,,https://home-review.example/best-cooling-bedding,home-review.example,editorial
C000729,M1-P044-CH-R1,,,https://forum.example/r/hotsleepers/cooling-sheet-experiences,forum.example,forum
C000436,M1-P025-SE-R2,B002,,https://independent-sleep.example/reviews/serein-sleep,independent-sleep.example,editorial
C001752,M2-P037-CH-R1,B003,,https://arcticloom.example/collections/cooling-tech,arcticloom.example,owned
C001765,M2-P037-AN-R1,B002,,https://independent-sleep.example/reviews/serein-sleep,independent-sleep.example,editorial
C001165,M2-P005-SE-R1,,,https://home-review.example/best-cooling-bedding,home-review.example,editorial
C000794,M1-P047-AN-R1,,,https://forum.example/r/hotsleepers/cooling-sheet-experiences,forum.example,forum
C001802,M2-P040-CH-R1,,,https://forum.example/r/hotsleepers/cooling-sheet-experiences,forum.example,forum
C002104,M2-P058-SE-R2,B001,,https://astervale.example/products/cooling-sheet-set,astervale.example,owned
C000584,M1-P035-CH-R1,,,https://forum.example/r/hotsleepers/cooling-sheet-experiences,forum.example,forum
C001983,M2-P051-SE-R1,B001,,https://astervale.example/products/cooling-sheet-set,astervale.example,owned
C001124,M2-P003-CH-R2,B001,,https://astervale.example/products/cooling-sheet-set,astervale.example,owned
C001288,M2-P012-CH-R1,,,https://home-review.example/best-cooling-bedding,home-review.example,editorial
C001178,M2-P006-CH-R2,,,https://home-review.example/best-cooling-bedding,home-review.example,editorial
C001902,M2-P046-AN-R1,B005,,https://eucalune.example/products/eucalyptus-sheets,eucalune.example,owned
C000256,M1-P015-CH-R2,,,https://home-review.example/best-cooling-bedding,home-review.example,editorial
C000399,M1-P023-SE-R1,B002,,https://sereinsleep.example/products/clean-cooling-sheets,sereinsleep.example,owned
C001008,M1-P060-SE-R2,,,https://forum.example/r/hotsleepers/cooling-sheet-experiences,forum.example,forum
C001587,M2-P027-SE-R1,,,https://forum.example/r/hotsleepers/cooling-sheet-experiences,forum.example,forum
C000583,M1-P035-CH-R1,,,https://home-review.example/best-cooling-bedding,home-review.example,editorial
C001306,M2-P013-CH-R1,B002,,https://sereinsleep.example/products/clean-cooling-sheets,sereinsleep.example,owned
C001916,M2-P047-SE-R1,B003,,https://independent-sleep.example/reviews/arcticloom,independent-sleep.example,editorial
C001107,M2-P002-SE-R2,B001,,https://astervale.example/products/cooling-sheet-set,astervale.example,owned
C002004,M2-P052-CH-R2,B002,,https://independent-sleep.example/reviews/serein-sleep,independent-sleep.example,editorial
C000921,M1-P054-AN-R1,B003,,https://independent-sleep.example/reviews/arcticloom,independent-sleep.example,editorial
C001987,M2-P051-SE-R2,,,https://home-review.example/best-cooling-bedding,home-review.example,editorial
C000562,M1-P033-AN-R2,,,https://home-review.example/best-cooling-bedding,home-review.example,editorial
C001568,M2-P026-CH-R2,B003,,https://arcticloom.example/collections/cooling-tech,arcticloom.example,owned
C001201,M2-P007-SE-R1,B001,,https://astervale.example/products/cooling-sheet-set,astervale.example,owned
C001861,M2-P044-CH-R1,B005,,https://eucalune.example/products/eucalyptus-sheets,eucalune.example,owned
C000351,M1-P020-AN-R1,B003,,https://arcticloom.example/collections/cooling-tech,arcticloom.example,owned
C000935,M1-P055-SE-R2,,,https://forum.example/r/hotsleepers/cooling-sheet-experiences,forum.example,forum
C000441,M1-P026-CH-R1,,,https://sleep-lab.example/guides/cooling-sheets,sleep-lab.example,editorial
C000974,M1-P058-SE-R1,B003,,https://independent-sleep.example/reviews/arcticloom,independent-sleep.example,editorial
C000907,M1-P054-CH-R1,,,https://sleep-lab.example/guides/cooling-sheets,sleep-lab.example,editorial
C000512,M1-P030-SE-R2,B005,,https://independent-sleep.example/reviews/eucalune,independent-sleep.example,editorial
C002048,M2-P055-CH-R1,,,https://home-review.example/best-cooling-bedding,home-review.example,editorial
C002028,M2-P053-AN-R1,B002,,https://sereinsleep.example/products/clean-cooling-sheets,sereinsleep.example,owned
C001046,M1-P062-AN-R1,B004,,https://restnest.example/products/value-cooling-set,restnest.example,owned
C002209,M2-P063-AN-R2,,,https://sleep-lab.example/guides/cooling-sheets,sleep-lab.example,editorial
C000264,M1-P015-AN-R1,B002,,https://independent-sleep.example/reviews/serein-sleep,independent-sleep.example,editorial
C001434,M2-P020-SE-R1,B002,,https://sereinsleep.example/products/clean-cooling-sheets,sereinsleep.example,owned
C002219,M2-P064-CH-R2,B002,,https://independent-sleep.example/reviews/serein-sleep,independent-sleep.example,editorial
C001057,M1-P063-SE-R1,B001,,https://astervale.example/products/cooling-sheet-set,astervale.example,owned
C000926,M1-P055-CH-R1,B001,,https://astervale.example/products/cooling-sheet-set,astervale.example,owned
C001365,M2-P016-AN-R1,,,https://forum.example/r/hotsleepers/cooling-sheet-experiences,forum.example,forum
C000452,M1-P026-AN-R1,,,https://home-review.example/best-cooling-bedding,home-review.example,editorial
C001457,M2-P021-CH-R2,,,https://forum.example/r/hotsleepers/cooling-sheet-experiences,forum.example,forum
C000279,M1-P016-AN-R2,,,https://home-review.example/best-cooling-bedding,home-review.example,editorial
C001533,M2-P024-SE-R2,B005,,https://eucalune.example/products/eucalyptus-sheets,eucalune.example,owned
C001680,M2-P032-AN-R1,B002,,https://independent-sleep.example/reviews/serein-sleep,independent-sleep.example,editorial
C001095,M2-P001-AN-R2,B005,,https://eucalune.example/products/eucalyptus-sheets,eucalune.example,owned
C002210,M2-P063-AN-R2,,,https://forum.example/r/hotsleepers/cooling-sheet-experiences,forum.example,forum
C001343,M2-P015-CH-R2,B003,,https://arcticloom.example/collections/cooling-tech,arcticloom.example,owned
C002235,M2-P064-AN-R2,B003,,https://independent-sleep.example/reviews/arcticloom,independent-sleep.example,editorial
C001128,M2-P003-SE-R2,,,https://forum.example/r/hotsleepers/cooling-sheet-experiences,forum.example,forum
C001559,M2-P025-AN-R2,B003,,https://arcticloom.example/collections/cooling-tech,arcticloom.example,owned
C001164,M2-P005-SE-R1,,,https://sleep-lab.example/guides/cooling-sheets,sleep-lab.example,editorial
C001403,M2-P018-AN-R1,,,https://home-review.example/best-cooling-bedding,home-review.example,editorial
C002117,M2-P059-CH-R1,B001,,https://astervale.example/products/cooling-sheet-set,astervale.example,owned
C001232,M2-P009-CH-R1,B003,,https://arcticloom.example/collections/cooling-tech,arcticloom.example,owned
C001287,M2-P012-CH-R1,,,https://sleep-lab.example/guides/cooling-sheets,sleep-lab.example,editorial
C001799,M2-P039-AN-R1,B004,,https://independent-sleep.example/reviews/restnest,independent-sleep.example,editorial
C000260,M1-P015-SE-R1,,,https://sleep-lab.example/guides/cooling-sheets,sleep-lab.example,editorial
C001368,M2-P016-AN-R1,B002,,https://sereinsleep.example/products/clean-cooling-sheets,sereinsleep.example,owned
C000121,M1-P008-CH-R1,B002,,https://independent-sleep.example/reviews/serein-sleep,independent-sleep.example,editorial
C001011,M1-P060-SE-R2,B004,,https://restnest.example/products/value-cooling-set,restnest.example,owned
C000750,M1-P045-CH-R2,B003,,https://arcticloom.example/collections/cooling-tech,arcticloom.example,owned
C002205,M2-P063-SE-R1,,,https://sleep-lab.example/guides/cooling-sheets,sleep-lab.example,editorial
C001607,M2-P028-SE-R1,,,https://home-review.example/best-cooling-bedding,home-review.example,editorial
C000616,M1-P037-CH-R1,,,https://sleep-lab.example/guides/cooling-sheets,sleep-lab.example,editorial
C001773,M2-P038-CH-R2,,,https://home-review.example/best-cooling-bedding,home-review.example,editorial
C000363,M1-P021-SE-R1,B005,,https://independent-sleep.example/reviews/eucalune,independent-sleep.example,editorial
C001860,M2-P044-CH-R1,,,https://sleep-lab.example/guides/cooling-sheets,sleep-lab.example,editorial
C001846,M2-P043-CH-R1,,,https://forum.example/r/hotsleepers/cooling-sheet-experiences,forum.example,forum
C000018,M1-P002-CH-R1,,,https://sleep-lab.example/guides/cooling-sheets,sleep-lab.example,editorial
C001988,M2-P051-SE-R2,B001,,https://astervale.example/products/cooling-sheet-set,astervale.example,owned
C001286,M2-P011-AN-R2,B002,,https://sereinsleep.example/products/clean-cooling-sheets,sereinsleep.example,owned
C000253,M1-P015-CH-R1,B001,,https://astervale.example/products/cooling-sheet-set,astervale.example,owned
C000939,M1-P055-AN-R2,,,https://forum.example/r/hotsleepers/cooling-sheet-experiences,forum.example,forum
C001664,M2-P031-AN-R1,B003,,https://arcticloom.example/collections/cooling-tech,arcticloom.example,owned
C001834,M2-P042-SE-R1,B002,,https://sereinsleep.example/products/clean-cooling-sheets,sereinsleep.example,owned
C000737,M1-P044-SE-R1,,,https://sleep-lab.example/guides/cooling-sheets,sleep-lab.example,editorial
C000700,M1-P041-AN-R2,B002,,https://sereinsleep.example/products/clean-cooling-sheets,sereinsleep.example,owned
C002203,M2-P063-CH-R2,,,https://forum.example/r/hotsleepers/cooling-sheet-experiences,forum.example,forum
C001394,M2-P018-CH-R2,,,https://home-review.example/best-cooling-bedding,home-review.example,editorial
C001720,M2-P035-CH-R2,,,https://home-review.example/best-cooling-bedding,home-review.example,editorial
C001456,M2-P021-CH-R1,B001,,https://independent-sleep.example/reviews/astervale,independent-sleep.example,editorial
C000567,M1-P034-CH-R2,B002,,https://sereinsleep.example/products/clean-cooling-sheets,sereinsleep.example,owned
C001875,M2-P045-SE-R1,,,https://home-review.example/best-cooling-bedding,home-review.example,editorial
C000159,M1-P010-CH-R2,B005,,https://eucalune.example/products/eucalyptus-sheets,eucalune.example,owned
C000990,M1-P059-SE-R2,B003,,https://arcticloom.example/collections/cooling-tech,arcticloom.example,owned
C000331,M1-P019-SE-R2,B005,,https://eucalune.example/products/eucalyptus-sheets,eucalune.example,owned
C001708,M2-P034-SE-R2,,,https://home-review.example/best-cooling-bedding,home-review.example,editorial
C001555,M2-P025-AN-R1,,,https://sleep-lab.example/guides/cooling-sheets,sleep-lab.example,editorial
C002134,M2-P060-CH-R1,B001,,https://astervale.example/products/cooling-sheet-set,astervale.example,owned
C000373,M1-P021-AN-R1,B003,,https://arcticloom.example/collections/cooling-tech,arcticloom.example,owned
C001038,M1-P062-SE-R1,,,https://forum.example/r/hotsleepers/cooling-sheet-experiences,forum.example,forum
C001471,M2-P021-AN-R1,B002,,https://independent-sleep.example/reviews/serein-sleep,independent-sleep.example,editorial
C000038,M1-P003-CH-R1,,,https://home-review.example/best-cooling-bedding,home-review.example,editorial
C001913,M2-P047-CH-R2,B002,,https://sereinsleep.example/products/clean-cooling-sheets,sereinsleep.example,owned
C001358,M2-P016-CH-R2,B005,,https://independent-sleep.example/reviews/eucalune,independent-sleep.example,editorial
C001791,M2-P039-SE-R1,B002,,https://sereinsleep.example/products/clean-cooling-sheets,sereinsleep.example,owned
C001258,M2-P010-SE-R2,,,https://sleep-lab.example/guides/cooling-sheets,sleep-lab.example,editorial
C001208,M2-P007-AN-R2,,,https://home-review.example/best-cooling-bedding,home-review.example,editorial
C000937,M1-P055-AN-R1,,,https://sleep-lab.example/guides/cooling-sheets,sleep-lab.example,editorial
C000673,M1-P040-CH-R1,B004,,https://independent-sleep.example/reviews/restnest,independent-sleep.example,editorial
C001967,M2-P050-SE-R2,,,https://forum.example/r/hotsleepers/cooling-sheet-experiences,forum.example,forum
C000537,M1-P032-CH-R1,,,https://home-review.example/best-cooling-bedding,home-review.example,editorial
C000031,M1-P002-AN-R1,,,https://sleep-lab.example/guides/cooling-sheets,sleep-lab.example,editorial
C001023,M1-P061-CH-R1,B002,,https://independent-sleep.example/reviews/serein-sleep,independent-sleep.example,editorial
C000143,M1-P009-SE-R1,B002,,https://independent-sleep.example/reviews/serein-sleep,independent-sleep.example,editorial
C000508,M1-P030-SE-R2,,,https://forum.example/r/hotsleepers/cooling-sheet-experiences,forum.example,forum
C000942,M1-P056-CH-R1,B002,,https://independent-sleep.example/reviews/serein-sleep,independent-sleep.example,editorial
C001330,M2-P014-SE-R1,,,https://sleep-lab.example/guides/cooling-sheets,sleep-lab.example,editorial
C000114,M1-P007-AN-R1,B002,,https://independent-sleep.example/reviews/serein-sleep,independent-sleep.example,editorial
C000104,M1-P007-CH-R1,,,https://forum.example/r/hotsleepers/cooling-sheet-experiences,forum.example,forum
C000042,M1-P003-CH-R2,,,https://sleep-lab.example/guides/cooling-sheets,sleep-lab.example,editorial
C000855,M1-P051-CH-R1,,,https://home-review.example/best-cooling-bedding,home-review.example,editorial
C002118,M2-P059-CH-R2,,,https://forum.example/r/hotsleepers/cooling-sheet-experiences,forum.example,forum
C001084,M2-P001-CH-R2,B002,,https://independent-sleep.example/reviews/serein-sleep,independent-sleep.example,editorial
C000659,M1-P039-SE-R1,B003,,https://independent-sleep.example/reviews/arcticloom,independent-sleep.example,editorial
C001831,M2-P042-CH-R2,B002,,https://independent-sleep.example/reviews/serein-sleep,independent-sleep.example,editorial
C001305,M2-P013-CH-R1,,,https://sleep-lab.example/guides/cooling-sheets,sleep-lab.example,editorial
C001713,M2-P034-AN-R1,,,https://home-review.example/best-cooling-bedding,home-review.example,editorial
C002094,M2-P058-CH-R1,,,https://sleep-lab.example/guides/cooling-sheets,sleep-lab.example,editorial
C000295,M1-P017-AN-R1,B004,,https://restnest.example/products/value-cooling-set,restnest.example,owned
C001975,M2-P051-CH-R1,,,https://home-review.example/best-cooling-bedding,home-review.example,editorial
C000571,M1-P034-SE-R1,,,https://home-review.example/best-cooling-bedding,home-review.example,editorial
C000696,M1-P041-SE-R2,,,https://sleep-lab.example/guides/cooling-sheets,sleep-lab.example,editorial
C000688,M1-P040-AN-R2,,,https://home-review.example/best-cooling-bedding,home-review.example,editorial
C002193,M2-P062-AN-R1,,,https://home-review.example/best-cooling-bedding,home-review.example,editorial
C000520,M1-P031-CH-R1,B001,,https://independent-sleep.example/reviews/astervale,independent-sleep.example,editorial
C002047,M2-P054-AN-R2,B001,,https://astervale.example/products/cooling-sheet-set,astervale.example,owned
C000209,M1-P012-AN-R2,B003,,https://arcticloom.example/collections/cooling-tech,arcticloom.example,owned
C001809,M2-P040-SE-R1,B003,,https://independent-sleep.example/reviews/arcticloom,independent-sleep.example,editorial
C000813,M1-P048-SE-R1,B004,,https://restnest.example/products/value-cooling-set,restnest.example,owned
C002208,M2-P063-AN-R1,,,https://forum.example/r/hotsleepers/cooling-sheet-experiences,forum.example,forum
C001756,M2-P037-CH-R2,B005,,https://independent-sleep.example/reviews/eucalune,independent-sleep.example,editorial
C000619,M1-P037-CH-R2,,,https://sleep-lab.example/guides/cooling-sheets,sleep-lab.example,editorial
C001307,M2-P013-CH-R2,,,https://sleep-lab.example/guides/cooling-sheets,sleep-lab.example,editorial
C000515,M1-P030-AN-R1,B003,,https://independent-sleep.example/reviews/arcticloom,independent-sleep.example,editorial
C001151,M2-P004-SE-R2,B004,,https://independent-sleep.example/reviews/restnest,independent-sleep.example,editorial
C001986,M2-P051-SE-R2,,,https://sleep-lab.example/guides/cooling-sheets,sleep-lab.example,editorial
C000963,M1-P057-SE-R2,,,https://forum.example/r/hotsleepers/cooling-sheet-experiences,forum.example,forum
C001407,M2-P018-AN-R2,B003,,https://arcticloom.example/collections/cooling-tech,arcticloom.example,owned
C001428,M2-P019-AN-R2,B001,,https://astervale.example/products/cooling-sheet-set,astervale.example,owned
C001622,M2-P029-CH-R1,B005,,https://eucalune.example/products/eucalyptus-sheets,eucalune.example,owned
C000289,M1-P017-SE-R2,,,https://home-review.example/best-cooling-bedding,home-review.example,editorial
C000342,M1-P020-CH-R2,B002,,https://sereinsleep.example/products/clean-cooling-sheets,sereinsleep.example,owned
C000718,M1-P043-CH-R1,B005,,https://eucalune.example/products/eucalyptus-sheets,eucalune.example,owned
C002266,M2-P015-CH-R2,B003,,HTTPS://arcticloom.example/collections/cooling-tech/?utm_source=audit&utm_campaign=m2#section,arcticloom.example,owned
C000722,M1-P043-SE-R1,B003,,https://arcticloom.example/collections/cooling-tech,arcticloom.example,owned
C001849,M2-P043-CH-R2,,,https://forum.example/r/hotsleepers/cooling-sheet-experiences,forum.example,forum
C001203,M2-P007-SE-R2,B002,,https://sereinsleep.example/products/clean-cooling-sheets,sereinsleep.example,owned
C001740,M2-P036-CH-R1,B001,,https://independent-sleep.example/reviews/astervale,independent-sleep.example,editorial
C001301,M2-P012-AN-R2,,,https://home-review.example/best-cooling-bedding,home-review.example,editorial
C001993,M2-P051-AN-R1,B001,,https://astervale.example/products/cooling-sheet-set,astervale.example,owned
C000783,M1-P047-CH-R1,B005,,https://independent-sleep.example/reviews/eucalune,independent-sleep.example,editorial
C000385,M1-P022-SE-R2,B003,,https://arcticloom.example/collections/cooling-tech,arcticloom.example,owned
C000785,M1-P047-CH-R2,,,https://forum.example/r/hotsleepers/cooling-sheet-experiences,forum.example,forum
C001731,M2-P035-SE-R2,B001,,https://astervale.example/products/cooling-sheet-set,astervale.example,owned
C000514,M1-P030-AN-R1,,,https://sleep-lab.example/guides/cooling-sheets,sleep-lab.example,editorial
C001049,M1-P062-AN-R2,B005,,https://eucalune.example/products/eucalyptus-sheets,eucalune.example,owned
C000924,M1-P055-CH-R1,,,https://forum.example/r/hotsleepers/cooling-sheet-experiences,forum.example,forum
C001517,M2-P023-AN-R1,B005,,https://independent-sleep.example/reviews/eucalune,independent-sleep.example,editorial
C001204,M2-P007-SE-R2,B002,,https://independent-sleep.example/reviews/serein-sleep,independent-sleep.example,editorial
C000691,M1-P041-CH-R1,B004,,https://independent-sleep.example/reviews/restnest,independent-sleep.example,editorial
C000135,M1-P009-CH-R2,,,https://forum.example/r/hotsleepers/cooling-sheet-experiences,forum.example,forum
C000335,M1-P019-AN-R2,,,https://sleep-lab.example/guides/cooling-sheets,sleep-lab.example,editorial
C001389,M2-P018-CH-R1,,,https://sleep-lab.example/guides/cooling-sheets,sleep-lab.example,editorial
C002197,M2-P062-AN-R2,,,https://sleep-lab.example/guides/cooling-sheets,sleep-lab.example,editorial
C001593,M2-P027-SE-R2,B002,,https://independent-sleep.example/reviews/serein-sleep,independent-sleep.example,editorial
C000936,M1-P055-SE-R2,B001,,https://astervale.example/products/cooling-sheet-set,astervale.example,owned
C000366,M1-P021-SE-R2,,,https://sleep-lab.example/guides/cooling-sheets,sleep-lab.example,editorial
C002066,M2-P056-CH-R1,B004,,https://restnest.example/products/value-cooling-set,restnest.example,owned
C001628,M2-P029-SE-R1,B004,,https://restnest.example/products/value-cooling-set,restnest.example,owned
C000917,M1-P054-AN-R1,,,https://home-review.example/best-cooling-bedding,home-review.example,editorial
C000528,M1-P031-SE-R2,,,https://sleep-lab.example/guides/cooling-sheets,sleep-lab.example,editorial
C001082,M2-P001-CH-R1,,,https://sleep-lab.example/guides/cooling-sheets,sleep-lab.example,editorial
C001837,M2-P042-SE-R2,B002,,https://independent-sleep.example/reviews/serein-sleep,independent-sleep.example,editorial
C000323,M1-P019-CH-R2,B004,,https://restnest.example/products/value-cooling-set,restnest.example,owned
C000020,M1-P002-CH-R1,B003,,https://independent-sleep.example/reviews/arcticloom,independent-sleep.example,editorial
C000763,M1-P046-CH-R1,,,https://home-review.example/best-cooling-bedding,home-review.example,editorial
C000228,M1-P013-AN-R2,B001,,https://independent-sleep.example/reviews/astervale,independent-sleep.example,editorial
C001707,M2-P034-SE-R2,,,https://forum.example/r/hotsleepers/cooling-sheet-experiences,forum.example,forum
C001378,M2-P017-SE-R1,B005,,https://independent-sleep.example/reviews/eucalune,independent-sleep.example,editorial
C000161,M1-P010-CH-R2,B004,,https://restnest.example/products/value-cooling-set,restnest.example,owned
C001140,M2-P004-CH-R2,,,https://home-review.example/best-cooling-bedding,home-review.example,editorial
C000709,M1-P042-SE-R1,B004,,https://restnest.example/products/value-cooling-set,restnest.example,owned
C002038,M2-P054-SE-R2,,,https://forum.example/r/hotsleepers/cooling-sheet-experiences,forum.example,forum
C001372,M2-P017-CH-R2,,,https://sleep-lab.example/guides/cooling-sheets,sleep-lab.example,editorial
C001446,M2-P020-AN-R1,B001,,https://independent-sleep.example/reviews/astervale,independent-sleep.example,editorial
C001615,M2-P028-AN-R2,B002,,https://independent-sleep.example/reviews/serein-sleep,independent-sleep.example,editorial
C001136,M2-P003-AN-R2,B005,,https://independent-sleep.example/reviews/eucalune,independent-sleep.example,editorial
C001671,M2-P032-CH-R2,B005,,https://eucalune.example/products/eucalyptus-sheets,eucalune.example,owned
C001469,M2-P021-AN-R1,,,https://forum.example/r/hotsleepers/cooling-sheet-experiences,forum.example,forum
C000400,M1-P023-SE-R2,,,https://forum.example/r/hotsleepers/cooling-sheet-experiences,forum.example,forum
C002142,M2-P060-SE-R1,B001,,https://independent-sleep.example/reviews/astervale,independent-sleep.example,editorial
C001742,M2-P036-CH-R2,B003,,https://arcticloom.example/collections/cooling-tech,arcticloom.example,owned
C001007,M1-P060-SE-R1,,,https://sleep-lab.example/guides/cooling-sheets,sleep-lab.example,editorial
C001578,M2-P027-CH-R1,,,https://home-review.example/best-cooling-bedding,home-review.example,editorial
C001391,M2-P018-CH-R1,B002,,https://independent-sleep.example/reviews/serein-sleep,independent-sleep.example,editorial
C000897,M1-P053-SE-R1,B001,,https://astervale.example/products/cooling-sheet-set,astervale.example,owned
C002119,M2-P059-CH-R2,,,https://sleep-lab.example/guides/cooling-sheets,sleep-lab.example,editorial
C000874,M1-P052-CH-R1,,,https://forum.example/r/hotsleepers/cooling-sheet-experiences,forum.example,forum
C001941,M2-P049-CH-R1,,,https://forum.example/r/hotsleepers/cooling-sheet-experiences,forum.example,forum
C000678,M1-P040-SE-R1,,,https://home-review.example/best-cooling-bedding,home-review.example,editorial
C000140,M1-P009-SE-R1,,,https://home-review.example/best-cooling-bedding,home-review.example,editorial
C001753,M2-P037-CH-R1,B004,,https://independent-sleep.example/reviews/restnest,independent-sleep.example,editorial
C002245,M1-P025-CH-R2,,,HTTPS://forum.example/r/hotsleepers/cooling-sheet-experiences/?utm_source=audit&utm_campaign=m2#section,forum.example,forum
C001944,M2-P049-CH-R2,,,https://forum.example/r/hotsleepers/cooling-sheet-experiences,forum.example,forum
C001771,M2-P038-CH-R1,B003,,https://arcticloom.example/collections/cooling-tech,arcticloom.example,owned
C000948,M1-P056-SE-R2,,,https://home-review.example/best-cooling-bedding,home-review.example,editorial
C000026,M1-P002-SE-R1,B003,,https://independent-sleep.example/reviews/arcticloom,independent-sleep.example,editorial
C000298,M1-P018-CH-R1,,,https://sleep-lab.example/guides/cooling-sheets,sleep-lab.example,editorial
C000535,M1-P031-AN-R2,,,https://home-review.example/best-cooling-bedding,home-review.example,editorial
C001310,M2-P013-CH-R2,B001,,https://astervale.example/products/cooling-sheet-set,astervale.example,owned
C001239,M2-P009-SE-R2,,,https://home-review.example/best-cooling-bedding,home-review.example,editorial
C000073,M1-P004-AN-R2,B003,,https://arcticloom.example/collections/cooling-tech,arcticloom.example,owned
C001936,M2-P048-SE-R2,B001,,https://independent-sleep.example/reviews/astervale,independent-sleep.example,editorial
C001884,M2-P045-AN-R1,B005,,https://eucalune.example/products/eucalyptus-sheets,eucalune.example,owned
C000900,M1-P053-SE-R2,B001,,https://astervale.example/products/cooling-sheet-set,astervale.example,owned
C001329,M2-P014-CH-R2,B005,,https://independent-sleep.example/reviews/eucalune,independent-sleep.example,editorial
C000566,M1-P034-CH-R2,,,https://forum.example/r/hotsleepers/cooling-sheet-experiences,forum.example,forum
C001852,M2-P043-SE-R1,,,https://forum.example/r/hotsleepers/cooling-sheet-experiences,forum.example,forum
C000127,M1-P008-SE-R2,,,https://forum.example/r/hotsleepers/cooling-sheet-experiences,forum.example,forum
C002260,M1-P025-SE-R2,B004,,HTTPS://restnest.example/products/value-cooling-set/?utm_source=audit&utm_campaign=m2#section,restnest.example,owned
C000808,M1-P048-CH-R2,B002,,https://independent-sleep.example/reviews/serein-sleep,independent-sleep.example,editorial
C001879,M2-P045-SE-R2,,,https://sleep-lab.example/guides/cooling-sheets,sleep-lab.example,editorial
C001863,M2-P044-CH-R2,,,https://home-review.example/best-cooling-bedding,home-review.example,editorial
C002259,M1-P038-SE-R1,B004,,HTTPS://restnest.example/products/value-cooling-set/?utm_source=audit&utm_campaign=m2#section,restnest.example,owned
C001110,M2-P002-AN-R1,,,https://forum.example/r/hotsleepers/cooling-sheet-experiences,forum.example,forum
C001907,M2-P047-CH-R1,,,https://home-review.example/best-cooling-bedding,home-review.example,editorial
C000516,M1-P030-AN-R2,,,https://home-review.example/best-cooling-bedding,home-review.example,editorial
C000905,M1-P053-AN-R2,B002,,https://independent-sleep.example/reviews/serein-sleep,independent-sleep.example,editorial
C000796,M1-P047-AN-R1,B004,,https://restnest.example/products/value-cooling-set,restnest.example,owned
C002018,M2-P053-CH-R2,B001,,https://independent-sleep.example/reviews/astervale,independent-sleep.example,editorial
C000494,M1-P029-SE-R2,,,https://forum.example/r/hotsleepers/cooling-sheet-experiences,forum.example,forum
C000910,M1-P054-CH-R2,B004,,https://restnest.example/products/value-cooling-set,restnest.example,owned
C000650,M1-P038-AN-R2,,,https://home-review.example/best-cooling-bedding,home-review.example,editorial
C000882,M1-P052-AN-R1,,,https://forum.example/r/hotsleepers/cooling-sheet-experiences,forum.example,forum
C000280,M1-P016-AN-R2,,,https://sleep-lab.example/guides/cooling-sheets,sleep-lab.example,editorial
C000708,M1-P042-SE-R1,,,https://forum.example/r/hotsleepers/cooling-sheet-experiences,forum.example,forum
C000530,M1-P031-SE-R2,B005,,https://independent-sleep.example/reviews/eucalune,independent-sleep.example,editorial
C001931,M2-P048-CH-R2,,,https://home-review.example/best-cooling-bedding,home-review.example,editorial
C001721,M2-P035-CH-R2,,,https://forum.example/r/hotsleepers/cooling-sheet-experiences,forum.example,forum
C002167,M2-P061-SE-R2,,,https://forum.example/r/hotsleepers/cooling-sheet-experiences,forum.example,forum
C001453,M2-P021-CH-R1,,,https://forum.example/r/hotsleepers/cooling-sheet-experiences,forum.example,forum
C000148,M1-P009-AN-R1,,,https://home-review.example/best-cooling-bedding,home-review.example,editorial
C001155,M2-P004-AN-R2,,,https://sleep-lab.example/guides/cooling-sheets,sleep-lab.example,editorial
C000084,M1-P005-AN-R1,B002,,https://independent-sleep.example/reviews/serein-sleep,independent-sleep.example,editorial
C002052,M2-P055-SE-R1,,,https://sleep-lab.example/guides/cooling-sheets,sleep-lab.example,editorial
C002258,M2-P033-CH-R1,,,HTTPS://www.HOME-REVIEW.EXAMPLE/best-cooling-bedding/?utm_source=audit&utm_campaign=m2#section,www.HOME-REVIEW.EXAMPLE,editorial
C000864,M1-P051-SE-R1,B001,,https://astervale.example/products/cooling-sheet-set,astervale.example,owned
C000762,M1-P045-AN-R2,B005,,https://independent-sleep.example/reviews/eucalune,independent-sleep.example,editorial
C000421,M1-P024-AN-R1,B003,,https://arcticloom.example/collections/cooling-tech,arcticloom.example,owned
C000216,M1-P013-SE-R1,,,https://home-review.example/best-cooling-bedding,home-review.example,editorial
C000142,M1-P009-SE-R1,B002,,https://sereinsleep.example/products/clean-cooling-sheets,sereinsleep.example,owned
C000839,M1-P050-CH-R1,,,https://forum.example/r/hotsleepers/cooling-sheet-experiences,forum.example,forum
C000702,M1-P042-CH-R1,,,https://sleep-lab.example/guides/cooling-sheets,sleep-lab.example,editorial
C001748,M2-P036-AN-R1,,,https://home-review.example/best-cooling-bedding,home-review.example,editorial
C002174,M2-P061-AN-R1,B001,,https://astervale.example/products/cooling-sheet-set,astervale.example,owned
C001380,M2-P017-SE-R2,,,https://forum.example/r/hotsleepers/cooling-sheet-experiences,forum.example,forum
C000398,M1-P023-SE-R1,,,https://forum.example/r/hotsleepers/cooling-sheet-experiences,forum.example,forum
C000482,M1-P028-SE-R2,B002,,https://independent-sleep.example/reviews/serein-sleep,independent-sleep.example,editorial
C000818,M1-P048-AN-R1,B005,,https://eucalune.example/products/eucalyptus-sheets,eucalune.example,owned
C002039,M2-P054-SE-R2,B001,,https://astervale.example/products/cooling-sheet-set,astervale.example,owned
C001452,M2-P021-CH-R1,,,https://sleep-lab.example/guides/cooling-sheets,sleep-lab.example,editorial
C001406,M2-P018-AN-R2,,,https://forum.example/r/hotsleepers/cooling-sheet-experiences,forum.example,forum
C000438,M1-P025-AN-R1,,,https://forum.example/r/hotsleepers/cooling-sheet-experiences,forum.example,forum
C001730,M2-P035-SE-R2,B005,,https://independent-sleep.example/reviews/eucalune,independent-sleep.example,editorial
C001129,M2-P003-SE-R2,B004,,https://independent-sleep.example/reviews/restnest,independent-sleep.example,editorial
C002065,M2-P056-CH-R1,B001,,https://astervale.example/products/cooling-sheet-set,astervale.example,owned
C001706,M2-P034-SE-R1,B002,,https://independent-sleep.example/reviews/serein-sleep,independent-sleep.example,editorial
C001929,M2-P048-CH-R1,,,https://sleep-lab.example/guides/cooling-sheets,sleep-lab.example,editorial
C000419,M1-P024-AN-R1,,,https://sleep-lab.example/guides/cooling-sheets,sleep-lab.example,editorial
C002194,M2-P062-AN-R1,B001,,https://astervale.example/products/cooling-sheet-set,astervale.example,owned
C000445,M1-P026-CH-R2,B002,,https://independent-sleep.example/reviews/serein-sleep,independent-sleep.example,editorial
C001135,M2-P003-AN-R2,,,https://forum.example/r/hotsleepers/cooling-sheet-experiences,forum.example,forum
C001076,M1-P064-AN-R1,,,https://home-review.example/best-cooling-bedding,home-review.example,editorial
C001444,M2-P020-AN-R1,B005,,https://eucalune.example/products/eucalyptus-sheets,eucalune.example,owned
C000675,M1-P040-CH-R2,,,https://home-review.example/best-cooling-bedding,home-review.example,editorial
C000180,M1-P011-SE-R2,B001,,https://independent-sleep.example/reviews/astervale,independent-sleep.example,editorial
C002107,M2-P058-AN-R1,,,https://forum.example/r/hotsleepers/cooling-sheet-experiences,forum.example,forum
C001918,M2-P047-SE-R2,,,https://home-review.example/best-cooling-bedding,home-review.example,editorial
C001774,M2-P038-CH-R2,,,https://sleep-lab.example/guides/cooling-sheets,sleep-lab.example,editorial
C000501,M1-P030-CH-R1,B002,,https://independent-sleep.example/reviews/serein-sleep,independent-sleep.example,editorial
C002201,M2-P063-CH-R1,B002,,https://sereinsleep.example/products/clean-cooling-sheets,sereinsleep.example,owned
C001965,M2-P050-SE-R1,,,https://home-review.example/best-cooling-bedding,home-review.example,editorial
C000257,M1-P015-CH-R2,B005,,https://independent-sleep.example/reviews/eucalune,independent-sleep.example,editorial
C000433,M1-P025-SE-R1,,,https://sleep-lab.example/guides/cooling-sheets,sleep-lab.example,editorial
C000175,M1-P011-CH-R1,,,https://sleep-lab.example/guides/cooling-sheets,sleep-lab.example,editorial
C001333,M2-P014-SE-R2,,,https://forum.example/r/hotsleepers/cooling-sheet-experiences,forum.example,forum
C002155,M2-P060-AN-R2,B001,,https://astervale.example/products/cooling-sheet-set,astervale.example,owned
C000063,M1-P004-SE-R1,B002,,https://sereinsleep.example/products/clean-cooling-sheets,sereinsleep.example,owned
C000844,M1-P050-SE-R1,,,https://home-review.example/best-cooling-bedding,home-review.example,editorial
C000352,M1-P020-AN-R1,B003,,https://independent-sleep.example/reviews/arcticloom,independent-sleep.example,editorial
C001177,M2-P006-CH-R1,B002,,https://sereinsleep.example/products/clean-cooling-sheets,sereinsleep.example,owned
C000592,M1-P035-SE-R2,B004,,https://independent-sleep.example/reviews/restnest,independent-sleep.example,editorial
C001732,M2-P035-AN-R1,,,https://forum.example/r/hotsleepers/cooling-sheet-experiences,forum.example,forum
C000648,M1-P038-AN-R1,B004,,https://independent-sleep.example/reviews/restnest,independent-sleep.example,editorial
C000607,M1-P036-SE-R2,B002,,https://sereinsleep.example/products/clean-cooling-sheets,sereinsleep.example,owned
C000344,M1-P020-SE-R1,,,https://sleep-lab.example/guides/cooling-sheets,sleep-lab.example,editorial
C000944,M1-P056-CH-R2,,,https://sleep-lab.example/guides/cooling-sheets,sleep-lab.example,editorial
C000915,M1-P054-SE-R2,B005,,https://independent-sleep.example/reviews/eucalune,independent-sleep.example,editorial
C000437,M1-P025-AN-R1,,,https://sleep-lab.example/guides/cooling-sheets,sleep-lab.example,editorial
C001302,M2-P012-AN-R2,B004,,https://restnest.example/products/value-cooling-set,restnest.example,owned
C000773,M1-P046-SE-R2,,,https://sleep-lab.example/guides/cooling-sheets,sleep-lab.example,editorial
C001675,M2-P032-SE-R1,B004,,https://independent-sleep.example/reviews/restnest,independent-sleep.example,editorial
C002234,M2-P064-AN-R2,B003,,https://arcticloom.example/collections/cooling-tech,arcticloom.example,owned
C000904,M1-P053-AN-R2,B001,,https://independent-sleep.example/reviews/astervale,independent-sleep.example,editorial
C000938,M1-P055-AN-R1,B002,,https://independent-sleep.example/reviews/serein-sleep,independent-sleep.example,editorial
C001191,M2-P006-AN-R1,B004,,https://independent-sleep.example/reviews/restnest,independent-sleep.example,editorial
C001514,M2-P023-AN-R1,,,https://sleep-lab.example/guides/cooling-sheets,sleep-lab.example,editorial
C001898,M2-P046-SE-R2,,,https://sleep-lab.example/guides/cooling-sheets,sleep-lab.example,editorial
C001848,M2-P043-CH-R2,,,https://sleep-lab.example/guides/cooling-sheets,sleep-lab.example,editorial
C002055,M2-P055-SE-R1,B002,,https://sereinsleep.example/products/clean-cooling-sheets,sereinsleep.example,owned
C001896,M2-P046-SE-R1,B003,,https://arcticloom.example/collections/cooling-tech,arcticloom.example,owned
C001585,M2-P027-CH-R2,B005,,https://eucalune.example/products/eucalyptus-sheets,eucalune.example,owned
C000465,M1-P027-AN-R1,,,https://sleep-lab.example/guides/cooling-sheets,sleep-lab.example,editorial
C002175,M2-P061-AN-R2,,,https://forum.example/r/hotsleepers/cooling-sheet-experiences,forum.example,forum
C000147,M1-P009-SE-R2,B004,,https://independent-sleep.example/reviews/restnest,independent-sleep.example,editorial
C001437,M2-P020-SE-R2,B002,,https://independent-sleep.example/reviews/serein-sleep,independent-sleep.example,editorial
C001899,M2-P046-SE-R2,,,https://home-review.example/best-cooling-bedding,home-review.example,editorial
C001477,M2-P022-CH-R1,B003,,https://arcticloom.example/collections/cooling-tech,arcticloom.example,owned
C000641,M1-P038-SE-R1,B003,,https://arcticloom.example/collections/cooling-tech,arcticloom.example,owned
C000919,M1-P054-AN-R1,B001,,https://astervale.example/products/cooling-sheet-set,astervale.example,owned
C002068,M2-P056-SE-R1,,,https://forum.example/r/hotsleepers/cooling-sheet-experiences,forum.example,forum
C000330,M1-P019-SE-R2,,,https://sleep-lab.example/guides/cooling-sheets,sleep-lab.example,editorial
C001906,M2-P047-CH-R1,,,https://forum.example/r/hotsleepers/cooling-sheet-experiences,forum.example,forum
C000164,M1-P010-SE-R1,B001,,https://independent-sleep.example/reviews/astervale,independent-sleep.example,editorial
C000989,M1-P059-SE-R2,,,https://forum.example/r/hotsleepers/cooling-sheet-experiences,forum.example,forum
C000859,M1-P051-CH-R2,B003,,https://arcticloom.example/collections/cooling-tech,arcticloom.example,owned
C001266,M2-P011-CH-R1,B004,,https://independent-sleep.example/reviews/restnest,independent-sleep.example,editorial
C002122,M2-P059-SE-R1,B002,,https://sereinsleep.example/products/clean-cooling-sheets,sereinsleep.example,owned
C002195,M2-P062-AN-R1,B001,,https://independent-sleep.example/reviews/astervale,independent-sleep.example,editorial
C000288,M1-P017-SE-R2,,,https://sleep-lab.example/guides/cooling-sheets,sleep-lab.example,editorial
C001780,M2-P038-AN-R2,,,https://sleep-lab.example/guides/cooling-sheets,sleep-lab.example,editorial
C002249,M2-P025-SE-R1,B004,,HTTPS://www.RESTNEST.EXAMPLE/products/value-cooling-set/?utm_source=audit&utm_campaign=m2#section,www.RESTNEST.EXAMPLE,owned
C002089,M2-P057-SE-R2,B005,,https://independent-sleep.example/reviews/eucalune,independent-sleep.example,editorial
C001825,M2-P041-AN-R1,,,https://home-review.example/best-cooling-bedding,home-review.example,editorial
C000888,M1-P052-AN-R2,B004,,https://restnest.example/products/value-cooling-set,restnest.example,owned
C001714,M2-P034-AN-R1,B003,,https://arcticloom.example/collections/cooling-tech,arcticloom.example,owned
C001692,M2-P033-SE-R2,B002,,https://sereinsleep.example/products/clean-cooling-sheets,sereinsleep.example,owned
C000203,M1-P012-AN-R1,B003,,https://arcticloom.example/collections/cooling-tech,arcticloom.example,owned
C001749,M2-P036-AN-R2,,,https://home-review.example/best-cooling-bedding,home-review.example,editorial
C000898,M1-P053-SE-R2,,,https://forum.example/r/hotsleepers/cooling-sheet-experiences,forum.example,forum
C000047,M1-P003-SE-R1,,,https://forum.example/r/hotsleepers/cooling-sheet-experiences,forum.example,forum
C000317,M1-P019-CH-R1,,,https://home-review.example/best-cooling-bedding,home-review.example,editorial
C001298,M2-P012-AN-R1,,,https://sleep-lab.example/guides/cooling-sheets,sleep-lab.example,editorial
C002239,M2-P023-SE-R2,,,HTTPS://sleep-lab.example/guides/cooling-sheets/?utm_source=audit&utm_campaign=m2#section,sleep-lab.example,editorial
C001475,M2-P022-CH-R1,,,https://forum.example/r/hotsleepers/cooling-sheet-experiences,forum.example,forum
C000549,M1-P033-CH-R1,,,https://sleep-lab.example/guides/cooling-sheets,sleep-lab.example,editorial
C000610,M1-P036-AN-R2,,,https://forum.example/r/hotsleepers/cooling-sheet-experiences,forum.example,forum
C000105,M1-P007-CH-R2,,,https://home-review.example/best-cooling-bedding,home-review.example,editorial
C001646,M2-P030-SE-R1,,,https://home-review.example/best-cooling-bedding,home-review.example,editorial
C000667,M1-P039-AN-R2,B003,,https://arcticloom.example/collections/cooling-tech,arcticloom.example,owned
C001903,M2-P046-AN-R2,,,https://forum.example/r/hotsleepers/cooling-sheet-experiences,forum.example,forum
C000602,M1-P036-CH-R2,,,https://home-review.example/best-cooling-bedding,home-review.example,editorial
C001543,M2-P025-CH-R1,,,https://forum.example/r/hotsleepers/cooling-sheet-experiences,forum.example,forum
C000711,M1-P042-SE-R2,,,https://home-review.example/best-cooling-bedding,home-review.example,editorial
C001309,M2-P013-CH-R2,B002,,https://independent-sleep.example/reviews/serein-sleep,independent-sleep.example,editorial
C001141,M2-P004-CH-R2,,,https://sleep-lab.example/guides/cooling-sheets,sleep-lab.example,editorial
C002129,M2-P059-AN-R2,B001,,https://astervale.example/products/cooling-sheet-set,astervale.example,owned
C001061,M1-P063-SE-R2,B004,,https://independent-sleep.example/reviews/restnest,independent-sleep.example,editorial
C001567,M2-P026-CH-R2,,,https://sleep-lab.example/guides/cooling-sheets,sleep-lab.example,editorial
C000027,M1-P002-SE-R2,,,https://forum.example/r/hotsleepers/cooling-sheet-experiences,forum.example,forum
C001338,M2-P014-AN-R1,B005,,https://eucalune.example/products/eucalyptus-sheets,eucalune.example,owned
C000415,M1-P024-SE-R1,,,https://home-review.example/best-cooling-bedding,home-review.example,editorial
C001613,M2-P028-AN-R1,,,https://home-review.example/best-cooling-bedding,home-review.example,editorial
C000235,M1-P014-SE-R1,,,https://home-review.example/best-cooling-bedding,home-review.example,editorial
C000490,M1-P029-CH-R1,B003,,https://independent-sleep.example/reviews/arcticloom,independent-sleep.example,editorial
C001145,M2-P004-CH-R2,B005,,https://eucalune.example/products/eucalyptus-sheets,eucalune.example,owned
C001645,M2-P030-CH-R2,,,https://forum.example/r/hotsleepers/cooling-sheet-experiences,forum.example,forum
C001381,M2-P017-SE-R2,B005,,https://eucalune.example/products/eucalyptus-sheets,eucalune.example,owned
C000574,M1-P034-SE-R2,,,https://forum.example/r/hotsleepers/cooling-sheet-experiences,forum.example,forum
C002202,M2-P063-CH-R2,,,https://sleep-lab.example/guides/cooling-sheets,sleep-lab.example,editorial
C000393,M1-P023-CH-R1,,,https://forum.example/r/hotsleepers/cooling-sheet-experiences,forum.example,forum
C000933,M1-P055-SE-R1,B002,,https://independent-sleep.example/reviews/serein-sleep,independent-sleep.example,editorial
C000341,M1-P020-CH-R2,B003,,https://arcticloom.example/collections/cooling-tech,arcticloom.example,owned
C001684,M2-P033-CH-R2,B005,,https://eucalune.example/products/eucalyptus-sheets,eucalune.example,owned
C000479,M1-P028-SE-R1,B005,,https://eucalune.example/products/eucalyptus-sheets,eucalune.example,owned
C001054,M1-P063-CH-R1,B001,,https://astervale.example/products/cooling-sheet-set,astervale.example,owned
C001785,M2-P039-CH-R1,B003,,https://arcticloom.example/collections/cooling-tech,arcticloom.example,owned
C001408,M2-P018-AN-R2,B002,,https://independent-sleep.example/reviews/serein-sleep,independent-sleep.example,editorial
C001950,M2-P049-SE-R2,,,https://sleep-lab.example/guides/cooling-sheets,sleep-lab.example,editorial
C000075,M1-P005-CH-R1,B004,,https://restnest.example/products/value-cooling-set,restnest.example,owned
C001711,M2-P034-SE-R2,B001,,https://independent-sleep.example/reviews/astervale,independent-sleep.example,editorial
C001815,M2-P040-AN-R2,,,https://sleep-lab.example/guides/cooling-sheets,sleep-lab.example,editorial
C002127,M2-P059-AN-R2,,,https://forum.example/r/hotsleepers/cooling-sheet-experiences,forum.example,forum
C001419,M2-P019-SE-R2,B001,,https://astervale.example/products/cooling-sheet-set,astervale.example,owned
C000969,M1-P058-CH-R2,B001,,https://astervale.example/products/cooling-sheet-set,astervale.example,owned
C000083,M1-P005-AN-R1,,,https://forum.example/r/hotsleepers/cooling-sheet-experiences,forum.example,forum
C001121,M2-P003-CH-R2,B003,,https://arcticloom.example/collections/cooling-tech,arcticloom.example,owned
C002015,M2-P053-CH-R1,B005,,https://eucalune.example/products/eucalyptus-sheets,eucalune.example,owned
C000895,M1-P053-SE-R1,,,https://home-review.example/best-cooling-bedding,home-review.example,editorial
C001973,M2-P050-AN-R2,,,https://home-review.example/best-cooling-bedding,home-review.example,editorial
C000308,M1-P018-SE-R2,B005,,https://eucalune.example/products/eucalyptus-sheets,eucalune.example,owned
C002031,M2-P054-CH-R1,B001,,https://astervale.example/products/cooling-sheet-set,astervale.example,owned
C002136,M2-P060-CH-R1,B004,,https://independent-sleep.example/reviews/restnest,independent-sleep.example,editorial
C000168,M1-P010-AN-R1,,,https://home-review.example/best-cooling-bedding,home-review.example,editorial
C001639,M2-P029-AN-R1,B005,,https://eucalune.example/products/eucalyptus-sheets,eucalune.example,owned
C000861,M1-P051-CH-R2,B004,,https://restnest.example/products/value-cooling-set,restnest.example,owned
C002060,M2-P055-AN-R1,B001,,https://astervale.example/products/cooling-sheet-set,astervale.example,owned
C001152,M2-P004-AN-R1,,,https://forum.example/r/hotsleepers/cooling-sheet-experiences,forum.example,forum
C000741,M1-P044-SE-R2,B003,,https://independent-sleep.example/reviews/arcticloom,independent-sleep.example,editorial
C000595,M1-P035-AN-R1,,,https://forum.example/r/hotsleepers/cooling-sheet-experiences,forum.example,forum
C001556,M2-P025-AN-R1,B003,,https://arcticloom.example/collections/cooling-tech,arcticloom.example,owned
C000772,M1-P046-SE-R2,,,https://home-review.example/best-cooling-bedding,home-review.example,editorial
C001608,M2-P028-SE-R1,B005,,https://independent-sleep.example/reviews/eucalune,independent-sleep.example,editorial
C001414,M2-P019-CH-R2,,,https://home-review.example/best-cooling-bedding,home-review.example,editorial
C001264,M2-P011-CH-R1,B005,,https://eucalune.example/products/eucalyptus-sheets,eucalune.example,owned
C001540,M2-P024-AN-R1,B004,,https://independent-sleep.example/reviews/restnest,independent-sleep.example,editorial
C001525,M2-P024-CH-R1,B003,,https://independent-sleep.example/reviews/arcticloom,independent-sleep.example,editorial
C002188,M2-P062-SE-R2,,,https://sleep-lab.example/guides/cooling-sheets,sleep-lab.example,editorial
C001820,M2-P041-SE-R1,B004,,https://restnest.example/products/value-cooling-set,restnest.example,owned
C000134,M1-P009-CH-R2,,,https://sleep-lab.example/guides/cooling-sheets,sleep-lab.example,editorial
C000523,M1-P031-CH-R2,B002,,https://independent-sleep.example/reviews/serein-sleep,independent-sleep.example,editorial
C000103,M1-P006-AN-R2,B005,,https://eucalune.example/products/eucalyptus-sheets,eucalune.example,owned
C001366,M2-P016-AN-R1,,,https://sleep-lab.example/guides/cooling-sheets,sleep-lab.example,editorial
C000102,M1-P006-AN-R2,,,https://home-review.example/best-cooling-bedding,home-review.example,editorial
C001334,M2-P014-SE-R2,B004,,https://independent-sleep.example/reviews/restnest,independent-sleep.example,editorial
C000141,M1-P009-SE-R1,B003,,https://independent-sleep.example/reviews/arcticloom,independent-sleep.example,editorial
C001370,M2-P016-AN-R2,,,https://sleep-lab.example/guides/cooling-sheets,sleep-lab.example,editorial
C001996,M2-P051-AN-R2,,,https://sleep-lab.example/guides/cooling-sheets,sleep-lab.example,editorial
C000906,M1-P054-CH-R1,,,https://home-review.example/best-cooling-bedding,home-review.example,editorial
C000214,M1-P013-CH-R1,B003,,https://arcticloom.example/collections/cooling-tech,arcticloom.example,owned
C001078,M1-P064-AN-R2,,,https://sleep-lab.example/guides/cooling-sheets,sleep-lab.example,editorial
C000062,M1-P004-SE-R1,,,https://forum.example/r/hotsleepers/cooling-sheet-experiences,forum.example,forum
C000453,M1-P026-AN-R2,,,https://sleep-lab.example/guides/cooling-sheets,sleep-lab.example,editorial
C001811,M2-P040-SE-R2,B002,,https://independent-sleep.example/reviews/serein-sleep,independent-sleep.example,editorial
C000997,M1-P059-AN-R2,B001,,https://astervale.example/products/cooling-sheet-set,astervale.example,owned
C001694,M2-P033-AN-R1,,,https://home-review.example/best-cooling-bedding,home-review.example,editorial
C001048,M1-P062-AN-R2,B001,,https://astervale.example/products/cooling-sheet-set,astervale.example,owned
C002218,M2-P064-CH-R2,B001,,https://astervale.example/products/cooling-sheet-set,astervale.example,owned
C000966,M1-P058-CH-R1,,,https://forum.example/r/hotsleepers/cooling-sheet-experiences,forum.example,forum
C000378,M1-P022-CH-R1,B002,,https://sereinsleep.example/products/clean-cooling-sheets,sereinsleep.example,owned
C001900,M2-P046-SE-R2,B003,,https://arcticloom.example/collections/cooling-tech,arcticloom.example,owned
C001962,M2-P050-CH-R1,B002,,https://independent-sleep.example/reviews/serein-sleep,independent-sleep.example,editorial
C002008,M2-P052-AN-R1,,,https://home-review.example/best-cooling-bedding,home-review.example,editorial
C000005,M1-P001-CH-R2,,,https://sleep-lab.example/guides/cooling-sheets,sleep-lab.example,editorial
C000916,M1-P054-SE-R2,B004,,https://restnest.example/products/value-cooling-set,restnest.example,owned
C001098,M2-P002-CH-R1,B002,,https://sereinsleep.example/products/clean-cooling-sheets,sereinsleep.example,owned
C000769,M1-P046-SE-R1,,,https://forum.example/r/hotsleepers/cooling-sheet-experiences,forum.example,forum
C002017,M2-P053-CH-R2,B001,,https://astervale.example/products/cooling-sheet-set,astervale.example,owned
C001255,M2-P010-SE-R1,,,https://home-review.example/best-cooling-bedding,home-review.example,editorial
C000597,M1-P035-AN-R2,,,https://home-review.example/best-cooling-bedding,home-review.example,editorial
C001015,M1-P060-AN-R2,,,https://home-review.example/best-cooling-bedding,home-review.example,editorial
C001017,M1-P060-AN-R2,B001,,https://independent-sleep.example/reviews/astervale,independent-sleep.example,editorial
C002067,M2-P056-CH-R2,,,https://forum.example/r/hotsleepers/cooling-sheet-experiences,forum.example,forum
C000110,M1-P007-SE-R2,B005,,https://eucalune.example/products/eucalyptus-sheets,eucalune.example,owned
C001220,M2-P008-SE-R2,,,https://sleep-lab.example/guides/cooling-sheets,sleep-lab.example,editorial
C000513,M1-P030-SE-R2,B003,,https://arcticloom.example/collections/cooling-tech,arcticloom.example,owned
C000978,M1-P058-AN-R1,,,https://sleep-lab.example/guides/cooling-sheets,sleep-lab.example,editorial
C000320,M1-P019-CH-R2,,,https://home-review.example/best-cooling-bedding,home-review.example,editorial
C000188,M1-P012-CH-R1,,,https://home-review.example/best-cooling-bedding,home-review.example,editorial
C001606,M2-P028-CH-R2,B005,,https://eucalune.example/products/eucalyptus-sheets,eucalune.example,owned
C000922,M1-P054-AN-R2,,,https://home-review.example/best-cooling-bedding,home-review.example,editorial
C000019,M1-P002-CH-R1,B002,,https://sereinsleep.example/products/clean-cooling-sheets,sereinsleep.example,owned
C001777,M2-P038-SE-R2,,,https://sleep-lab.example/guides/cooling-sheets,sleep-lab.example,editorial
C000676,M1-P040-CH-R2,B005,,https://eucalune.example/products/eucalyptus-sheets,eucalune.example,owned
C000125,M1-P008-SE-R1,,,https://sleep-lab.example/guides/cooling-sheets,sleep-lab.example,editorial
C000488,M1-P028-AN-R2,B005,,https://eucalune.example/products/eucalyptus-sheets,eucalune.example,owned
C000809,M1-P048-CH-R2,B003,,https://arcticloom.example/collections/cooling-tech,arcticloom.example,owned
C000649,M1-P038-AN-R2,,,https://sleep-lab.example/guides/cooling-sheets,sleep-lab.example,editorial
C001960,M2-P050-CH-R1,,,https://forum.example/r/hotsleepers/cooling-sheet-experiences,forum.example,forum
C000876,M1-P052-CH-R2,,,https://sleep-lab.example/guides/cooling-sheets,sleep-lab.example,editorial
C000157,M1-P010-CH-R2,,,https://home-review.example/best-cooling-bedding,home-review.example,editorial
C002022,M2-P053-SE-R1,B001,,https://independent-sleep.example/reviews/astervale,independent-sleep.example,editorial
C001520,M2-P023-AN-R2,B002,,https://sereinsleep.example/products/clean-cooling-sheets,sereinsleep.example,owned
C001853,M2-P043-SE-R2,,,https://home-review.example/best-cooling-bedding,home-review.example,editorial
C000215,M1-P013-CH-R2,,,https://sleep-lab.example/guides/cooling-sheets,sleep-lab.example,editorial
C000349,M1-P020-AN-R1,,,https://sleep-lab.example/guides/cooling-sheets,sleep-lab.example,editorial
C001507,M2-P023-SE-R1,,,https://home-review.example/best-cooling-bedding,home-review.example,editorial
C002206,M2-P063-SE-R2,,,https://sleep-lab.example/guides/cooling-sheets,sleep-lab.example,editorial
C001609,M2-P028-SE-R1,B003,,https://independent-sleep.example/reviews/arcticloom,independent-sleep.example,editorial
C001003,M1-P060-CH-R2,,,https://forum.example/r/hotsleepers/cooling-sheet-experiences,forum.example,forum
C001630,M2-P029-SE-R1,B002,,https://independent-sleep.example/reviews/serein-sleep,independent-sleep.example,editorial
C001156,M2-P004-AN-R2,B004,,https://independent-sleep.example/reviews/restnest,independent-sleep.example,editorial
C000914,M1-P054-SE-R2,,,https://home-review.example/best-cooling-bedding,home-review.example,editorial
C001202,M2-P007-SE-R2,,,https://forum.example/r/hotsleepers/cooling-sheet-experiences,forum.example,forum
C000703,M1-P042-CH-R1,,,https://home-review.example/best-cooling-bedding,home-review.example,editorial
C001850,M2-P043-CH-R2,B001,,https://astervale.example/products/cooling-sheet-set,astervale.example,owned
C000964,M1-P057-AN-R1,,,https://home-review.example/best-cooling-bedding,home-review.example,editorial
C001483,M2-P022-CH-R2,B002,,https://independent-sleep.example/reviews/serein-sleep,independent-sleep.example,editorial
C001851,M2-P043-SE-R1,,,https://sleep-lab.example/guides/cooling-sheets,sleep-lab.example,editorial
C000954,M1-P057-CH-R1,,,https://home-review.example/best-cooling-bedding,home-review.example,editorial
C001137,M2-P004-CH-R1,,,https://home-review.example/best-cooling-bedding,home-review.example,editorial
C000486,M1-P028-AN-R2,,,https://forum.example/r/hotsleepers/cooling-sheet-experiences,forum.example,forum
C000045,M1-P003-CH-R2,B003,,https://arcticloom.example/collections/cooling-tech,arcticloom.example,owned
C002049,M2-P055-CH-R1,B001,,https://astervale.example/products/cooling-sheet-set,astervale.example,owned
C000683,M1-P040-AN-R1,,,https://sleep-lab.example/guides/cooling-sheets,sleep-lab.example,editorial
C001828,M2-P042-CH-R1,,,https://forum.example/r/hotsleepers/cooling-sheet-experiences,forum.example,forum
C000039,M1-P003-CH-R1,,,https://forum.example/r/hotsleepers/cooling-sheet-experiences,forum.example,forum
C000717,M1-P043-CH-R1,,,https://forum.example/r/hotsleepers/cooling-sheet-experiences,forum.example,forum
C001623,M2-P029-CH-R2,,,https://forum.example/r/hotsleepers/cooling-sheet-experiences,forum.example,forum
C001658,M2-P031-SE-R1,,,https://home-review.example/best-cooling-bedding,home-review.example,editorial
C001468,M2-P021-SE-R2,B004,,https://restnest.example/products/value-cooling-set,restnest.example,owned
C001267,M2-P011-CH-R2,,,https://forum.example/r/hotsleepers/cooling-sheet-experiences,forum.example,forum
C000113,M1-P007-AN-R1,,,https://forum.example/r/hotsleepers/cooling-sheet-experiences,forum.example,forum
C000495,M1-P029-AN-R1,,,https://home-review.example/best-cooling-bedding,home-review.example,editorial
C002064,M2-P056-CH-R1,,,https://forum.example/r/hotsleepers/cooling-sheet-experiences,forum.example,forum
C001910,M2-P047-CH-R1,B001,,https://astervale.example/products/cooling-sheet-set,astervale.example,owned
C000739,M1-P044-SE-R2,,,https://forum.example/r/hotsleepers/cooling-sheet-experiences,forum.example,forum
C002164,M2-P061-SE-R1,,,https://forum.example/r/hotsleepers/cooling-sheet-experiences,forum.example,forum
C000432,M1-P025-SE-R1,,,https://forum.example/r/hotsleepers/cooling-sheet-experiences,forum.example,forum
C001276,M2-P011-SE-R2,,,https://forum.example/r/hotsleepers/cooling-sheet-experiences,forum.example,forum
C000998,M1-P059-AN-R2,B005,,https://eucalune.example/products/eucalyptus-sheets,eucalune.example,owned
C000956,M1-P057-CH-R1,B003,,https://arcticloom.example/collections/cooling-tech,arcticloom.example,owned
C000185,M1-P011-AN-R2,B002,,https://independent-sleep.example/reviews/serein-sleep,independent-sleep.example,editorial
C001436,M2-P020-SE-R2,,,https://sleep-lab.example/guides/cooling-sheets,sleep-lab.example,editorial
C001992,M2-P051-AN-R1,,,https://sleep-lab.example/guides/cooling-sheets,sleep-lab.example,editorial
C000100,M1-P006-AN-R1,,,https://home-review.example/best-cooling-bedding,home-review.example,editorial
C001573,M2-P026-AN-R1,,,https://sleep-lab.example/guides/cooling-sheets,sleep-lab.example,editorial
C000522,M1-P031-CH-R2,,,https://forum.example/r/hotsleepers/cooling-sheet-experiences,forum.example,forum
C000294,M1-P017-AN-R1,B003,,https://arcticloom.example/collections/cooling-tech,arcticloom.example,owned
C000290,M1-P017-SE-R2,B002,,https://sereinsleep.example/products/clean-cooling-sheets,sereinsleep.example,owned
C001154,M2-P004-AN-R2,,,https://forum.example/r/hotsleepers/cooling-sheet-experiences,forum.example,forum
C000212,M1-P013-CH-R1,B005,,https://eucalune.example/products/eucalyptus-sheets,eucalune.example,owned
C001724,M2-P035-CH-R2,B001,,https://astervale.example/products/cooling-sheet-set,astervale.example,owned
C000276,M1-P016-AN-R1,,,https://home-review.example/best-cooling-bedding,home-review.example,editorial
C001029,M1-P061-AN-R1,B002,,https://independent-sleep.example/reviews/serein-sleep,independent-sleep.example,editorial
C002160,M2-P061-CH-R2,,,https://home-review.example/best-cooling-bedding,home-review.example,editorial
C000868,M1-P051-AN-R1,B001,,https://astervale.example/products/cooling-sheet-set,astervale.example,owned
C000551,M1-P033-CH-R2,,,https://forum.example/r/hotsleepers/cooling-sheet-experiences,forum.example,forum
C000464,M1-P027-AN-R1,,,https://home-review.example/best-cooling-bedding,home-review.example,editorial
C000155,M1-P010-CH-R1,B004,,https://restnest.example/products/value-cooling-set,restnest.example,owned
C001064,M1-P063-AN-R1,B005,,https://eucalune.example/products/eucalyptus-sheets,eucalune.example,owned
C000032,M1-P002-AN-R1,B002,,https://sereinsleep.example/products/clean-cooling-sheets,sereinsleep.example,owned
C000582,M1-P034-AN-R2,B002,,https://independent-sleep.example/reviews/serein-sleep,independent-sleep.example,editorial
C002097,M2-P058-CH-R2,,,https://home-review.example/best-cooling-bedding,home-review.example,editorial
C000955,M1-P057-CH-R1,B002,,https://sereinsleep.example/products/clean-cooling-sheets,sereinsleep.example,owned
C001376,M2-P017-SE-R1,B004,,https://restnest.example/products/value-cooling-set,restnest.example,owned
C001206,M2-P007-AN-R1,,,https://home-review.example/best-cooling-bedding,home-review.example,editorial
C000406,M1-P023-AN-R1,B002,,https://sereinsleep.example/products/clean-cooling-sheets,sereinsleep.example,owned
C001659,M2-P031-SE-R2,,,https://forum.example/r/hotsleepers/cooling-sheet-experiences,forum.example,forum
C000543,M1-P032-SE-R1,,,https://home-review.example/best-cooling-bedding,home-review.example,editorial
C000493,M1-P029-SE-R1,,,https://sleep-lab.example/guides/cooling-sheets,sleep-lab.example,editorial
C000804,M1-P048-CH-R1,B005,,https://eucalune.example/products/eucalyptus-sheets,eucalune.example,owned
C001676,M2-P032-SE-R2,,,https://home-review.example/best-cooling-bedding,home-review.example,editorial
C000085,M1-P005-AN-R2,,,https://home-review.example/best-cooling-bedding,home-review.example,editorial
C002002,M2-P052-CH-R2,B001,,https://astervale.example/products/cooling-sheet-set,astervale.example,owned
C001862,M2-P044-CH-R2,,,https://sleep-lab.example/guides/cooling-sheets,sleep-lab.example,editorial
C000198,M1-P012-SE-R2,B005,,https://eucalune.example/products/eucalyptus-sheets,eucalune.example,owned
C000375,M1-P021-AN-R2,,,https://home-review.example/best-cooling-bedding,home-review.example,editorial
C000621,M1-P037-CH-R2,B002,,https://independent-sleep.example/reviews/serein-sleep,independent-sleep.example,editorial
C001583,M2-P027-CH-R2,,,https://forum.example/r/hotsleepers/cooling-sheet-experiences,forum.example,forum
C001346,M2-P015-SE-R2,,,https://sleep-lab.example/guides/cooling-sheets,sleep-lab.example,editorial
C002131,M2-P059-AN-R2,B003,,https://independent-sleep.example/reviews/arcticloom,independent-sleep.example,editorial
C001925,M2-P047-AN-R1,B005,,https://independent-sleep.example/reviews/eucalune,independent-sleep.example,editorial
C002026,M2-P053-AN-R1,,,https://sleep-lab.example/guides/cooling-sheets,sleep-lab.example,editorial
C001417,M2-P019-SE-R1,,,https://home-review.example/best-cooling-bedding,home-review.example,editorial
C000434,M1-P025-SE-R2,,,https://home-review.example/best-cooling-bedding,home-review.example,editorial
C001790,M2-P039-SE-R1,,,https://forum.example/r/hotsleepers/cooling-sheet-experiences,forum.example,forum
C000725,M1-P043-AN-R1,,,https://sleep-lab.example/guides/cooling-sheets,sleep-lab.example,editorial
C001273,M2-P011-SE-R1,,,https://home-review.example/best-cooling-bedding,home-review.example,editorial
C000830,M1-P049-CH-R2,B003,,https://independent-sleep.example/reviews/arcticloom,independent-sleep.example,editorial
C000778,M1-P046-AN-R1,B004,,https://independent-sleep.example/reviews/restnest,independent-sleep.example,editorial
C001016,M1-P060-AN-R2,B001,,https://astervale.example/products/cooling-sheet-set,astervale.example,owned
C000356,M1-P020-AN-R2,B001,,https://astervale.example/products/cooling-sheet-set,astervale.example,owned
C000116,M1-P007-AN-R2,B005,,https://independent-sleep.example/reviews/eucalune,independent-sleep.example,editorial
C002184,M2-P062-SE-R1,,,https://forum.example/r/hotsleepers/cooling-sheet-experiences,forum.example,forum
C002125,M2-P059-AN-R1,,,https://forum.example/r/hotsleepers/cooling-sheet-experiences,forum.example,forum
C000996,M1-P059-AN-R2,,,https://home-review.example/best-cooling-bedding,home-review.example,editorial
C001751,M2-P037-CH-R1,,,https://home-review.example/best-cooling-bedding,home-review.example,editorial
C002063,M2-P056-CH-R1,,,https://home-review.example/best-cooling-bedding,home-review.example,editorial
C000431,M1-P025-CH-R2,B003,,https://arcticloom.example/collections/cooling-tech,arcticloom.example,owned
C000624,M1-P037-CH-R2,B005,,https://independent-sleep.example/reviews/eucalune,independent-sleep.example,editorial
C001254,M2-P010-CH-R2,B005,,https://eucalune.example/products/eucalyptus-sheets,eucalune.example,owned
C001827,M2-P041-AN-R2,,,https://forum.example/r/hotsleepers/cooling-sheet-experiences,forum.example,forum
C001102,M2-P002-CH-R2,B005,,https://independent-sleep.example/reviews/eucalune,independent-sleep.example,editorial
C001572,M2-P026-SE-R2,B003,,https://arcticloom.example/collections/cooling-tech,arcticloom.example,owned
C001872,M2-P045-CH-R1,,,https://forum.example/r/hotsleepers/cooling-sheet-experiences,forum.example,forum
C000334,M1-P019-AN-R2,,,https://forum.example/r/hotsleepers/cooling-sheet-experiences,forum.example,forum
C001073,M1-P064-SE-R2,B001,,https://astervale.example/products/cooling-sheet-set,astervale.example,owned
C000361,M1-P021-SE-R1,,,https://sleep-lab.example/guides/cooling-sheets,sleep-lab.example,editorial
C000631,M1-P037-AN-R1,,,https://sleep-lab.example/guides/cooling-sheets,sleep-lab.example,editorial
C001914,M2-P047-SE-R1,,,https://forum.example/r/hotsleepers/cooling-sheet-experiences,forum.example,forum
C000029,M1-P002-SE-R2,B002,,https://sereinsleep.example/products/clean-cooling-sheets,sereinsleep.example,owned
C000984,M1-P059-CH-R2,B003,,https://arcticloom.example/collections/cooling-tech,arcticloom.example,owned
C001746,M2-P036-SE-R2,,,https://sleep-lab.example/guides/cooling-sheets,sleep-lab.example,editorial
C001501,M2-P023-CH-R2,,,https://home-review.example/best-cooling-bedding,home-review.example,editorial
C000871,M1-P051-AN-R2,B001,,https://astervale.example/products/cooling-sheet-set,astervale.example,owned
C001316,M2-P013-SE-R2,,,https://home-review.example/best-cooling-bedding,home-review.example,editorial
C002124,M2-P059-SE-R2,,,https://home-review.example/best-cooling-bedding,home-review.example,editorial
C000596,M1-P035-AN-R2,,,https://sleep-lab.example/guides/cooling-sheets,sleep-lab.example,editorial
C001954,M2-P049-AN-R1,,,https://home-review.example/best-cooling-bedding,home-review.example,editorial
C001891,M2-P046-CH-R2,,,https://forum.example/r/hotsleepers/cooling-sheet-experiences,forum.example,forum
C001590,M2-P027-SE-R1,B001,,https://astervale.example/products/cooling-sheet-set,astervale.example,owned
C001897,M2-P046-SE-R1,B004,,https://independent-sleep.example/reviews/restnest,independent-sleep.example,editorial
C000553,M1-P033-CH-R2,B004,,https://independent-sleep.example/reviews/restnest,independent-sleep.example,editorial
C002146,M2-P060-SE-R2,,,https://sleep-lab.example/guides/cooling-sheets,sleep-lab.example,editorial
C000099,M1-P006-SE-R2,B003,,https://independent-sleep.example/reviews/arcticloom,independent-sleep.example,editorial
C000959,M1-P057-SE-R1,,,https://home-review.example/best-cooling-bedding,home-review.example,editorial
C001865,M2-P044-CH-R2,B004,,https://independent-sleep.example/reviews/restnest,independent-sleep.example,editorial
C000902,M1-P053-AN-R1,B001,,https://astervale.example/products/cooling-sheet-set,astervale.example,owned
C000407,M1-P023-AN-R2,,,https://forum.example/r/hotsleepers/cooling-sheet-experiences,forum.example,forum
C001977,M2-P051-CH-R1,B003,,https://independent-sleep.example/reviews/arcticloom,independent-sleep.example,editorial
C000332,M1-P019-SE-R2,B002,,https://sereinsleep.example/products/clean-cooling-sheets,sereinsleep.example,owned
C001688,M2-P033-SE-R1,B005,,https://independent-sleep.example/reviews/eucalune,independent-sleep.example,editorial
C000384,M1-P022-SE-R2,,,https://forum.example/r/hotsleepers/cooling-sheet-experiences,forum.example,forum
C000704,M1-P042-CH-R1,B004,,https://restnest.example/products/value-cooling-set,restnest.example,owned
C000410,M1-P024-CH-R1,B002,,https://sereinsleep.example/products/clean-cooling-sheets,sereinsleep.example,owned
C001176,M2-P006-CH-R1,B005,,https://eucalune.example/products/eucalyptus-sheets,eucalune.example,owned
C001616,M2-P028-AN-R2,B005,,https://eucalune.example/products/eucalyptus-sheets,eucalune.example,owned
C000150,M1-P009-AN-R1,B003,,https://independent-sleep.example/reviews/arcticloom,independent-sleep.example,editorial
C000359,M1-P021-CH-R2,,,https://forum.example/r/hotsleepers/cooling-sheet-experiences,forum.example,forum
C001283,M2-P011-AN-R2,,,https://forum.example/r/hotsleepers/cooling-sheet-experiences,forum.example,forum
C000263,M1-P015-AN-R1,,,https://sleep-lab.example/guides/cooling-sheets,sleep-lab.example,editorial
C000425,M1-P025-CH-R1,B002,,https://sereinsleep.example/products/clean-cooling-sheets,sereinsleep.example,owned
C001845,M2-P042-AN-R2,B004,,https://independent-sleep.example/reviews/restnest,independent-sleep.example,editorial
C002165,M2-P061-SE-R1,B001,,https://astervale.example/products/cooling-sheet-set,astervale.example,owned
C001958,M2-P049-AN-R2,B001,,https://astervale.example/products/cooling-sheet-set,astervale.example,owned
C001410,M2-P019-CH-R1,B002,,https://sereinsleep.example/products/clean-cooling-sheets,sereinsleep.example,owned
C002037,M2-P054-SE-R1,B004,,https://restnest.example/products/value-cooling-set,restnest.example,owned
C001665,M2-P031-AN-R2,,,https://sleep-lab.example/guides/cooling-sheets,sleep-lab.example,editorial
C001921,M2-P047-AN-R1,,,https://forum.example/r/hotsleepers/cooling-sheet-experiences,forum.example,forum
C000017,M1-P002-CH-R1,,,https://forum.example/r/hotsleepers/cooling-sheet-experiences,forum.example,forum
C000077,M1-P005-CH-R2,,,https://home-review.example/best-cooling-bedding,home-review.example,editorial
C002050,M2-P055-CH-R2,,,https://sleep-lab.example/guides/cooling-sheets,sleep-lab.example,editorial
C000391,M1-P022-AN-R2,,,https://sleep-lab.example/guides/cooling-sheets,sleep-lab.example,editorial
C001295,M2-P012-SE-R2,,,https://forum.example/r/hotsleepers/cooling-sheet-experiences,forum.example,forum
C001979,M2-P051-CH-R2,,,https://forum.example/r/hotsleepers/cooling-sheet-experiences,forum.example,forum
C000497,M1-P029-AN-R1,B004,,https://restnest.example/products/value-cooling-set,restnest.example,owned
C000312,M1-P018-AN-R1,B004,,https://independent-sleep.example/reviews/restnest,independent-sleep.example,editorial
C000625,M1-P037-SE-R1,,,https://forum.example/r/hotsleepers/cooling-sheet-experiences,forum.example,forum
C000158,M1-P010-CH-R2,,,https://sleep-lab.example/guides/cooling-sheets,sleep-lab.example,editorial
C001150,M2-P004-SE-R2,B005,,https://independent-sleep.example/reviews/eucalune,independent-sleep.example,editorial
C000674,M1-P040-CH-R2,,,https://forum.example/r/hotsleepers/cooling-sheet-experiences,forum.example,forum
C000979,M1-P058-AN-R1,,,https://forum.example/r/hotsleepers/cooling-sheet-experiences,forum.example,forum
C001123,M2-P003-CH-R2,B004,,https://restnest.example/products/value-cooling-set,restnest.example,owned
C001083,M2-P001-CH-R2,,,https://forum.example/r/hotsleepers/cooling-sheet-experiences,forum.example,forum
C001558,M2-P025-AN-R2,,,https://home-review.example/best-cooling-bedding,home-review.example,editorial
C000313,M1-P018-AN-R1,B002,,https://sereinsleep.example/products/clean-cooling-sheets,sereinsleep.example,owned
C001383,M2-P017-SE-R2,B002,,https://sereinsleep.example/products/clean-cooling-sheets,sereinsleep.example,owned
C000283,M1-P017-CH-R1,B005,,https://eucalune.example/products/eucalyptus-sheets,eucalune.example,owned
C001290,M2-P012-CH-R2,,,https://sleep-lab.example/guides/cooling-sheets,sleep-lab.example,editorial
C000261,M1-P015-SE-R2,,,https://home-review.example/best-cooling-bedding,home-review.example,editorial
C001516,M2-P023-AN-R1,B003,,https://independent-sleep.example/reviews/arcticloom,independent-sleep.example,editorial
C000658,M1-P039-SE-R1,,,https://sleep-lab.example/guides/cooling-sheets,sleep-lab.example,editorial
C000547,M1-P032-AN-R1,,,https://sleep-lab.example/guides/cooling-sheets,sleep-lab.example,editorial
C001294,M2-P012-SE-R1,B003,,https://arcticloom.example/collections/cooling-tech,arcticloom.example,owned
C001465,M2-P021-SE-R2,B003,,https://arcticloom.example/collections/cooling-tech,arcticloom.example,owned
C000367,M1-P021-SE-R2,B004,,https://restnest.example/products/value-cooling-set,restnest.example,owned
C001291,M2-P012-CH-R2,B005,,https://eucalune.example/products/eucalyptus-sheets,eucalune.example,owned
C001226,M2-P008-AN-R1,B002,,https://sereinsleep.example/products/clean-cooling-sheets,sereinsleep.example,owned
C002139,M2-P060-CH-R2,,,https://forum.example/r/hotsleepers/cooling-sheet-experiences,forum.example,forum
C000380,M1-P022-SE-R1,,,https://sleep-lab.example/guides/cooling-sheets,sleep-lab.example,editorial
C001504,M2-P023-CH-R2,,AsterVale(TM),https://astervale.example/products/cooling-sheet-set,astervale.example,owned
C000088,M1-P006-CH-R1,B002,,https://sereinsleep.example/products/clean-cooling-sheets,sereinsleep.example,owned
C000006,M1-P001-CH-R2,B003,,https://arcticloom.example/collections/cooling-tech,arcticloom.example,owned
C001113,M2-P002-AN-R1,B004,,https://restnest.example/products/value-cooling-set,restnest.example,owned
C000412,M1-P024-CH-R2,,,https://sleep-lab.example/guides/cooling-sheets,sleep-lab.example,editorial
C002088,M2-P057-SE-R2,B001,,https://astervale.example/products/cooling-sheet-set,astervale.example,owned
C000481,M1-P028-SE-R2,,,https://home-review.example/best-cooling-bedding,home-review.example,editorial
C002057,M2-P055-SE-R2,,,https://sleep-lab.example/guides/cooling-sheets,sleep-lab.example,editorial
C000136,M1-P009-CH-R2,B005,,https://eucalune.example/products/eucalyptus-sheets,eucalune.example,owned
C002171,M2-P061-SE-R2,B003,,https://arcticloom.example/collections/cooling-tech,arcticloom.example,owned
C001705,M2-P034-SE-R1,,,https://home-review.example/best-cooling-bedding,home-review.example,editorial
C000176,M1-P011-CH-R1,B002,,https://sereinsleep.example/products/clean-cooling-sheets,sereinsleep.example,owned
C000705,M1-P042-CH-R2,,,https://forum.example/r/hotsleepers/cooling-sheet-experiences,forum.example,forum
C000097,M1-P006-SE-R2,,,https://home-review.example/best-cooling-bedding,home-review.example,editorial
C002027,M2-P053-AN-R1,B001,,https://astervale.example/products/cooling-sheet-set,astervale.example,owned
C000318,M1-P019-CH-R1,B005,,https://eucalune.example/products/eucalyptus-sheets,eucalune.example,owned
C002078,M2-P056-AN-R2,,,https://sleep-lab.example/guides/cooling-sheets,sleep-lab.example,editorial
C000747,M1-P044-AN-R2,B002,,https://sereinsleep.example/products/clean-cooling-sheets,sereinsleep.example,owned
C001560,M2-P025-AN-R2,B004,,https://restnest.example/products/value-cooling-set,restnest.example,owned
C002257,M1-P004-CH-R2,B004,,HTTPS://independent-sleep.example/reviews/restnest/?utm_source=audit&utm_campaign=m2#section,independent-sleep.example,editorial
C002074,M2-P056-SE-R2,B003,,https://independent-sleep.example/reviews/arcticloom,independent-sleep.example,editorial
C001265,M2-P011-CH-R1,B005,,https://independent-sleep.example/reviews/eucalune,independent-sleep.example,editorial
C000340,M1-P020-CH-R2,,,https://home-review.example/best-cooling-bedding,home-review.example,editorial
C000672,M1-P040-CH-R1,B001,,https://independent-sleep.example/reviews/astervale,independent-sleep.example,editorial
C000397,M1-P023-CH-R2,B002,,https://sereinsleep.example/products/clean-cooling-sheets,sereinsleep.example,owned
C000285,M1-P017-SE-R1,,,https://home-review.example/best-cooling-bedding,home-review.example,editorial
C000903,M1-P053-AN-R2,,,https://forum.example/r/hotsleepers/cooling-sheet-experiences,forum.example,forum
C001998,M2-P051-AN-R2,B004,,https://restnest.example/products/value-cooling-set,restnest.example,owned
C001112,M2-P002-AN-R1,B001,,https://astervale.example/products/cooling-sheet-set,astervale.example,owned
C000784,M1-P047-CH-R2,,,https://home-review.example/best-cooling-bedding,home-review.example,editorial
C001624,M2-P029-CH-R2,B002,,https://sereinsleep.example/products/clean-cooling-sheets,sereinsleep.example,owned
C000043,M1-P003-CH-R2,B002,,https://sereinsleep.example/products/clean-cooling-sheets,sereinsleep.example,owned
C000994,M1-P059-AN-R1,B002,,https://sereinsleep.example/products/clean-cooling-sheets,sereinsleep.example,owned
C000402,M1-P023-SE-R2,B001,,https://independent-sleep.example/reviews/astervale,independent-sleep.example,editorial
C002198,M2-P062-AN-R2,B001,,https://astervale.example/products/cooling-sheet-set,astervale.example,owned
C001281,M2-P011-AN-R1,B002,,https://independent-sleep.example/reviews/serein-sleep,independent-sleep.example,editorial
C001132,M2-P003-AN-R1,B002,,https://independent-sleep.example/reviews/serein-sleep,independent-sleep.example,editorial
C001337,M2-P014-AN-R1,,,https://home-review.example/best-cooling-bedding,home-review.example,editorial
C000201,M1-P012-AN-R1,,,https://forum.example/r/hotsleepers/cooling-sheet-experiences,forum.example,forum
C002112,M2-P058-AN-R2,B001,,https://astervale.example/products/cooling-sheet-set,astervale.example,owned
C000418,M1-P024-SE-R2,B002,,https://sereinsleep.example/products/clean-cooling-sheets,sereinsleep.example,owned
C001056,M1-P063-SE-R1,,,https://forum.example/r/hotsleepers/cooling-sheet-experiences,forum.example,forum
C000037,M1-P002-AN-R2,B003,,https://arcticloom.example/collections/cooling-tech,arcticloom.example,owned
C000199,M1-P012-SE-R2,B005,,https://independent-sleep.example/reviews/eucalune,independent-sleep.example,editorial
C001619,M2-P029-CH-R1,,,https://sleep-lab.example/guides/cooling-sheets,sleep-lab.example,editorial
C002187,M2-P062-SE-R1,B003,,https://arcticloom.example/collections/cooling-tech,arcticloom.example,owned
C001009,M1-P060-SE-R2,,,https://sleep-lab.example/guides/cooling-sheets,sleep-lab.example,editorial
C002152,M2-P060-AN-R1,B001,,https://astervale.example/products/cooling-sheet-set,astervale.example,owned
C000744,M1-P044-AN-R1,B005,,https://independent-sleep.example/reviews/eucalune,independent-sleep.example,editorial
C001349,M2-P015-AN-R1,B003,,https://arcticloom.example/collections/cooling-tech,arcticloom.example,owned
C001215,M2-P008-CH-R2,,,https://forum.example/r/hotsleepers/cooling-sheet-experiences,forum.example,forum
C000179,M1-P011-SE-R2,,,https://forum.example/r/hotsleepers/cooling-sheet-experiences,forum.example,forum
C000248,M1-P014-AN-R2,,,https://home-review.example/best-cooling-bedding,home-review.example,editorial
C000519,M1-P031-CH-R1,B004,,https://independent-sleep.example/reviews/restnest,independent-sleep.example,editorial
C002133,M2-P060-CH-R1,,,https://forum.example/r/hotsleepers/cooling-sheet-experiences,forum.example,forum
C001829,M2-P042-CH-R2,,,https://home-review.example/best-cooling-bedding,home-review.example,editorial
C001069,M1-P064-CH-R2,B003,,https://independent-sleep.example/reviews/arcticloom,independent-sleep.example,editorial
C000787,M1-P047-SE-R1,,,https://forum.example/r/hotsleepers/cooling-sheet-experiences,forum.example,forum
C001826,M2-P041-AN-R1,B005,,https://independent-sleep.example/reviews/eucalune,independent-sleep.example,editorial
C001051,M1-P062-AN-R2,B004,,https://restnest.example/products/value-cooling-set,restnest.example,owned
C000190,M1-P012-CH-R1,B002,,https://independent-sleep.example/reviews/serein-sleep,independent-sleep.example,editorial
C000636,M1-P038-CH-R1,B005,,https://independent-sleep.example/reviews/eucalune,independent-sleep.example,editorial
C000249,M1-P015-CH-R1,,,https://forum.example/r/hotsleepers/cooling-sheet-experiences,forum.example,forum
C001119,M2-P003-CH-R1,B001,,https://astervale.example/products/cooling-sheet-set,astervale.example,owned
C000478,M1-P028-SE-R1,,,https://sleep-lab.example/guides/cooling-sheets,sleep-lab.example,editorial
C001685,M2-P033-CH-R2,B002,,https://sereinsleep.example/products/clean-cooling-sheets,sereinsleep.example,owned
C000909,M1-P054-CH-R2,,,https://sleep-lab.example/guides/cooling-sheets,sleep-lab.example,editorial
C000015,M1-P001-AN-R2,,,https://forum.example/r/hotsleepers/cooling-sheet-experiences,forum.example,forum
C000587,M1-P035-CH-R2,,,https://home-review.example/best-cooling-bedding,home-review.example,editorial
C001271,M2-P011-CH-R2,B004,,https://independent-sleep.example/reviews/restnest,independent-sleep.example,editorial
C000896,M1-P053-SE-R1,,,https://forum.example/r/hotsleepers/cooling-sheet-experiences,forum.example,forum
C001385,M2-P017-AN-R1,,,https://sleep-lab.example/guides/cooling-sheets,sleep-lab.example,editorial
C000759,M1-P045-AN-R1,B002,,https://sereinsleep.example/products/clean-cooling-sheets,sereinsleep.example,owned
C002069,M2-P056-SE-R1,B001,,https://astervale.example/products/cooling-sheet-set,astervale.example,owned
C002182,M2-P062-CH-R2,,,https://sleep-lab.example/guides/cooling-sheets,sleep-lab.example,editorial
C001581,M2-P027-CH-R1,B002,,https://independent-sleep.example/reviews/serein-sleep,independent-sleep.example,editorial
C000891,M1-P053-CH-R1,B005,,https://independent-sleep.example/reviews/eucalune,independent-sleep.example,editorial
C000229,M1-P014-CH-R1,,,https://home-review.example/best-cooling-bedding,home-review.example,editorial
C000166,M1-P010-SE-R2,B005,,https://independent-sleep.example/reviews/eucalune,independent-sleep.example,editorial
C000694,M1-P041-SE-R1,,,https://home-review.example/best-cooling-bedding,home-review.example,editorial
C000426,M1-P025-CH-R1,B005,,https://independent-sleep.example/reviews/eucalune,independent-sleep.example,editorial
C001012,M1-P060-AN-R1,,,https://forum.example/r/hotsleepers/cooling-sheet-experiences,forum.example,forum
C001240,M2-P009-SE-R2,B003,,https://independent-sleep.example/reviews/arcticloom,independent-sleep.example,editorial
C001348,M2-P015-AN-R1,,,https://sleep-lab.example/guides/cooling-sheets,sleep-lab.example,editorial
C000654,M1-P039-CH-R2,,,https://forum.example/r/hotsleepers/cooling-sheet-experiences,forum.example,forum
C001429,M2-P020-CH-R1,,,https://home-review.example/best-cooling-bedding,home-review.example,editorial
C000877,M1-P052-CH-R2,B001,,https://astervale.example/products/cooling-sheet-set,astervale.example,owned
C002145,M2-P060-SE-R1,B005,,https://independent-sleep.example/reviews/eucalune,independent-sleep.example,editorial
C000372,M1-P021-AN-R1,B005,,https://independent-sleep.example/reviews/eucalune,independent-sleep.example,editorial
C000195,M1-P012-SE-R1,B001,,https://astervale.example/products/cooling-sheet-set,astervale.example,owned
C001934,M2-P048-SE-R2,B005,,https://eucalune.example/products/eucalyptus-sheets,eucalune.example,owned
C001735,M2-P035-AN-R2,,,https://forum.example/r/hotsleepers/cooling-sheet-experiences,forum.example,forum
C000609,M1-P036-AN-R1,,,https://forum.example/r/hotsleepers/cooling-sheet-experiences,forum.example,forum
C000013,M1-P001-AN-R1,,,https://sleep-lab.example/guides/cooling-sheets,sleep-lab.example,editorial
C000858,M1-P051-CH-R2,,,https://forum.example/r/hotsleepers/cooling-sheet-experiences,forum.example,forum
C001841,M2-P042-AN-R1,B005,,https://eucalune.example/products/eucalyptus-sheets,eucalune.example,owned
C001494,M2-P022-AN-R2,,,https://forum.example/r/hotsleepers/cooling-sheet-experiences,forum.example,forum
C000189,M1-P012-CH-R1,,,https://sleep-lab.example/guides/cooling-sheets,sleep-lab.example,editorial
C001919,M2-P047-SE-R2,B003,,https://independent-sleep.example/reviews/arcticloom,independent-sleep.example,editorial
C002093,M2-P058-CH-R1,,,https://forum.example/r/hotsleepers/cooling-sheet-experiences,forum.example,forum
C000932,M1-P055-SE-R1,B001,,https://independent-sleep.example/reviews/astervale,independent-sleep.example,editorial
C000194,M1-P012-SE-R1,B002,,https://sereinsleep.example/products/clean-cooling-sheets,sereinsleep.example,owned
C002100,M2-P058-SE-R1,,,https://forum.example/r/hotsleepers/cooling-sheet-experiences,forum.example,forum
C000755,M1-P045-SE-R2,,,https://home-review.example/best-cooling-bedding,home-review.example,editorial
C001895,M2-P046-SE-R1,,,https://home-review.example/best-cooling-bedding,home-review.example,editorial
C000992,M1-P059-AN-R1,,,https://forum.example/r/hotsleepers/cooling-sheet-experiences,forum.example,forum
C001013,M1-P060-AN-R1,B001,,https://independent-sleep.example/reviews/astervale,independent-sleep.example,editorial
C002075,M2-P056-AN-R1,,,https://sleep-lab.example/guides/cooling-sheets,sleep-lab.example,editorial
C000775,M1-P046-SE-R2,B004,,https://restnest.example/products/value-cooling-set,restnest.example,owned
C001272,M2-P011-SE-R1,,,https://sleep-lab.example/guides/cooling-sheets,sleep-lab.example,editorial
C000224,M1-P013-AN-R1,B002,,https://sereinsleep.example/products/clean-cooling-sheets,sereinsleep.example,owned
C000070,M1-P004-AN-R1,B004,,https://independent-sleep.example/reviews/restnest,independent-sleep.example,editorial
C000822,M1-P048-AN-R2,B002,,https://sereinsleep.example/products/clean-cooling-sheets,sereinsleep.example,owned
C000016,M1-P001-AN-R2,,,https://sleep-lab.example/guides/cooling-sheets,sleep-lab.example,editorial
C000255,M1-P015-CH-R2,,,https://forum.example/r/hotsleepers/cooling-sheet-experiences,forum.example,forum
C000266,M1-P015-AN-R2,,,https://forum.example/r/hotsleepers/cooling-sheet-experiences,forum.example,forum
C000467,M1-P027-AN-R2,,,https://forum.example/r/hotsleepers/cooling-sheet-experiences,forum.example,forum
C001019,M1-P060-AN-R2,B005,,https://independent-sleep.example/reviews/eucalune,independent-sleep.example,editorial
C000354,M1-P020-AN-R2,,,https://sleep-lab.example/guides/cooling-sheets,sleep-lab.example,editorial
C001354,M2-P016-CH-R1,,,https://home-review.example/best-cooling-bedding,home-review.example,editorial
C000439,M1-P025-AN-R2,,,https://home-review.example/best-cooling-bedding,home-review.example,editorial
C001985,M2-P051-SE-R1,B002,,https://independent-sleep.example/reviews/serein-sleep,independent-sleep.example,editorial
C000570,M1-P034-CH-R2,B003,,https://independent-sleep.example/reviews/arcticloom,independent-sleep.example,editorial
C000413,M1-P024-CH-R2,B005,,https://independent-sleep.example/reviews/eucalune,independent-sleep.example,editorial
C001289,M2-P012-CH-R1,B005,,https://independent-sleep.example/reviews/eucalune,independent-sleep.example,editorial
C001326,M2-P014-CH-R2,,,https://forum.example/r/hotsleepers/cooling-sheet-experiences,forum.example,forum
C000328,M1-P019-SE-R1,B005,,https://independent-sleep.example/reviews/eucalune,independent-sleep.example,editorial
C000801,M1-P047-AN-R2,B004,,https://restnest.example/products/value-cooling-set,restnest.example,owned
C001690,M2-P033-SE-R1,B003,,https://arcticloom.example/collections/cooling-tech,arcticloom.example,owned
C001959,M2-P049-AN-R2,B005,,https://eucalune.example/products/eucalyptus-sheets,eucalune.example,owned
C002123,M2-P059-SE-R2,,,https://forum.example/r/hotsleepers/cooling-sheet-experiences,forum.example,forum
C000449,M1-P026-SE-R2,,,https://sleep-lab.example/guides/cooling-sheets,sleep-lab.example,editorial
C001727,M2-P035-SE-R1,B003,,https://arcticloom.example/collections/cooling-tech,arcticloom.example,owned
C000119,M1-P008-CH-R1,,,https://home-review.example/best-cooling-bedding,home-review.example,editorial
C000640,M1-P038-SE-R1,,,https://sleep-lab.example/guides/cooling-sheets,sleep-lab.example,editorial
C000961,M1-P057-SE-R1,B005,,https://eucalune.example/products/eucalyptus-sheets,eucalune.example,owned
C001511,M2-P023-SE-R2,B002,,https://sereinsleep.example/products/clean-cooling-sheets,sereinsleep.example,owned
C000370,M1-P021-AN-R1,B002,,https://independent-sleep.example/reviews/serein-sleep,independent-sleep.example,editorial
C001090,M2-P001-SE-R2,B005,,https://independent-sleep.example/reviews/eucalune,independent-sleep.example,editorial
C000586,M1-P035-CH-R1,B003,,https://independent-sleep.example/reviews/arcticloom,independent-sleep.example,editorial
C001168,M2-P005-SE-R2,B003,,https://arcticloom.example/collections/cooling-tech,arcticloom.example,owned
C001656,M2-P031-CH-R2,,,https://forum.example/r/hotsleepers/cooling-sheet-experiences,forum.example,forum
C001493,M2-P022-AN-R1,B003,,https://arcticloom.example/collections/cooling-tech,arcticloom.example,owned
C001340,M2-P015-CH-R1,,,https://forum.example/r/hotsleepers/cooling-sheet-experiences,forum.example,forum
C000233,M1-P014-CH-R2,B004,,https://restnest.example/products/value-cooling-set,restnest.example,owned
C000843,M1-P050-CH-R2,B001,,https://astervale.example/products/cooling-sheet-set,astervale.example,owned
C001464,M2-P021-SE-R2,B005,,https://independent-sleep.example/reviews/eucalune,independent-sleep.example,editorial
C000825,M1-P049-CH-R1,,,https://forum.example/r/hotsleepers/cooling-sheet-experiences,forum.example,forum
C000219,M1-P013-SE-R2,,,https://forum.example/r/hotsleepers/cooling-sheet-experiences,forum.example,forum
C001303,M2-P012-AN-R2,B005,,https://independent-sleep.example/reviews/eucalune,independent-sleep.example,editorial
C000572,M1-P034-SE-R1,,,https://sleep-lab.example/guides/cooling-sheets,sleep-lab.example,editorial
C000594,M1-P035-AN-R1,,,https://sleep-lab.example/guides/cooling-sheets,sleep-lab.example,editorial
C000091,M1-P006-CH-R2,B005,,https://eucalune.example/products/eucalyptus-sheets,eucalune.example,owned
C000983,M1-P059-CH-R2,,,https://sleep-lab.example/guides/cooling-sheets,sleep-lab.example,editorial
C001000,M1-P060-CH-R1,,,https://home-review.example/best-cooling-bedding,home-review.example,editorial
C002046,M2-P054-AN-R2,,,https://sleep-lab.example/guides/cooling-sheets,sleep-lab.example,editorial
C000429,M1-P025-CH-R2,,,https://home-review.example/best-cooling-bedding,home-review.example,editorial
C001487,M2-P022-SE-R1,B005,,https://eucalune.example/products/eucalyptus-sheets,eucalune.example,owned
C001722,M2-P035-CH-R2,B002,,https://sereinsleep.example/products/clean-cooling-sheets,sereinsleep.example,owned
C002121,M2-P059-SE-R1,,,https://home-review.example/best-cooling-bedding,home-review.example,editorial
C002098,M2-P058-CH-R2,B001,,https://astervale.example/products/cooling-sheet-set,astervale.example,owned
C000448,M1-P026-SE-R1,B004,,https://restnest.example/products/value-cooling-set,restnest.example,owned
C001293,M2-P012-SE-R1,,,https://forum.example/r/hotsleepers/cooling-sheet-experiences,forum.example,forum
C000931,M1-P055-SE-R1,B001,,https://astervale.example/products/cooling-sheet-set,astervale.example,owned
C001757,M2-P037-SE-R1,,,https://sleep-lab.example/guides/cooling-sheets,sleep-lab.example,editorial
C000463,M1-P027-SE-R2,,,https://forum.example/r/hotsleepers/cooling-sheet-experiences,forum.example,forum
C001344,M2-P015-CH-R2,B005,,https://independent-sleep.example/reviews/eucalune,independent-sleep.example,editorial
C001951,M2-P049-SE-R2,B001,,https://astervale.example/products/cooling-sheet-set,astervale.example,owned
C000131,M1-P008-AN-R2,,,https://home-review.example/best-cooling-bedding,home-review.example,editorial
C001425,M2-P019-AN-R2,,,https://home-review.example/best-cooling-bedding,home-review.example,editorial
C000409,M1-P024-CH-R1,,,https://home-review.example/best-cooling-bedding,home-review.example,editorial
C002242,M1-P028-CH-R2,B005,,HTTPS://eucalune.example/products/eucalyptus-sheets/?utm_source=audit&utm_campaign=m2#section,eucalune.example,owned
C001726,M2-P035-SE-R1,,,https://forum.example/r/hotsleepers/cooling-sheet-experiences,forum.example,forum
C000371,M1-P021-AN-R1,B005,,https://eucalune.example/products/eucalyptus-sheets,eucalune.example,owned
C000468,M1-P027-AN-R2,,,https://sleep-lab.example/guides/cooling-sheets,sleep-lab.example,editorial
C000734,M1-P044-CH-R2,B002,,https://independent-sleep.example/reviews/serein-sleep,independent-sleep.example,editorial
C000379,M1-P022-CH-R2,,,https://forum.example/r/hotsleepers/cooling-sheet-experiences,forum.example,forum
C001634,M2-P029-SE-R2,B001,,https://independent-sleep.example/reviews/astervale,independent-sleep.example,editorial
C000377,M1-P022-CH-R1,,,https://sleep-lab.example/guides/cooling-sheets,sleep-lab.example,editorial
C000565,M1-P034-CH-R1,B005,,https://eucalune.example/products/eucalyptus-sheets,eucalune.example,owned
C001451,M2-P020-AN-R2,B004,,https://independent-sleep.example/reviews/restnest,independent-sleep.example,editorial
C001804,M2-P040-CH-R2,,,https://sleep-lab.example/guides/cooling-sheets,sleep-lab.example,editorial
C000492,M1-P029-CH-R2,,,https://home-review.example/best-cooling-bedding,home-review.example,editorial
C000270,M1-P016-CH-R1,B004,,https://restnest.example/products/value-cooling-set,restnest.example,owned
C000170,M1-P010-AN-R2,,,https://home-review.example/best-cooling-bedding,home-review.example,editorial
C001948,M2-P049-SE-R1,B004,,https://restnest.example/products/value-cooling-set,restnest.example,owned
C001304,M2-P013-CH-R1,,,https://forum.example/r/hotsleepers/cooling-sheet-experiences,forum.example,forum
C000646,M1-P038-SE-R2,B003,,https://independent-sleep.example/reviews/arcticloom,independent-sleep.example,editorial
C001894,M2-P046-SE-R1,,,https://forum.example/r/hotsleepers/cooling-sheet-experiences,forum.example,forum
C000940,M1-P056-CH-R1,,,https://forum.example/r/hotsleepers/cooling-sheet-experiences,forum.example,forum
C001817,M2-P041-CH-R1,,,https://forum.example/r/hotsleepers/cooling-sheet-experiences,forum.example,forum
C001657,M2-P031-SE-R1,,,https://forum.example/r/hotsleepers/cooling-sheet-experiences,forum.example,forum
C001345,M2-P015-SE-R1,,,https://sleep-lab.example/guides/cooling-sheets,sleep-lab.example,editorial
C001873,M2-P045-CH-R2,,,https://sleep-lab.example/guides/cooling-sheets,sleep-lab.example,editorial
C001355,M2-P016-CH-R1,B002,,https://independent-sleep.example/reviews/serein-sleep,independent-sleep.example,editorial
C001955,M2-P049-AN-R1,B001,,https://astervale.example/products/cooling-sheet-set,astervale.example,owned
C000447,M1-P026-SE-R1,,,https://forum.example/r/hotsleepers/cooling-sheet-experiences,forum.example,forum
C001947,M2-P049-SE-R1,,,https://sleep-lab.example/guides/cooling-sheets,sleep-lab.example,editorial
C002263,M2-P010-CH-R2,,,HTTPS://home-review.example/best-cooling-bedding/?utm_source=audit&utm_campaign=m2#section,home-review.example,editorial
C000731,M1-P044-CH-R2,,,https://sleep-lab.example/guides/cooling-sheets,sleep-lab.example,editorial
C001279,M2-P011-AN-R1,,,https://home-review.example/best-cooling-bedding,home-review.example,editorial
C001149,M2-P004-SE-R2,,,https://home-review.example/best-cooling-bedding,home-review.example,editorial
C000732,M1-P044-CH-R2,,,https://home-review.example/best-cooling-bedding,home-review.example,editorial
C001738,M2-P036-CH-R1,B004,,https://independent-sleep.example/reviews/restnest,independent-sleep.example,editorial
C001292,M2-P012-CH-R2,B002,,https://independent-sleep.example/reviews/serein-sleep,independent-sleep.example,editorial
C001640,M2-P029-AN-R2,,,https://home-review.example/best-cooling-bedding,home-review.example,editorial
C002023,M2-P053-SE-R1,B005,,https://independent-sleep.example/reviews/eucalune,independent-sleep.example,editorial
C002061,M2-P055-AN-R2,,,https://home-review.example/best-cooling-bedding,home-review.example,editorial
C001643,M2-P030-CH-R1,,,https://sleep-lab.example/guides/cooling-sheets,sleep-lab.example,editorial
C001536,M2-P024-SE-R2,B003,,https://independent-sleep.example/reviews/arcticloom,independent-sleep.example,editorial
C002262,M2-P031-SE-R2,B005,,HTTPS://eucalune.example/products/eucalyptus-sheets/?utm_source=audit&utm_campaign=m2#section,eucalune.example,owned
C001631,M2-P029-SE-R2,,,https://sleep-lab.example/guides/cooling-sheets,sleep-lab.example,editorial
C000664,M1-P039-AN-R1,,,https://home-review.example/best-cooling-bedding,home-review.example,editorial
C000301,M1-P018-CH-R2,,,https://forum.example/r/hotsleepers/cooling-sheet-experiences,forum.example,forum
C000112,M1-P007-AN-R1,,,https://home-review.example/best-cooling-bedding,home-review.example,editorial
C002183,M2-P062-CH-R2,B001,,https://astervale.example/products/cooling-sheet-set,astervale.example,owned
C001833,M2-P042-SE-R1,,,https://forum.example/r/hotsleepers/cooling-sheet-experiences,forum.example,forum
C001490,M2-P022-SE-R2,B005,,https://independent-sleep.example/reviews/eucalune,independent-sleep.example,editorial
C000643,M1-P038-SE-R1,B004,,https://restnest.example/products/value-cooling-set,restnest.example,owned
C001696,M2-P033-AN-R1,B005,,https://eucalune.example/products/eucalyptus-sheets,eucalune.example,owned
C002231,M2-P064-AN-R1,B001,,https://astervale.example/products/cooling-sheet-set,astervale.example,owned
C000981,M1-P058-AN-R2,,,https://sleep-lab.example/guides/cooling-sheets,sleep-lab.example,editorial
C001413,M2-P019-CH-R2,,,https://forum.example/r/hotsleepers/cooling-sheet-experiences,forum.example,forum
C000985,M1-P059-CH-R2,B003,,https://independent-sleep.example/reviews/arcticloom,independent-sleep.example,editorial
C001718,M2-P035-CH-R1,,,https://sleep-lab.example/guides/cooling-sheets,sleep-lab.example,editorial
C001030,M1-P061-AN-R1,B005,,https://eucalune.example/products/eucalyptus-sheets,eucalune.example,owned
C002148,M2-P060-SE-R2,B001,,https://astervale.example/products/cooling-sheet-set,astervale.example,owned
C001147,M2-P004-SE-R1,B005,,https://eucalune.example/products/eucalyptus-sheets,eucalune.example,owned
C000816,M1-P048-AN-R1,,,https://home-review.example/best-cooling-bedding,home-review.example,editorial
C001943,M2-P049-CH-R2,,,https://sleep-lab.example/guides/cooling-sheets,sleep-lab.example,editorial
C001620,M2-P029-CH-R1,B003,,https://arcticloom.example/collections/cooling-tech,arcticloom.example,owned
C000246,M1-P014-AN-R1,B001,,https://independent-sleep.example/reviews/astervale,independent-sleep.example,editorial
C000079,M1-P005-CH-R2,B003,,https://arcticloom.example/collections/cooling-tech,arcticloom.example,owned
C001678,M2-P032-SE-R2,B004,,https://independent-sleep.example/reviews/restnest,independent-sleep.example,editorial
C000991,M1-P059-AN-R1,,,https://sleep-lab.example/guides/cooling-sheets,sleep-lab.example,editorial
C000454,M1-P027-CH-R1,,,https://forum.example/r/hotsleepers/cooling-sheet-experiences,forum.example,forum
C001060,M1-P063-SE-R2,B001,,https://astervale.example/products/cooling-sheet-set,astervale.example,owned
C001327,M2-P014-CH-R2,B002,,https://sereinsleep.example/products/clean-cooling-sheets,sereinsleep.example,owned
C000137,M1-P009-CH-R2,B003,,https://arcticloom.example/collections/cooling-tech,arcticloom.example,owned
C001629,M2-P029-SE-R1,B002,,https://sereinsleep.example/products/clean-cooling-sheets,sereinsleep.example,owned
C000872,M1-P051-AN-R2,B002,,https://independent-sleep.example/reviews/serein-sleep,independent-sleep.example,editorial
C000226,M1-P013-AN-R2,,,https://forum.example/r/hotsleepers/cooling-sheet-experiences,forum.example,forum
C001193,M2-P006-AN-R2,,,https://home-review.example/best-cooling-bedding,home-review.example,editorial
C000661,M1-P039-SE-R2,,,https://sleep-lab.example/guides/cooling-sheets,sleep-lab.example,editorial
C000957,M1-P057-CH-R1,B001,,https://independent-sleep.example/reviews/astervale,independent-sleep.example,editorial
C002099,M2-P058-SE-R1,,,https://home-review.example/best-cooling-bedding,home-review.example,editorial
C000863,M1-P051-SE-R1,,,https://forum.example/r/hotsleepers/cooling-sheet-experiences,forum.example,forum
C000411,M1-P024-CH-R1,B001,,https://astervale.example/products/cooling-sheet-set,astervale.example,owned
C002035,M2-P054-SE-R1,,,https://home-review.example/best-cooling-bedding,home-review.example,editorial
C000828,M1-P049-CH-R2,,,https://sleep-lab.example/guides/cooling-sheets,sleep-lab.example,editorial
C000146,M1-P009-SE-R2,B003,,https://arcticloom.example/collections/cooling-tech,arcticloom.example,owned
C001467,M2-P021-SE-R2,B002,,https://independent-sleep.example/reviews/serein-sleep,independent-sleep.example,editorial
C002040,M2-P054-AN-R1,,,https://home-review.example/best-cooling-bedding,home-review.example,editorial
C000021,M1-P002-CH-R1,B004,,https://restnest.example/products/value-cooling-set,restnest.example,owned
C000880,M1-P052-SE-R1,,,https://home-review.example/best-cooling-bedding,home-review.example,editorial
C001681,M2-P032-AN-R2,,,https://home-review.example/best-cooling-bedding,home-review.example,editorial
C000240,M1-P014-SE-R2,B003,,https://arcticloom.example/collections/cooling-tech,arcticloom.example,owned
C000390,M1-P022-AN-R2,,,https://home-review.example/best-cooling-bedding,home-review.example,editorial
C001801,M2-P039-AN-R2,B002,,https://sereinsleep.example/products/clean-cooling-sheets,sereinsleep.example,owned
C001592,M2-P027-SE-R2,,,https://forum.example/r/hotsleepers/cooling-sheet-experiences,forum.example,forum
C000011,M1-P001-SE-R2,B004,,https://independent-sleep.example/reviews/restnest,independent-sleep.example,editorial
C001472,M2-P021-AN-R2,,,https://forum.example/r/hotsleepers/cooling-sheet-experiences,forum.example,forum
C001139,M2-P004-CH-R1,B005,,https://independent-sleep.example/reviews/eucalune,independent-sleep.example,editorial
C001058,M1-P063-SE-R1,B005,,https://eucalune.example/products/eucalyptus-sheets,eucalune.example,owned
C001323,M2-P014-CH-R1,,,https://home-review.example/best-cooling-bedding,home-review.example,editorial
C001431,M2-P020-CH-R2,,,https://sleep-lab.example/guides/cooling-sheets,sleep-lab.example,editorial
C001674,M2-P032-SE-R1,B001,,https://independent-sleep.example/reviews/astervale,independent-sleep.example,editorial
C000615,M1-P036-AN-R2,B001,,https://astervale.example/products/cooling-sheet-set,astervale.example,owned
C001605,M2-P028-CH-R2,,,https://sleep-lab.example/guides/cooling-sheets,sleep-lab.example,editorial
C001179,M2-P006-CH-R2,,,https://sleep-lab.example/guides/cooling-sheets,sleep-lab.example,editorial
C001923,M2-P047-AN-R1,B002,,https://sereinsleep.example/products/clean-cooling-sheets,sereinsleep.example,owned
C000056,M1-P003-AN-R2,B003,,https://independent-sleep.example/reviews/arcticloom,independent-sleep.example,editorial
C000598,M1-P035-AN-R2,B005,,https://independent-sleep.example/reviews/eucalune,independent-sleep.example,editorial
C000033,M1-P002-AN-R1,B005,,https://independent-sleep.example/reviews/eucalune,independent-sleep.example,editorial
C000960,M1-P057-SE-R1,,,https://forum.example/r/hotsleepers/cooling-sheet-experiences,forum.example,forum
C002181,M2-P062-CH-R2,,,https://home-review.example/best-cooling-bedding,home-review.example,editorial
C002109,M2-P058-AN-R1,B002,,https://independent-sleep.example/reviews/serein-sleep,independent-sleep.example,editorial
C000252,M1-P015-CH-R1,B004,,https://independent-sleep.example/reviews/restnest,independent-sleep.example,editorial
C002036,M2-P054-SE-R1,B001,,https://astervale.example/products/cooling-sheet-set,astervale.example,owned
C001991,M2-P051-AN-R1,,,https://home-review.example/best-cooling-bedding,home-review.example,editorial
C001857,M2-P043-AN-R1,B005,,https://independent-sleep.example/reviews/eucalune,independent-sleep.example,editorial
C001715,M2-P034-AN-R1,B003,,https://independent-sleep.example/reviews/arcticloom,independent-sleep.example,editorial
C000457,M1-P027-CH-R1,B003,,https://independent-sleep.example/reviews/arcticloom,independent-sleep.example,editorial
C001551,M2-P025-SE-R1,B004,,https://restnest.example/products/value-cooling-set,restnest.example,owned
C000930,M1-P055-SE-R1,,,https://home-review.example/best-cooling-bedding,home-review.example,editorial
C001603,M2-P028-CH-R1,,,https://sleep-lab.example/guides/cooling-sheets,sleep-lab.example,editorial
C002204,M2-P063-CH-R2,B002,,https://sereinsleep.example/products/clean-cooling-sheets,sereinsleep.example,owned
C001130,M2-P003-AN-R1,,,https://home-review.example/best-cooling-bedding,home-review.example,editorial
C000647,M1-P038-AN-R1,,,https://forum.example/r/hotsleepers/cooling-sheet-experiences,forum.example,forum
C000004,M1-P001-CH-R1,B002,,https://sereinsleep.example/products/clean-cooling-sheets,sereinsleep.example,owned
C001332,M2-P014-SE-R1,B002,,https://independent-sleep.example/reviews/serein-sleep,independent-sleep.example,editorial
C000181,M1-P011-AN-R1,,,https://sleep-lab.example/guides/cooling-sheets,sleep-lab.example,editorial
C000563,M1-P033-AN-R2,B004,,https://restnest.example/products/value-cooling-set,restnest.example,owned
C000206,M1-P012-AN-R2,,,https://sleep-lab.example/guides/cooling-sheets,sleep-lab.example,editorial
C000095,M1-P006-SE-R1,B005,,https://independent-sleep.example/reviews/eucalune,independent-sleep.example,editorial
C001424,M2-P019-AN-R2,,,https://sleep-lab.example/guides/cooling-sheets,sleep-lab.example,editorial
C001418,M2-P019-SE-R2,,,https://forum.example/r/hotsleepers/cooling-sheet-experiences,forum.example,forum
C001584,M2-P027-CH-R2,,,https://home-review.example/best-cooling-bedding,home-review.example,editorial
C000698,M1-P041-AN-R1,,,https://home-review.example/best-cooling-bedding,home-review.example,editorial
C002070,M2-P056-SE-R1,B003,,https://arcticloom.example/collections/cooling-tech,arcticloom.example,owned
C000601,M1-P036-CH-R2,,,https://forum.example/r/hotsleepers/cooling-sheet-experiences,forum.example,forum
C001586,M2-P027-SE-R1,,,https://sleep-lab.example/guides/cooling-sheets,sleep-lab.example,editorial
C000108,M1-P007-SE-R1,,,https://sleep-lab.example/guides/cooling-sheets,sleep-lab.example,editorial
C001439,M2-P020-SE-R2,B003,,https://independent-sleep.example/reviews/arcticloom,independent-sleep.example,editorial
C001028,M1-P061-AN-R1,,,https://forum.example/r/hotsleepers/cooling-sheet-experiences,forum.example,forum
C000995,M1-P059-AN-R2,,,https://forum.example/r/hotsleepers/cooling-sheet-experiences,forum.example,forum
C002082,M2-P057-CH-R2,,,https://sleep-lab.example/guides/cooling-sheets,sleep-lab.example,editorial
C001229,M2-P008-AN-R2,B005,,https://eucalune.example/products/eucalyptus-sheets,eucalune.example,owned
C001669,M2-P032-CH-R2,,,https://forum.example/r/hotsleepers/cooling-sheet-experiences,forum.example,forum
C001575,M2-P026-AN-R2,,,https://forum.example/r/hotsleepers/cooling-sheet-experiences,forum.example,forum
C002151,M2-P060-AN-R1,,,https://sleep-lab.example/guides/cooling-sheets,sleep-lab.example,editorial
C000651,M1-P039-CH-R1,,,https://forum.example/r/hotsleepers/cooling-sheet-experiences,forum.example,forum
C000901,M1-P053-AN-R1,,,https://sleep-lab.example/guides/cooling-sheets,sleep-lab.example,editorial
C000151,M1-P009-AN-R2,,,https://sleep-lab.example/guides/cooling-sheets,sleep-lab.example,editorial
C001392,M2-P018-CH-R1,B005,,https://eucalune.example/products/eucalyptus-sheets,eucalune.example,owned
C001321,M2-P013-AN-R2,,,https://home-review.example/best-cooling-bedding,home-review.example,editorial
C001492,M2-P022-AN-R1,B002,,https://independent-sleep.example/reviews/serein-sleep,independent-sleep.example,editorial
C000509,M1-P030-SE-R2,B002,,https://sereinsleep.example/products/clean-cooling-sheets,sereinsleep.example,owned
C000241,M1-P014-SE-R2,B005,,https://eucalune.example/products/eucalyptus-sheets,eucalune.example,owned
C001213,M2-P008-CH-R1,,,https://sleep-lab.example/guides/cooling-sheets,sleep-lab.example,editorial
C000788,M1-P047-SE-R1,,,https://sleep-lab.example/guides/cooling-sheets,sleep-lab.example,editorial
C001214,M2-P008-CH-R1,B001,,https://independent-sleep.example/reviews/astervale,independent-sleep.example,editorial
C001512,M2-P023-SE-R2,B005,,https://eucalune.example/products/eucalyptus-sheets,eucalune.example,owned
C000841,M1-P050-CH-R1,B002,,https://independent-sleep.example/reviews/serein-sleep,independent-sleep.example,editorial
C000172,M1-P010-AN-R2,B002,,https://independent-sleep.example/reviews/serein-sleep,independent-sleep.example,editorial
C001297,M2-P012-SE-R2,B001,,https://astervale.example/products/cooling-sheet-set,astervale.example,owned
C001169,M2-P005-SE-R2,B001,,https://independent-sleep.example/reviews/astervale,independent-sleep.example,editorial
C000663,M1-P039-AN-R1,,,https://sleep-lab.example/guides/cooling-sheets,sleep-lab.example,editorial
C002083,M2-P057-SE-R1,,,https://forum.example/r/hotsleepers/cooling-sheet-experiences,forum.example,forum
C001830,M2-P042-CH-R2,,,https://forum.example/r/hotsleepers/cooling-sheet-experiences,forum.example,forum
C000247,M1-P014-AN-R2,,,https://sleep-lab.example/guides/cooling-sheets,sleep-lab.example,editorial
C000243,M1-P014-AN-R1,,,https://home-review.example/best-cooling-bedding,home-review.example,editorial
C000873,M1-P052-CH-R1,,,https://sleep-lab.example/guides/cooling-sheets,sleep-lab.example,editorial
C000030,M1-P002-AN-R1,,,https://home-review.example/best-cooling-bedding,home-review.example,editorial
C000239,M1-P014-SE-R2,B002,,https://sereinsleep.example/products/clean-cooling-sheets,sereinsleep.example,owned
C001261,M2-P010-AN-R1,,,https://home-review.example/best-cooling-bedding,home-review.example,editorial
C000634,M1-P037-AN-R2,B003,,https://independent-sleep.example/reviews/arcticloom,independent-sleep.example,editorial
C001025,M1-P061-CH-R2,B001,,https://astervale.example/products/cooling-sheet-set,astervale.example,owned
C001257,M2-P010-SE-R2,,,https://forum.example/r/hotsleepers/cooling-sheet-experiences,forum.example,forum
C000262,M1-P015-SE-R2,,,https://sleep-lab.example/guides/cooling-sheets,sleep-lab.example,editorial
C000183,M1-P011-AN-R2,,,https://forum.example/r/hotsleepers/cooling-sheet-experiences,forum.example,forum
C000156,M1-P010-CH-R1,B004,,https://independent-sleep.example/reviews/restnest,independent-sleep.example,editorial
C000617,M1-P037-CH-R1,,,https://home-review.example/best-cooling-bedding,home-review.example,editorial
C000200,M1-P012-SE-R2,B002,,https://sereinsleep.example/products/clean-cooling-sheets,sereinsleep.example,owned
C002032,M2-P054-CH-R2,,,https://sleep-lab.example/guides/cooling-sheets,sleep-lab.example,editorial
C000046,M1-P003-CH-R2,B003,,https://independent-sleep.example/reviews/arcticloom,independent-sleep.example,editorial
C001396,M2-P018-SE-R1,,,https://sleep-lab.example/guides/cooling-sheets,sleep-lab.example,editorial
C002192,M2-P062-AN-R1,,,https://sleep-lab.example/guides/cooling-sheets,sleep-lab.example,editorial
C001649,M2-P030-SE-R2,B001,,https://astervale.example/products/cooling-sheet-set,astervale.example,owned
C000310,M1-P018-AN-R1,,,https://forum.example/r/hotsleepers/cooling-sheet-experiences,forum.example,forum
C000806,M1-P048-CH-R2,,,https://home-review.example/best-cooling-bedding,home-review.example,editorial
C001356,M2-P016-CH-R1,B001,,https://independent-sleep.example/reviews/astervale,independent-sleep.example,editorial
C001486,M2-P022-SE-R1,B003,,https://independent-sleep.example/reviews/arcticloom,independent-sleep.example,editorial
C000746,M1-P044-AN-R2,,,https://forum.example/r/hotsleepers/cooling-sheet-experiences,forum.example,forum
C001880,M2-P045-SE-R2,B004,,https://restnest.example/products/value-cooling-set,restnest.example,owned
C001190,M2-P006-AN-R1,,,https://sleep-lab.example/guides/cooling-sheets,sleep-lab.example,editorial
C000511,M1-P030-SE-R2,B005,,https://eucalune.example/products/eucalyptus-sheets,eucalune.example,owned
C000912,M1-P054-SE-R1,,,https://sleep-lab.example/guides/cooling-sheets,sleep-lab.example,editorial
C001275,M2-P011-SE-R1,B003,,https://independent-sleep.example/reviews/arcticloom,independent-sleep.example,editorial
C000221,M1-P013-SE-R2,B002,,https://independent-sleep.example/reviews/serein-sleep,independent-sleep.example,editorial
C001866,M2-P044-SE-R1,,,https://sleep-lab.example/guides/cooling-sheets,sleep-lab.example,editorial
C000693,M1-P041-CH-R2,B002,,https://sereinsleep.example/products/clean-cooling-sheets,sereinsleep.example,owned
C001569,M2-P026-SE-R1,,,https://sleep-lab.example/guides/cooling-sheets,sleep-lab.example,editorial
C001225,M2-P008-AN-R1,B003,,https://independent-sleep.example/reviews/arcticloom,independent-sleep.example,editorial
C000890,M1-P053-CH-R1,B001,,https://astervale.example/products/cooling-sheet-set,astervale.example,owned
C000187,M1-P011-AN-R2,B005,,https://independent-sleep.example/reviews/eucalune,independent-sleep.example,editorial
C001192,M2-P006-AN-R2,,,https://forum.example/r/hotsleepers/cooling-sheet-experiences,forum.example,forum
C000761,M1-P045-AN-R2,,,https://forum.example/r/hotsleepers/cooling-sheet-experiences,forum.example,forum
C000745,M1-P044-AN-R2,,,https://sleep-lab.example/guides/cooling-sheets,sleep-lab.example,editorial
C000973,M1-P058-SE-R1,B001,,https://independent-sleep.example/reviews/astervale,independent-sleep.example,editorial
C001311,M2-P013-CH-R2,B001,,https://independent-sleep.example/reviews/astervale,independent-sleep.example,editorial
C000126,M1-P008-SE-R1,B004,,https://independent-sleep.example/reviews/restnest,independent-sleep.example,editorial
C000025,M1-P002-SE-R1,,,https://forum.example/r/hotsleepers/cooling-sheet-experiences,forum.example,forum
C001650,M2-P030-AN-R1,,,https://home-review.example/best-cooling-bedding,home-review.example,editorial
C001538,M2-P024-AN-R1,B002,,https://independent-sleep.example/reviews/serein-sleep,independent-sleep.example,editorial
C001952,M2-P049-SE-R2,B003,,https://independent-sleep.example/reviews/arcticloom,independent-sleep.example,editorial
C000469,M1-P027-AN-R2,B003,,https://arcticloom.example/collections/cooling-tech,arcticloom.example,owned
C001892,M2-P046-CH-R2,B005,,https://independent-sleep.example/reviews/eucalune,independent-sleep.example,editorial
C000336,M1-P019-AN-R2,B003,,https://arcticloom.example/collections/cooling-tech,arcticloom.example,owned
C002250,M2-P055-CH-R1,,,HTTPS://home-review.example/best-cooling-bedding/?utm_source=audit&utm_campaign=m2#section,home-review.example,editorial
C001496,M2-P022-AN-R2,B003,,https://arcticloom.example/collections/cooling-tech,arcticloom.example,owned
C001858,M2-P043-AN-R2,,,https://forum.example/r/hotsleepers/cooling-sheet-experiences,forum.example,forum
C001308,M2-P013-CH-R2,B002,,https://sereinsleep.example/products/clean-cooling-sheets,sereinsleep.example,owned
C000139,M1-P009-SE-R1,,,https://forum.example/r/hotsleepers/cooling-sheet-experiences,forum.example,forum
C000720,M1-P043-SE-R1,,,https://home-review.example/best-cooling-bedding,home-review.example,editorial
C000275,M1-P016-SE-R2,,,https://forum.example/r/hotsleepers/cooling-sheet-experiences,forum.example,forum
C000376,M1-P021-AN-R2,B004,,https://independent-sleep.example/reviews/restnest,independent-sleep.example,editorial
C000510,M1-P030-SE-R2,B004,,https://restnest.example/products/value-cooling-set,restnest.example,owned
C001625,M2-P029-CH-R2,B004,,https://restnest.example/products/value-cooling-set,restnest.example,owned
C001466,M2-P021-SE-R2,B002,,https://sereinsleep.example/products/clean-cooling-sheets,sereinsleep.example,owned
C001682,M2-P033-CH-R1,,,https://home-review.example/best-cooling-bedding,home-review.example,editorial
C000163,M1-P010-SE-R1,,,https://sleep-lab.example/guides/cooling-sheets,sleep-lab.example,editorial
C000217,M1-P013-SE-R1,B003,,https://arcticloom.example/collections/cooling-tech,arcticloom.example,owned
C000840,M1-P050-CH-R1,,,https://home-review.example/best-cooling-bedding,home-review.example,editorial
C000405,M1-P023-AN-R1,B005,,https://independent-sleep.example/reviews/eucalune,independent-sleep.example,editorial
C001741,M2-P036-CH-R2,,,https://home-review.example/best-cooling-bedding,home-review.example,editorial
C001617,M2-P028-AN-R2,B005,,https://independent-sleep.example/reviews/eucalune,independent-sleep.example,editorial
C000577,M1-P034-AN-R1,,,https://home-review.example/best-cooling-bedding,home-review.example,editorial
C000550,M1-P033-CH-R1,B005,,https://eucalune.example/products/eucalyptus-sheets,eucalune.example,owned
C000682,M1-P040-AN-R1,,,https://forum.example/r/hotsleepers/cooling-sheet-experiences,forum.example,forum
C001736,M2-P036-CH-R1,,,https://home-review.example/best-cooling-bedding,home-review.example,editorial
C000786,M1-P047-CH-R2,B002,,https://sereinsleep.example/products/clean-cooling-sheets,sereinsleep.example,owned
C001689,M2-P033-SE-R1,B004,,https://restnest.example/products/value-cooling-set,restnest.example,owned
C001398,M2-P018-SE-R1,B003,,https://independent-sleep.example/reviews/arcticloom,independent-sleep.example,editorial
C001209,M2-P007-AN-R2,B002,,https://independent-sleep.example/reviews/serein-sleep,independent-sleep.example,editorial
C001920,M2-P047-SE-R2,B004,,https://restnest.example/products/value-cooling-set,restnest.example,owned
C002054,M2-P055-SE-R1,B001,,https://astervale.example/products/cooling-sheet-set,astervale.example,owned
C000408,M1-P024-CH-R1,,,https://sleep-lab.example/guides/cooling-sheets,sleep-lab.example,editorial
C002006,M2-P052-SE-R2,,,https://sleep-lab.example/guides/cooling-sheets,sleep-lab.example,editorial
C000575,M1-P034-SE-R2,,,https://home-review.example/best-cooling-bedding,home-review.example,editorial
C000311,M1-P018-AN-R1,,,https://home-review.example/best-cooling-bedding,home-review.example,editorial
C001171,M2-P005-AN-R1,,,https://sleep-lab.example/guides/cooling-sheets,sleep-lab.example,editorial
C001331,M2-P014-SE-R1,,,https://forum.example/r/hotsleepers/cooling-sheet-experiences,forum.example,forum
C001521,M2-P024-CH-R1,,,https://forum.example/r/hotsleepers/cooling-sheet-experiences,forum.example,forum
C000048,M1-P003-SE-R1,,,https://home-review.example/best-cooling-bedding,home-review.example,editorial
C000360,M1-P021-CH-R2,B004,,https://independent-sleep.example/reviews/restnest,independent-sleep.example,editorial
C001230,M2-P009-CH-R1,,,https://forum.example/r/hotsleepers/cooling-sheet-experiences,forum.example,forum
C001077,M1-P064-AN-R1,B005,,https://independent-sleep.example/reviews/eucalune,independent-sleep.example,editorial
C000548,M1-P032-AN-R2,,,https://home-review.example/best-cooling-bedding,home-review.example,editorial
C001079,M1-P064-AN-R2,,,https://forum.example/r/hotsleepers/cooling-sheet-experiences,forum.example,forum
C001889,M2-P046-CH-R1,B003,,https://independent-sleep.example/reviews/arcticloom,independent-sleep.example,editorial
C001867,M2-P044-SE-R2,,,https://home-review.example/best-cooling-bedding,home-review.example,editorial
C001924,M2-P047-AN-R1,B002,,https://independent-sleep.example/reviews/serein-sleep,independent-sleep.example,editorial
C000345,M1-P020-SE-R1,B003,,https://independent-sleep.example/reviews/arcticloom,independent-sleep.example,editorial
C001184,M2-P006-SE-R1,B005,,https://eucalune.example/products/eucalyptus-sheets,eucalune.example,owned
C000462,M1-P027-SE-R1,B002,,https://sereinsleep.example/products/clean-cooling-sheets,sereinsleep.example,owned
C001687,M2-P033-SE-R1,,,https://sleep-lab.example/guides/cooling-sheets,sleep-lab.example,editorial
C000662,M1-P039-SE-R2,,,https://home-review.example/best-cooling-bedding,home-review.example,editorial
C000052,M1-P003-AN-R1,,,https://forum.example/r/hotsleepers/cooling-sheet-experiences,forum.example,forum
C001666,M2-P032-CH-R1,,,https://home-review.example/best-cooling-bedding,home-review.example,editorial
C001524,M2-P024-CH-R1,B003,,https://arcticloom.example/collections/cooling-tech,arcticloom.example,owned
C001241,M2-P009-SE-R2,B004,,https://restnest.example/products/value-cooling-set,restnest.example,owned
C001565,M2-P026-CH-R1,B002,,https://independent-sleep.example/reviews/serein-sleep,independent-sleep.example,editorial
C000245,M1-P014-AN-R1,B005,,https://eucalune.example/products/eucalyptus-sheets,eucalune.example,owned
C000665,M1-P039-AN-R1,B002,,https://independent-sleep.example/reviews/serein-sleep,independent-sleep.example,editorial
C001775,M2-P038-CH-R2,B003,,https://independent-sleep.example/reviews/arcticloom,independent-sleep.example,editorial
C000440,M1-P025-AN-R2,,,https://forum.example/r/hotsleepers/cooling-sheet-experiences,forum.example,forum
C000637,M1-P038-CH-R2,,,https://sleep-lab.example/guides/cooling-sheets,sleep-lab.example,editorial
C000171,M1-P010-AN-R2,,,https://sleep-lab.example/guides/cooling-sheets,sleep-lab.example,editorial
C002042,M2-P054-AN-R1,B001,,https://astervale.example/products/cooling-sheet-set,astervale.example,owned
C001027,M1-P061-SE-R2,,,https://home-review.example/best-cooling-bedding,home-review.example,editorial
C000369,M1-P021-AN-R1,,,https://home-review.example/best-cooling-bedding,home-review.example,editorial
C001314,M2-P013-SE-R1,,,https://sleep-lab.example/guides/cooling-sheets,sleep-lab.example,editorial
C000982,M1-P059-CH-R1,,,https://home-review.example/best-cooling-bedding,home-review.example,editorial
C001246,M2-P009-AN-R2,,,https://sleep-lab.example/guides/cooling-sheets,sleep-lab.example,editorial
C002246,M1-P044-CH-R2,,,HTTPS://www.SLEEP-LAB.EXAMPLE/guides/cooling-sheets/?utm_source=audit&utm_campaign=m2#section,www.SLEEP-LAB.EXAMPLE,editorial
C001662,M2-P031-SE-R2,B001,,https://independent-sleep.example/reviews/astervale,independent-sleep.example,editorial
C002087,M2-P057-SE-R2,,,https://home-review.example/best-cooling-bedding,home-review.example,editorial
C001362,M2-P016-SE-R1,B002,,https://sereinsleep.example/products/clean-cooling-sheets,sereinsleep.example,owned
C001518,M2-P023-AN-R2,,,https://home-review.example/best-cooling-bedding,home-review.example,editorial
C000130,M1-P008-AN-R1,,,https://forum.example/r/hotsleepers/cooling-sheet-experiences,forum.example,forum
C001183,M2-P006-SE-R1,B002,,https://independent-sleep.example/reviews/serein-sleep,independent-sleep.example,editorial
C000589,M1-P035-SE-R1,,,https://sleep-lab.example/guides/cooling-sheets,sleep-lab.example,editorial
C001563,M2-P026-CH-R1,,,https://forum.example/r/hotsleepers/cooling-sheet-experiences,forum.example,forum
C001789,M2-P039-CH-R2,,,https://home-review.example/best-cooling-bedding,home-review.example,editorial
C002029,M2-P053-AN-R2,,,https://sleep-lab.example/guides/cooling-sheets,sleep-lab.example,editorial
C000518,M1-P031-CH-R1,,,https://home-review.example/best-cooling-bedding,home-review.example,editorial
C001005,M1-P060-CH-R2,B003,,https://independent-sleep.example/reviews/arcticloom,independent-sleep.example,editorial
C000273,M1-P016-SE-R1,,,https://home-review.example/best-cooling-bedding,home-review.example,editorial
C001476,M2-P022-CH-R1,,,https://home-review.example/best-cooling-bedding,home-review.example,editorial
C001459,M2-P021-SE-R1,,,https://forum.example/r/hotsleepers/cooling-sheet-experiences,forum.example,forum
C001719,M2-P035-CH-R1,,,https://forum.example/r/hotsleepers/cooling-sheet-experiences,forum.example,forum
C001539,M2-P024-AN-R1,B004,,https://restnest.example/products/value-cooling-set,restnest.example,owned
C002020,M2-P053-SE-R1,,,https://home-review.example/best-cooling-bedding,home-review.example,editorial
C000292,M1-P017-AN-R1,,,https://sleep-lab.example/guides/cooling-sheets,sleep-lab.example,editorial
C000316,M1-P018-AN-R2,B003,,https://arcticloom.example/collections/cooling-tech,arcticloom.example,owned
C000211,M1-P013-CH-R1,,,https://home-review.example/best-cooling-bedding,home-review.example,editorial
C000679,M1-P040-SE-R1,B003,,https://independent-sleep.example/reviews/arcticloom,independent-sleep.example,editorial
C000852,M1-P050-AN-R1,B004,,https://independent-sleep.example/reviews/restnest,independent-sleep.example,editorial
C001324,M2-P014-CH-R1,B005,,https://eucalune.example/products/eucalyptus-sheets,eucalune.example,owned
C001744,M2-P036-SE-R1,B003,,https://independent-sleep.example/reviews/arcticloom,independent-sleep.example,editorial
C000655,M1-P039-CH-R2,B003,,https://arcticloom.example/collections/cooling-tech,arcticloom.example,owned
C001070,M1-P064-SE-R1,,,https://sleep-lab.example/guides/cooling-sheets,sleep-lab.example,editorial
C002213,M2-P064-CH-R1,,,https://forum.example/r/hotsleepers/cooling-sheet-experiences,forum.example,forum
C001838,M2-P042-SE-R2,B003,,https://arcticloom.example/collections/cooling-tech,arcticloom.example,owned
C001796,M2-P039-AN-R1,,,https://sleep-lab.example/guides/cooling-sheets,sleep-lab.example,editorial
C001772,M2-P038-CH-R1,B001,,https://astervale.example/products/cooling-sheet-set,astervale.example,owned
C000382,M1-P022-SE-R1,B004,,https://restnest.example/products/value-cooling-set,restnest.example,owned
C002261,M2-P008-AN-R2,B003,,HTTPS://www.INDEPENDENT-SLEEP.EXAMPLE/reviews/arcticloom/?utm_source=audit&utm_campaign=m2#section,www.INDEPENDENT-SLEEP.EXAMPLE,editorial
C001253,M2-P010-CH-R2,,,https://home-review.example/best-cooling-bedding,home-review.example,editorial
C001734,M2-P035-AN-R2,,,https://home-review.example/best-cooling-bedding,home-review.example,editorial
C002244,M2-P050-AN-R1,,Aster Vale,HTTPS://astervale.example/products/cooling-sheet-set/?utm_source=audit&utm_campaign=m2#section,astervale.example,owned
C000986,M1-P059-CH-R2,B001,,https://astervale.example/products/cooling-sheet-set,astervale.example,owned
C001363,M2-P016-SE-R1,B004,,https://independent-sleep.example/reviews/restnest,independent-sleep.example,editorial
C001805,M2-P040-CH-R2,B003,,https://arcticloom.example/collections/cooling-tech,arcticloom.example,owned
C001022,M1-P061-CH-R1,B001,,https://astervale.example/products/cooling-sheet-set,astervale.example,owned
C001818,M2-P041-CH-R2,,,https://sleep-lab.example/guides/cooling-sheets,sleep-lab.example,editorial
C000614,M1-P036-AN-R2,B005,,https://eucalune.example/products/eucalyptus-sheets,eucalune.example,owned
C002153,M2-P060-AN-R1,B002,,https://sereinsleep.example/products/clean-cooling-sheets,sereinsleep.example,owned
C001982,M2-P051-SE-R1,,,https://home-review.example/best-cooling-bedding,home-review.example,editorial
C000470,M1-P027-AN-R2,B003,,https://independent-sleep.example/reviews/arcticloom,independent-sleep.example,editorial
C000485,M1-P028-AN-R1,B002,,https://sereinsleep.example/products/clean-cooling-sheets,sereinsleep.example,owned
C001571,M2-P026-SE-R2,,,https://sleep-lab.example/guides/cooling-sheets,sleep-lab.example,editorial
C000417,M1-P024-SE-R2,,,https://forum.example/r/hotsleepers/cooling-sheet-experiences,forum.example,forum
C001888,M2-P046-CH-R1,,,https://sleep-lab.example/guides/cooling-sheets,sleep-lab.example,editorial
C000748,M1-P045-CH-R1,,,https://home-review.example/best-cooling-bedding,home-review.example,editorial
C001655,M2-P031-CH-R1,,,https://sleep-lab.example/guides/cooling-sheets,sleep-lab.example,editorial
C001890,M2-P046-CH-R1,B005,,https://eucalune.example/products/eucalyptus-sheets,eucalune.example,owned
C002168,M2-P061-SE-R2,,,https://home-review.example/best-cooling-bedding,home-review.example,editorial
C001974,M2-P050-AN-R2,B001,,https://independent-sleep.example/reviews/astervale,independent-sleep.example,editorial
C000051,M1-P003-AN-R1,,,https://sleep-lab.example/guides/cooling-sheets,sleep-lab.example,editorial
C001577,M2-P026-AN-R2,B002,,https://sereinsleep.example/products/clean-cooling-sheets,sereinsleep.example,owned
C001040,M1-P062-SE-R1,B002,,https://sereinsleep.example/products/clean-cooling-sheets,sereinsleep.example,owned
C002255,M2-P006-CH-R2,,,HTTPS://www.HOME-REVIEW.EXAMPLE/best-cooling-bedding/?utm_source=audit&utm_campaign=m2#section,www.HOME-REVIEW.EXAMPLE,editorial
C001526,M2-P024-CH-R2,,,https://forum.example/r/hotsleepers/cooling-sheet-experiences,forum.example,forum
C000846,M1-P050-SE-R1,B005,,https://independent-sleep.example/reviews/eucalune,independent-sleep.example,editorial
C001912,M2-P047-CH-R2,,,https://home-review.example/best-cooling-bedding,home-review.example,editorial
C000962,M1-P057-SE-R2,,,https://home-review.example/best-cooling-bedding,home-review.example,editorial
C001361,M2-P016-SE-R1,B001,,https://astervale.example/products/cooling-sheet-set,astervale.example,owned
C000487,M1-P028-AN-R2,,,https://home-review.example/best-cooling-bedding,home-review.example,editorial
C000684,M1-P040-AN-R1,B005,,https://independent-sleep.example/reviews/eucalune,independent-sleep.example,editorial
C002033,M2-P054-CH-R2,B001,,https://astervale.example/products/cooling-sheet-set,astervale.example,owned
C000538,M1-P032-CH-R1,B005,,https://independent-sleep.example/reviews/eucalune,independent-sleep.example,editorial
C001797,M2-P039-AN-R1,B005,,https://eucalune.example/products/eucalyptus-sheets,eucalune.example,owned
C000686,M1-P040-AN-R1,B003,,https://independent-sleep.example/reviews/arcticloom,independent-sleep.example,editorial
C001871,M2-P044-AN-R2,,,https://forum.example/r/hotsleepers/cooling-sheet-experiences,forum.example,forum
C000343,M1-P020-SE-R1,,,https://forum.example/r/hotsleepers/cooling-sheet-experiences,forum.example,forum
C000089,M1-P006-CH-R1,B002,,https://independent-sleep.example/reviews/serein-sleep,independent-sleep.example,editorial
C002227,M2-P064-AN-R1,,,https://home-review.example/best-cooling-bedding,home-review.example,editorial
C001819,M2-P041-SE-R1,,,https://forum.example/r/hotsleepers/cooling-sheet-experiences,forum.example,forum
C001723,M2-P035-CH-R2,B005,,https://eucalune.example/products/eucalyptus-sheets,eucalune.example,owned
C001489,M2-P022-SE-R2,B005,,https://eucalune.example/products/eucalyptus-sheets,eucalune.example,owned
C001574,M2-P026-AN-R1,,,https://forum.example/r/hotsleepers/cooling-sheet-experiences,forum.example,forum
C000191,M1-P012-CH-R2,,,https://forum.example/r/hotsleepers/cooling-sheet-experiences,forum.example,forum
C000851,M1-P050-AN-R1,B001,,https://astervale.example/products/cooling-sheet-set,astervale.example,owned
C001067,M1-P064-CH-R1,,,https://forum.example/r/hotsleepers/cooling-sheet-experiences,forum.example,forum
C000765,M1-P046-CH-R1,B003,,https://independent-sleep.example/reviews/arcticloom,independent-sleep.example,editorial
C001371,M2-P017-CH-R1,,,https://forum.example/r/hotsleepers/cooling-sheet-experiences,forum.example,forum
C001549,M2-P025-SE-R1,,,https://home-review.example/best-cooling-bedding,home-review.example,editorial
C001066,M1-P063-AN-R2,B002,,https://sereinsleep.example/products/clean-cooling-sheets,sereinsleep.example,owned
C002147,M2-P060-SE-R2,,,https://home-review.example/best-cooling-bedding,home-review.example,editorial
C000002,M1-P001-CH-R1,B003,,https://arcticloom.example/collections/cooling-tech,arcticloom.example,owned
C000242,M1-P014-SE-R2,B004,,https://independent-sleep.example/reviews/restnest,independent-sleep.example,editorial
C000403,M1-P023-AN-R1,,,https://forum.example/r/hotsleepers/cooling-sheet-experiences,forum.example,forum
C000093,M1-P006-SE-R1,,,https://home-review.example/best-cooling-bedding,home-review.example,editorial
C000022,M1-P002-CH-R2,,,https://sleep-lab.example/guides/cooling-sheets,sleep-lab.example,editorial
C000743,M1-P044-AN-R1,,,https://home-review.example/best-cooling-bedding,home-review.example,editorial
C000857,M1-P051-CH-R1,B001,,https://independent-sleep.example/reviews/astervale,independent-sleep.example,editorial
C000968,M1-P058-CH-R2,,,https://home-review.example/best-cooling-bedding,home-review.example,editorial
C001712,M2-P034-AN-R1,,,https://sleep-lab.example/guides/cooling-sheets,sleep-lab.example,editorial
C000953,M1-P056-AN-R2,,,https://sleep-lab.example/guides/cooling-sheets,sleep-lab.example,editorial
C001733,M2-P035-AN-R1,,,https://home-review.example/best-cooling-bedding,home-review.example,editorial
C000207,M1-P012-AN-R2,,,https://forum.example/r/hotsleepers/cooling-sheet-experiences,forum.example,forum
C001670,M2-P032-CH-R2,B003,,https://arcticloom.example/collections/cooling-tech,arcticloom.example,owned
C000605,M1-P036-SE-R2,,,https://home-review.example/best-cooling-bedding,home-review.example,editorial
C000090,M1-P006-CH-R2,,,https://home-review.example/best-cooling-bedding,home-review.example,editorial
C001882,M2-P045-AN-R1,,,https://home-review.example/best-cooling-bedding,home-review.example,editorial
C002176,M2-P061-AN-R2,B001,,https://astervale.example/products/cooling-sheet-set,astervale.example,owned
C001599,M2-P027-AN-R2,,,https://sleep-lab.example/guides/cooling-sheets,sleep-lab.example,editorial
C001859,M2-P043-AN-R2,B004,,https://restnest.example/products/value-cooling-set,restnest.example,owned
C002137,M2-P060-CH-R1,B005,,https://eucalune.example/products/eucalyptus-sheets,eucalune.example,owned
C002178,M2-P062-CH-R1,B001,,https://astervale.example/products/cooling-sheet-set,astervale.example,owned
C002014,M2-P053-CH-R1,,,https://home-review.example/best-cooling-bedding,home-review.example,editorial
C001111,M2-P002-AN-R1,,,https://sleep-lab.example/guides/cooling-sheets,sleep-lab.example,editorial
C002170,M2-P061-SE-R2,B002,,https://sereinsleep.example/products/clean-cooling-sheets,sereinsleep.example,owned
C000392,M1-P022-AN-R2,B002,,https://independent-sleep.example/reviews/serein-sleep,independent-sleep.example,editorial
C001400,M2-P018-SE-R2,,,https://sleep-lab.example/guides/cooling-sheets,sleep-lab.example,editorial
C000277,M1-P016-AN-R1,,,https://forum.example/r/hotsleepers/cooling-sheet-experiences,forum.example,forum
C001610,M2-P028-SE-R2,,,https://home-review.example/best-cooling-bedding,home-review.example,editorial
C000314,M1-P018-AN-R2,,,https://sleep-lab.example/guides/cooling-sheets,sleep-lab.example,editorial
C001357,M2-P016-CH-R2,,,https://home-review.example/best-cooling-bedding,home-review.example,editorial
C002076,M2-P056-AN-R1,B001,,https://independent-sleep.example/reviews/astervale,independent-sleep.example,editorial
C000573,M1-P034-SE-R1,B005,,https://eucalune.example/products/eucalyptus-sheets,eucalune.example,owned
C001781,M2-P038-AN-R2,,,https://home-review.example/best-cooling-bedding,home-review.example,editorial
C001074,M1-P064-SE-R2,B001,,https://independent-sleep.example/reviews/astervale,independent-sleep.example,editorial
C001739,M2-P036-CH-R1,B005,,https://eucalune.example/products/eucalyptus-sheets,eucalune.example,owned
C000576,M1-P034-AN-R1,,,https://sleep-lab.example/guides/cooling-sheets,sleep-lab.example,editorial
C001367,M2-P016-AN-R1,B003,,https://arcticloom.example/collections/cooling-tech,arcticloom.example,owned
C000322,M1-P019-CH-R2,B002,,https://sereinsleep.example/products/clean-cooling-sheets,sereinsleep.example,owned
C002166,M2-P061-SE-R1,,ASTERVALE,https://independent-sleep.example/reviews/astervale,independent-sleep.example,editorial
C000593,M1-P035-SE-R2,B005,,https://independent-sleep.example/reviews/eucalune,independent-sleep.example,editorial
C002199,M2-P063-CH-R1,,,https://home-review.example/best-cooling-bedding,home-review.example,editorial
C001594,M2-P027-SE-R2,B003,,https://arcticloom.example/collections/cooling-tech,arcticloom.example,owned
C000833,M1-P049-SE-R2,,,https://sleep-lab.example/guides/cooling-sheets,sleep-lab.example,editorial
C001181,M2-P006-SE-R1,B003,,https://arcticloom.example/collections/cooling-tech,arcticloom.example,owned
C000988,M1-P059-SE-R1,,ASTERVALE,https://astervale.example/products/cooling-sheet-set,astervale.example,owned
C001870,M2-P044-AN-R1,B003,,https://independent-sleep.example/reviews/arcticloom,independent-sleep.example,editorial
C000793,M1-P047-SE-R2,B005,,https://independent-sleep.example/reviews/eucalune,independent-sleep.example,editorial
C001508,M2-P023-SE-R1,B004,,https://restnest.example/products/value-cooling-set,restnest.example,owned
C000657,M1-P039-SE-R1,,,https://home-review.example/best-cooling-bedding,home-review.example,editorial
C001117,M2-P003-CH-R1,B003,,https://arcticloom.example/collections/cooling-tech,arcticloom.example,owned
C000475,M1-P028-CH-R2,B005,,https://eucalune.example/products/eucalyptus-sheets,eucalune.example,owned
C000333,M1-P019-AN-R1,,,https://sleep-lab.example/guides/cooling-sheets,sleep-lab.example,editorial
C000446,M1-P026-CH-R2,B004,,https://restnest.example/products/value-cooling-set,restnest.example,owned
C001397,M2-P018-SE-R1,,,https://home-review.example/best-cooling-bedding,home-review.example,editorial
C000293,M1-P017-AN-R1,B002,,https://independent-sleep.example/reviews/serein-sleep,independent-sleep.example,editorial
C001223,M2-P008-SE-R2,B005,,https://eucalune.example/products/eucalyptus-sheets,eucalune.example,owned
C000768,M1-P046-CH-R2,B005,,https://eucalune.example/products/eucalyptus-sheets,eucalune.example,owned
C000713,M1-P042-AN-R2,,,https://home-review.example/best-cooling-bedding,home-review.example,editorial
C000600,M1-P036-CH-R1,,,https://home-review.example/best-cooling-bedding,home-review.example,editorial
C000268,M1-P016-CH-R1,,,https://sleep-lab.example/guides/cooling-sheets,sleep-lab.example,editorial
C000666,M1-P039-AN-R2,,,https://home-review.example/best-cooling-bedding,home-review.example,editorial
C000850,M1-P050-AN-R1,,,https://sleep-lab.example/guides/cooling-sheets,sleep-lab.example,editorial
C000934,M1-P055-SE-R2,,,https://sleep-lab.example/guides/cooling-sheets,sleep-lab.example,editorial
C000633,M1-P037-AN-R2,B003,,https://arcticloom.example/collections/cooling-tech,arcticloom.example,owned
C000506,M1-P030-SE-R1,,,https://forum.example/r/hotsleepers/cooling-sheet-experiences,forum.example,forum
C001099,M2-P002-CH-R2,,,https://forum.example/r/hotsleepers/cooling-sheet-experiences,forum.example,forum
C000423,M1-P025-CH-R1,,,https://home-review.example/best-cooling-bedding,home-review.example,editorial
C000749,M1-P045-CH-R2,,,https://home-review.example/best-cooling-bedding,home-review.example,editorial
C000671,M1-P040-CH-R1,B002,,https://independent-sleep.example/reviews/serein-sleep,independent-sleep.example,editorial
C000504,M1-P030-CH-R2,B003,,https://independent-sleep.example/reviews/arcticloom,independent-sleep.example,editorial
C000827,M1-P049-CH-R1,B001,,https://independent-sleep.example/reviews/astervale,independent-sleep.example,editorial
C000870,M1-P051-AN-R2,,,https://home-review.example/best-cooling-bedding,home-review.example,editorial
C001263,M2-P011-CH-R1,,,https://forum.example/r/hotsleepers/cooling-sheet-experiences,forum.example,forum
C002159,M2-P061-CH-R1,B004,,https://restnest.example/products/value-cooling-set,restnest.example,owned
C001770,M2-P038-CH-R1,B005,,https://eucalune.example/products/eucalyptus-sheets,eucalune.example,owned
C000430,M1-P025-CH-R2,B002,,https://sereinsleep.example/products/clean-cooling-sheets,sereinsleep.example,owned
C000798,M1-P047-AN-R2,,,https://forum.example/r/hotsleepers/cooling-sheet-experiences,forum.example,forum
C000613,M1-P036-AN-R2,B004,,https://independent-sleep.example/reviews/restnest,independent-sleep.example,editorial
C002130,M2-P059-AN-R2,B001,,https://independent-sleep.example/reviews/astervale,independent-sleep.example,editorial
C002010,M2-P052-AN-R1,B004,,https://independent-sleep.example/reviews/restnest,independent-sleep.example,editorial
C001821,M2-P041-SE-R2,,,https://home-review.example/best-cooling-bedding,home-review.example,editorial
C000660,M1-P039-SE-R1,B004,,https://independent-sleep.example/reviews/restnest,independent-sleep.example,editorial
C002021,M2-P053-SE-R1,B001,,https://astervale.example/products/cooling-sheet-set,astervale.example,owned
C001632,M2-P029-SE-R2,B002,,https://sereinsleep.example/products/clean-cooling-sheets,sereinsleep.example,owned
C001847,M2-P043-CH-R1,B002,,https://independent-sleep.example/reviews/serein-sleep,independent-sleep.example,editorial
C002071,M2-P056-SE-R2,,,https://forum.example/r/hotsleepers/cooling-sheet-experiences,forum.example,forum
C000893,M1-P053-CH-R2,B001,,https://astervale.example/products/cooling-sheet-set,astervale.example,owned
C002073,M2-P056-SE-R2,B001,,https://independent-sleep.example/reviews/astervale,independent-sleep.example,editorial
C001335,M2-P014-SE-R2,B001,,https://astervale.example/products/cooling-sheet-set,astervale.example,owned
C002143,M2-P060-SE-R1,B003,,https://arcticloom.example/collections/cooling-tech,arcticloom.example,owned
C000416,M1-P024-SE-R1,B002,,https://independent-sleep.example/reviews/serein-sleep,independent-sleep.example,editorial
C001144,M2-P004-CH-R2,B004,,https://restnest.example/products/value-cooling-set,restnest.example,owned
C000193,M1-P012-SE-R1,,,https://sleep-lab.example/guides/cooling-sheets,sleep-lab.example,editorial
C001212,M2-P007-AN-R2,B001,,https://independent-sleep.example/reviews/astervale,independent-sleep.example,editorial
C001103,M2-P002-SE-R1,,,https://home-review.example/best-cooling-bedding,home-review.example,editorial
C001462,M2-P021-SE-R1,B002,,https://sereinsleep.example/products/clean-cooling-sheets,sereinsleep.example,owned
C000291,M1-P017-AN-R1,,,https://forum.example/r/hotsleepers/cooling-sheet-experiences,forum.example,forum
BAD003,M1-P036-AN-R2,B001,,,astervale.example,owned
C000802,M1-P048-CH-R1,,,https://forum.example/r/hotsleepers/cooling-sheet-experiences,forum.example,forum
C001673,M2-P032-SE-R1,B001,,https://astervale.example/products/cooling-sheet-set,astervale.example,owned
C000394,M1-P023-CH-R1,,,https://sleep-lab.example/guides/cooling-sheets,sleep-lab.example,editorial
C000169,M1-P010-AN-R1,B005,,https://independent-sleep.example/reviews/eucalune,independent-sleep.example,editorial
C000500,M1-P030-CH-R1,,,https://sleep-lab.example/guides/cooling-sheets,sleep-lab.example,editorial
C001153,M2-P004-AN-R1,B004,,https://restnest.example/products/value-cooling-set,restnest.example,owned
C000346,M1-P020-SE-R1,B004,,https://independent-sleep.example/reviews/restnest,independent-sleep.example,editorial
C000730,M1-P044-CH-R1,B001,,https://astervale.example/products/cooling-sheet-set,astervale.example,owned
C000401,M1-P023-SE-R2,B003,,https://arcticloom.example/collections/cooling-tech,arcticloom.example,owned
C001554,M2-P025-SE-R2,B001,,https://independent-sleep.example/reviews/astervale,independent-sleep.example,editorial
C001036,M1-P062-CH-R1,B003,,https://independent-sleep.example/reviews/arcticloom,independent-sleep.example,editorial
C002172,M2-P061-AN-R1,,,https://sleep-lab.example/guides/cooling-sheets,sleep-lab.example,editorial
C000109,M1-P007-SE-R2,,,https://home-review.example/best-cooling-bedding,home-review.example,editorial
C001167,M2-P005-SE-R2,,,https://home-review.example/best-cooling-bedding,home-review.example,editorial
C001320,M2-P013-AN-R1,B003,,https://arcticloom.example/collections/cooling-tech,arcticloom.example,owned
C001359,M2-P016-CH-R2,B001,,https://astervale.example/products/cooling-sheet-set,astervale.example,owned
C001039,M1-P062-SE-R1,B001,,https://astervale.example/products/cooling-sheet-set,astervale.example,owned
C001115,M2-P002-AN-R2,,,https://forum.example/r/hotsleepers/cooling-sheet-experiences,forum.example,forum
C001814,M2-P040-AN-R1,B002,,https://sereinsleep.example/products/clean-cooling-sheets,sereinsleep.example,owned
C000358,M1-P021-CH-R1,,,https://sleep-lab.example/guides/cooling-sheets,sleep-lab.example,editorial
C000812,M1-P048-SE-R1,B002,,https://sereinsleep.example/products/clean-cooling-sheets,sereinsleep.example,owned
C002157,M2-P061-CH-R1,,,https://forum.example/r/hotsleepers/cooling-sheet-experiences,forum.example,forum
C001280,M2-P011-AN-R1,B002,,https://sereinsleep.example/products/clean-cooling-sheets,sereinsleep.example,owned
C001743,M2-P036-SE-R1,,,https://sleep-lab.example/guides/cooling-sheets,sleep-lab.example,editorial
C000695,M1-P041-SE-R1,B002,,https://independent-sleep.example/reviews/serein-sleep,independent-sleep.example,editorial
C000677,M1-P040-CH-R2,B003,,https://independent-sleep.example/reviews/arcticloom,independent-sleep.example,editorial
C000842,M1-P050-CH-R2,,,https://sleep-lab.example/guides/cooling-sheets,sleep-lab.example,editorial
C000920,M1-P054-AN-R1,B001,,https://independent-sleep.example/reviews/astervale,independent-sleep.example,editorial
C001092,M2-P001-AN-R1,B001,,https://astervale.example/products/cooling-sheet-set,astervale.example,owned
C001953,M2-P049-AN-R1,,,https://forum.example/r/hotsleepers/cooling-sheet-experiences,forum.example,forum
C001980,M2-P051-CH-R2,,,https://home-review.example/best-cooling-bedding,home-review.example,editorial
C001134,M2-P003-AN-R2,,,https://sleep-lab.example/guides/cooling-sheets,sleep-lab.example,editorial
C000118,M1-P007-AN-R2,B002,,https://sereinsleep.example/products/clean-cooling-sheets,sereinsleep.example,owned
C001387,M2-P017-AN-R2,,,https://sleep-lab.example/guides/cooling-sheets,sleep-lab.example,editorial
C001710,M2-P034-SE-R2,B002,,https://sereinsleep.example/products/clean-cooling-sheets,sereinsleep.example,owned
C001274,M2-P011-SE-R1,B005,,https://eucalune.example/products/eucalyptus-sheets,eucalune.example,owned
C001823,M2-P041-SE-R2,B003,,https://independent-sleep.example/reviews/arcticloom,independent-sleep.example,editorial
C002248,M2-P042-AN-R1,B005,,HTTPS://independent-sleep.example/reviews/eucalune/?utm_source=audit&utm_campaign=m2#section,independent-sleep.example,editorial
C001186,M2-P006-SE-R2,,,https://forum.example/r/hotsleepers/cooling-sheet-experiences,forum.example,forum
C001080,M1-P064-AN-R2,B004,,https://independent-sleep.example/reviews/restnest,independent-sleep.example,editorial
C000639,M1-P038-CH-R2,B001,,https://independent-sleep.example/reviews/astervale,independent-sleep.example,editorial
C001499,M2-P023-CH-R1,,,https://forum.example/r/hotsleepers/cooling-sheet-experiences,forum.example,forum
C001374,M2-P017-CH-R2,B003,,https://independent-sleep.example/reviews/arcticloom,independent-sleep.example,editorial
C001382,M2-P017-SE-R2,B005,,https://independent-sleep.example/reviews/eucalune,independent-sleep.example,editorial
C001570,M2-P026-SE-R1,B003,,https://arcticloom.example/collections/cooling-tech,arcticloom.example,owned
C000476,M1-P028-CH-R2,B001,,https://independent-sleep.example/reviews/astervale,independent-sleep.example,editorial
C001478,M2-P022-CH-R1,B003,,https://independent-sleep.example/reviews/arcticloom,independent-sleep.example,editorial
C001059,M1-P063-SE-R2,,,https://forum.example/r/hotsleepers/cooling-sheet-experiences,forum.example,forum
C000009,M1-P001-SE-R2,,,https://sleep-lab.example/guides/cooling-sheets,sleep-lab.example,editorial
C002111,M2-P058-AN-R2,,,https://home-review.example/best-cooling-bedding,home-review.example,editorial
C000752,M1-P045-SE-R1,,,https://sleep-lab.example/guides/cooling-sheets,sleep-lab.example,editorial
C000539,M1-P032-CH-R2,,,https://sleep-lab.example/guides/cooling-sheets,sleep-lab.example,editorial
C000521,M1-P031-CH-R2,,,https://home-review.example/best-cooling-bedding,home-review.example,editorial
C000977,M1-P058-SE-R2,B001,,https://astervale.example/products/cooling-sheet-set,astervale.example,owned
C000554,M1-P033-CH-R2,B003,,https://arcticloom.example/collections/cooling-tech,arcticloom.example,owned
C000069,M1-P004-AN-R1,B002,,https://independent-sleep.example/reviews/serein-sleep,independent-sleep.example,editorial
C001717,M2-P034-AN-R2,B003,,https://independent-sleep.example/reviews/arcticloom,independent-sleep.example,editorial
C000836,M1-P049-AN-R2,,,https://forum.example/r/hotsleepers/cooling-sheet-experiences,forum.example,forum
C000414,M1-P024-CH-R2,B004,,https://independent-sleep.example/reviews/restnest,independent-sleep.example,editorial
C000236,M1-P014-SE-R1,B003,,https://arcticloom.example/collections/cooling-tech,arcticloom.example,owned
C001233,M2-P009-CH-R1,B001,,https://astervale.example/products/cooling-sheet-set,astervale.example,owned
C000756,M1-P045-SE-R2,B003,,https://independent-sleep.example/reviews/arcticloom,independent-sleep.example,editorial
C001528,M2-P024-SE-R1,,,https://forum.example/r/hotsleepers/cooling-sheet-experiences,forum.example,forum
C001442,M2-P020-AN-R1,B003,,https://arcticloom.example/collections/cooling-tech,arcticloom.example,owned
C000797,M1-P047-AN-R2,,,https://home-review.example/best-cooling-bedding,home-review.example,editorial
C001440,M2-P020-SE-R2,B004,,https://restnest.example/products/value-cooling-set,restnest.example,owned
C001026,M1-P061-SE-R1,,,https://sleep-lab.example/guides/cooling-sheets,sleep-lab.example,editorial
C002096,M2-P058-CH-R1,B002,,https://sereinsleep.example/products/clean-cooling-sheets,sereinsleep.example,owned
C001601,M2-P027-AN-R2,B002,,https://independent-sleep.example/reviews/serein-sleep,independent-sleep.example,editorial
C002179,M2-P062-CH-R1,B005,,https://eucalune.example/products/eucalyptus-sheets,eucalune.example,owned
C001021,M1-P061-CH-R1,,,https://sleep-lab.example/guides/cooling-sheets,sleep-lab.example,editorial
C001672,M2-P032-SE-R1,,,https://forum.example/r/hotsleepers/cooling-sheet-experiences,forum.example,forum
C001053,M1-P063-CH-R1,,,https://forum.example/r/hotsleepers/cooling-sheet-experiences,forum.example,forum
C000776,M1-P046-AN-R1,,,https://sleep-lab.example/guides/cooling-sheets,sleep-lab.example,editorial
C000795,M1-P047-AN-R1,B003,,https://arcticloom.example/collections/cooling-tech,arcticloom.example,owned
C001473,M2-P021-AN-R2,,,https://sleep-lab.example/guides/cooling-sheets,sleep-lab.example,editorial
C000122,M1-P008-CH-R2,,,https://home-review.example/best-cooling-bedding,home-review.example,editorial
C001667,M2-P032-CH-R1,,,https://sleep-lab.example/guides/cooling-sheets,sleep-lab.example,editorial
C002101,M2-P058-SE-R1,B001,,https://astervale.example/products/cooling-sheet-set,astervale.example,owned
C000799,M1-P047-AN-R2,B002,,https://sereinsleep.example/products/clean-cooling-sheets,sereinsleep.example,owned
C000154,M1-P010-CH-R1,,,https://forum.example/r/hotsleepers/cooling-sheet-experiences,forum.example,forum
C000205,M1-P012-AN-R1,B002,,https://independent-sleep.example/reviews/serein-sleep,independent-sleep.example,editorial
C001700,M2-P034-CH-R1,,,https://forum.example/r/hotsleepers/cooling-sheet-experiences,forum.example,forum
C000685,M1-P040-AN-R1,B003,,https://arcticloom.example/collections/cooling-tech,arcticloom.example,owned
C001426,M2-P019-AN-R2,B003,,https://arcticloom.example/collections/cooling-tech,arcticloom.example,owned
C000606,M1-P036-SE-R2,,,https://sleep-lab.example/guides/cooling-sheets,sleep-lab.example,editorial
C000618,M1-P037-CH-R1,B002,,https://independent-sleep.example/reviews/serein-sleep,independent-sleep.example,editorial
C002196,M2-P062-AN-R2,,,https://home-review.example/best-cooling-bedding,home-review.example,editorial
C000225,M1-P013-AN-R2,,,https://home-review.example/best-cooling-bedding,home-review.example,editorial
C000177,M1-P011-CH-R2,,,https://home-review.example/best-cooling-bedding,home-review.example,editorial
C002185,M2-P062-SE-R1,,,https://sleep-lab.example/guides/cooling-sheets,sleep-lab.example,editorial
C000460,M1-P027-SE-R1,,,https://forum.example/r/hotsleepers/cooling-sheet-experiences,forum.example,forum
C001621,M2-P029-CH-R1,B003,,https://independent-sleep.example/reviews/arcticloom,independent-sleep.example,editorial
C001062,M1-P063-AN-R1,,,https://forum.example/r/hotsleepers/cooling-sheet-experiences,forum.example,forum
C000362,M1-P021-SE-R1,B002,,https://independent-sleep.example/reviews/serein-sleep,independent-sleep.example,editorial
C001430,M2-P020-CH-R1,B002,,https://independent-sleep.example/reviews/serein-sleep,independent-sleep.example,editorial
C001548,M2-P025-SE-R1,,,https://forum.example/r/hotsleepers/cooling-sheet-experiences,forum.example,forum
C001118,M2-P003-CH-R1,B005,,https://independent-sleep.example/reviews/eucalune,independent-sleep.example,editorial
C001093,M2-P001-AN-R2,,,https://sleep-lab.example/guides/cooling-sheets,sleep-lab.example,editorial
C001510,M2-P023-SE-R2,B004,,https://restnest.example/products/value-cooling-set,restnest.example,owned
C002200,M2-P063-CH-R1,B001,,https://astervale.example/products/cooling-sheet-set,astervale.example,owned
C000473,M1-P028-CH-R2,,,https://sleep-lab.example/guides/cooling-sheets,sleep-lab.example,editorial
C000092,M1-P006-CH-R2,B004,,https://restnest.example/products/value-cooling-set,restnest.example,owned
C001285,M2-P011-AN-R2,B003,,https://independent-sleep.example/reviews/arcticloom,independent-sleep.example,editorial
C000764,M1-P046-CH-R1,B002,,https://sereinsleep.example/products/clean-cooling-sheets,sereinsleep.example,owned
C000396,M1-P023-CH-R2,,,https://home-review.example/best-cooling-bedding,home-review.example,editorial
C001322,M2-P014-CH-R1,,,https://forum.example/r/hotsleepers/cooling-sheet-experiences,forum.example,forum
C002243,M2-P053-AN-R1,,,HTTPS://www.SLEEP-LAB.EXAMPLE/guides/cooling-sheets/?utm_source=audit&utm_campaign=m2#section,www.SLEEP-LAB.EXAMPLE,editorial
C000208,M1-P012-AN-R2,B002,,https://sereinsleep.example/products/clean-cooling-sheets,sereinsleep.example,owned
C000976,M1-P058-SE-R2,,,https://sleep-lab.example/guides/cooling-sheets,sleep-lab.example,editorial
C001480,M2-P022-CH-R2,,,https://sleep-lab.example/guides/cooling-sheets,sleep-lab.example,editorial
C001068,M1-P064-CH-R2,,,https://sleep-lab.example/guides/cooling-sheets,sleep-lab.example,editorial
C001033,M1-P062-CH-R1,,,https://forum.example/r/hotsleepers/cooling-sheet-experiences,forum.example,forum
C001641,M2-P029-AN-R2,,,https://forum.example/r/hotsleepers/cooling-sheet-experiences,forum.example,forum
C001513,M2-P023-SE-R2,B005,,https://independent-sleep.example/reviews/eucalune,independent-sleep.example,editorial
C000057,M1-P004-CH-R1,,,https://forum.example/r/hotsleepers/cooling-sheet-experiences,forum.example,forum
C000564,M1-P034-CH-R1,,,https://forum.example/r/hotsleepers/cooling-sheet-experiences,forum.example,forum
C001760,M2-P037-SE-R2,,,https://home-review.example/best-cooling-bedding,home-review.example,editorial
C001373,M2-P017-CH-R2,B002,,https://sereinsleep.example/products/clean-cooling-sheets,sereinsleep.example,owned
C001762,M2-P037-SE-R2,B002,,https://sereinsleep.example/products/clean-cooling-sheets,sereinsleep.example,owned
C001976,M2-P051-CH-R1,B001,,https://astervale.example/products/cooling-sheet-set,astervale.example,owned
C000327,M1-P019-SE-R1,B003,,https://independent-sleep.example/reviews/arcticloom,independent-sleep.example,editorial
C000541,M1-P032-CH-R2,B004,,https://independent-sleep.example/reviews/restnest,independent-sleep.example,editorial
C002237,M2-P064-AN-R2,B004,,https://independent-sleep.example/reviews/restnest,independent-sleep.example,editorial
C001047,M1-P062-AN-R2,,,https://home-review.example/best-cooling-bedding,home-review.example,editorial
C001783,M2-P038-AN-R2,B005,,https://eucalune.example/products/eucalyptus-sheets,eucalune.example,owned
C000321,M1-P019-CH-R2,B005,,https://independent-sleep.example/reviews/eucalune,independent-sleep.example,editorial
C001125,M2-P003-SE-R1,,,https://home-review.example/best-cooling-bedding,home-review.example,editorial
C000307,M1-P018-SE-R2,B002,,https://independent-sleep.example/reviews/serein-sleep,independent-sleep.example,editorial
C001881,M2-P045-SE-R2,B001,,https://independent-sleep.example/reviews/astervale,independent-sleep.example,editorial
C001034,M1-P062-CH-R1,,,https://home-review.example/best-cooling-bedding,home-review.example,editorial
C001557,M2-P025-AN-R2,,,https://forum.example/r/hotsleepers/cooling-sheet-experiences,forum.example,forum
C002024,M2-P053-SE-R2,,,https://home-review.example/best-cooling-bedding,home-review.example,editorial
C001904,M2-P046-AN-R2,B002,,https://sereinsleep.example/products/clean-cooling-sheets,sereinsleep.example,owned
C000847,M1-P050-SE-R2,,,https://home-review.example/best-cooling-bedding,home-review.example,editorial
C000738,M1-P044-SE-R1,B002,,https://sereinsleep.example/products/clean-cooling-sheets,sereinsleep.example,owned
C000668,M1-P040-CH-R1,,,https://forum.example/r/hotsleepers/cooling-sheet-experiences,forum.example,forum
C001463,M2-P021-SE-R2,,,https://sleep-lab.example/guides/cooling-sheets,sleep-lab.example,editorial
C000269,M1-P016-CH-R1,B002,,https://sereinsleep.example/products/clean-cooling-sheets,sereinsleep.example,owned
C001842,M2-P042-AN-R1,B005,,https://independent-sleep.example/reviews/eucalune,independent-sleep.example,editorial
C000531,M1-P031-AN-R1,,,https://sleep-lab.example/guides/cooling-sheets,sleep-lab.example,editorial
C000197,M1-P012-SE-R2,,,https://sleep-lab.example/guides/cooling-sheets,sleep-lab.example,editorial
C001604,M2-P028-CH-R1,B002,,https://independent-sleep.example/reviews/serein-sleep,independent-sleep.example,editorial
C000556,M1-P033-SE-R2,,,https://home-review.example/best-cooling-bedding,home-review.example,editorial
C000202,M1-P012-AN-R1,,,https://sleep-lab.example/guides/cooling-sheets,sleep-lab.example,editorial
C001207,M2-P007-AN-R1,,,https://sleep-lab.example/guides/cooling-sheets,sleep-lab.example,editorial
C000585,M1-P035-CH-R1,B002,,https://independent-sleep.example/reviews/serein-sleep,independent-sleep.example,editorial
C001576,M2-P026-AN-R2,,,https://sleep-lab.example/guides/cooling-sheets,sleep-lab.example,editorial
C000623,M1-P037-CH-R2,B005,,https://eucalune.example/products/eucalyptus-sheets,eucalune.example,owned
C001384,M2-P017-AN-R1,,,https://home-review.example/best-cooling-bedding,home-review.example,editorial
C000424,M1-P025-CH-R1,,,https://sleep-lab.example/guides/cooling-sheets,sleep-lab.example,editorial
C000153,M1-P010-CH-R1,,,https://sleep-lab.example/guides/cooling-sheets,sleep-lab.example,editorial
C000138,M1-P009-CH-R2,B003,,https://independent-sleep.example/reviews/arcticloom,independent-sleep.example,editorial
C001535,M2-P024-SE-R2,B003,,https://arcticloom.example/collections/cooling-tech,arcticloom.example,owned
C002090,M2-P057-AN-R1,,,https://forum.example/r/hotsleepers/cooling-sheet-experiences,forum.example,forum
C000427,M1-P025-CH-R1,B004,,https://restnest.example/products/value-cooling-set,restnest.example,owned
C001552,M2-P025-SE-R2,,,https://sleep-lab.example/guides/cooling-sheets,sleep-lab.example,editorial
C002116,M2-P059-CH-R1,,,https://home-review.example/best-cooling-bedding,home-review.example,editorial
C000913,M1-P054-SE-R1,,,https://forum.example/r/hotsleepers/cooling-sheet-experiences,forum.example,forum
C000204,M1-P012-AN-R1,B004,,https://restnest.example/products/value-cooling-set,restnest.example,owned
C001097,M2-P002-CH-R1,,,https://forum.example/r/hotsleepers/cooling-sheet-experiences,forum.example,forum
C000604,M1-P036-SE-R1,B005,,https://independent-sleep.example/reviews/eucalune,independent-sleep.example,editorial
C001172,M2-P005-AN-R2,,,https://home-review.example/best-cooling-bedding,home-review.example,editorial
C001369,M2-P016-AN-R2,,,https://home-review.example/best-cooling-bedding,home-review.example,editorial
C001531,M2-P024-SE-R2,,,https://sleep-lab.example/guides/cooling-sheets,sleep-lab.example,editorial
C000875,M1-P052-CH-R2,,,https://forum.example/r/hotsleepers/cooling-sheet-experiences,forum.example,forum
C001245,M2-P009-AN-R1,B003,,https://arcticloom.example/collections/cooling-tech,arcticloom.example,owned
C002186,M2-P062-SE-R1,B001,,https://astervale.example/products/cooling-sheet-set,astervale.example,owned
C000559,M1-P033-AN-R1,B004,,https://restnest.example/products/value-cooling-set,restnest.example,owned
C001747,M2-P036-SE-R2,B002,,https://independent-sleep.example/reviews/serein-sleep,independent-sleep.example,editorial
C001411,M2-P019-CH-R1,B001,,https://astervale.example/products/cooling-sheet-set,astervale.example,owned
C000053,M1-P003-AN-R1,B002,,https://independent-sleep.example/reviews/serein-sleep,independent-sleep.example,editorial
C000726,M1-P043-AN-R2,,,https://forum.example/r/hotsleepers/cooling-sheet-experiences,forum.example,forum
C000461,M1-P027-SE-R1,,,https://sleep-lab.example/guides/cooling-sheets,sleep-lab.example,editorial
C001505,M2-P023-CH-R2,B004,,https://independent-sleep.example/reviews/restnest,independent-sleep.example,editorial
C002045,M2-P054-AN-R2,,,https://forum.example/r/hotsleepers/cooling-sheet-experiences,forum.example,forum
C001922,M2-P047-AN-R1,,,https://sleep-lab.example/guides/cooling-sheets,sleep-lab.example,editorial
C001506,M2-P023-SE-R1,,,https://sleep-lab.example/guides/cooling-sheets,sleep-lab.example,editorial
C000774,M1-P046-SE-R2,B005,,https://eucalune.example/products/eucalyptus-sheets,eucalune.example,owned
C002180,M2-P062-CH-R1,B005,,https://independent-sleep.example/reviews/eucalune,independent-sleep.example,editorial
C001116,M2-P003-CH-R1,,,https://forum.example/r/hotsleepers/cooling-sheet-experiences,forum.example,forum
C001221,M2-P008-SE-R2,B002,,https://sereinsleep.example/products/clean-cooling-sheets,sereinsleep.example,owned
C000555,M1-P033-SE-R1,,,https://home-review.example/best-cooling-bedding,home-review.example,editorial
C001561,M2-P025-AN-R2,B004,,https://independent-sleep.example/reviews/restnest,independent-sleep.example,editorial
C000303,M1-P018-SE-R1,,,https://home-review.example/best-cooling-bedding,home-review.example,editorial
C002207,M2-P063-SE-R2,,,https://home-review.example/best-cooling-bedding,home-review.example,editorial
C001515,M2-P023-AN-R1,,,https://home-review.example/best-cooling-bedding,home-review.example,editorial
C000347,M1-P020-SE-R2,,,https://forum.example/r/hotsleepers/cooling-sheet-experiences,forum.example,forum
C000498,M1-P029-AN-R2,,,https://home-review.example/best-cooling-bedding,home-review.example,editorial
C000612,M1-P036-AN-R2,B004,,https://restnest.example/products/value-cooling-set,restnest.example,owned
C001971,M2-P050-AN-R1,,AsterVale(TM),https://astervale.example/products/cooling-sheet-set,astervale.example,owned
C001766,M2-P037-AN-R2,,,https://home-review.example/best-cooling-bedding,home-review.example,editorial
C002224,M2-P064-SE-R2,,,https://forum.example/r/hotsleepers/cooling-sheet-experiences,forum.example,forum
C000096,M1-P006-SE-R2,,,https://sleep-lab.example/guides/cooling-sheets,sleep-lab.example,editorial
C001161,M2-P005-CH-R2,,,https://forum.example/r/hotsleepers/cooling-sheet-experiences,forum.example,forum
C000603,M1-P036-SE-R1,,,https://sleep-lab.example/guides/cooling-sheets,sleep-lab.example,editorial
C001282,M2-P011-AN-R1,B005,,https://eucalune.example/products/eucalyptus-sheets,eucalune.example,owned
C000831,M1-P049-SE-R1,,,https://home-review.example/best-cooling-bedding,home-review.example,editorial
C000884,M1-P052-AN-R2,,,https://sleep-lab.example/guides/cooling-sheets,sleep-lab.example,editorial
C000386,M1-P022-AN-R1,,,https://home-review.example/best-cooling-bedding,home-review.example,editorial
C000182,M1-P011-AN-R1,,,https://forum.example/r/hotsleepers/cooling-sheet-experiences,forum.example,forum
C001503,M2-P023-CH-R2,B003,,https://independent-sleep.example/reviews/arcticloom,independent-sleep.example,editorial
C001252,M2-P010-CH-R1,B001,,https://astervale.example/products/cooling-sheet-set,astervale.example,owned
C000483,M1-P028-AN-R1,,,https://sleep-lab.example/guides/cooling-sheets,sleep-lab.example,editorial
C001886,M2-P045-AN-R2,,,https://sleep-lab.example/guides/cooling-sheets,sleep-lab.example,editorial
C002216,M2-P064-CH-R1,B002,,https://independent-sleep.example/reviews/serein-sleep,independent-sleep.example,editorial
C000082,M1-P005-SE-R2,,,https://sleep-lab.example/guides/cooling-sheets,sleep-lab.example,editorial
C000620,M1-P037-CH-R2,,,https://home-review.example/best-cooling-bedding,home-review.example,editorial
C001185,M2-P006-SE-R1,B005,,https://independent-sleep.example/reviews/eucalune,independent-sleep.example,editorial
C000008,M1-P001-SE-R1,B001,,https://astervale.example/products/cooling-sheet-set,astervale.example,owned
C001933,M2-P048-SE-R2,,,https://sleep-lab.example/guides/cooling-sheets,sleep-lab.example,editorial
C000024,M1-P002-SE-R1,,,https://sleep-lab.example/guides/cooling-sheets,sleep-lab.example,editorial
C001317,M2-P013-SE-R2,,,https://sleep-lab.example/guides/cooling-sheets,sleep-lab.example,editorial
C002162,M2-P061-CH-R2,B002,,https://independent-sleep.example/reviews/serein-sleep,independent-sleep.example,editorial
C001600,M2-P027-AN-R2,,,https://home-review.example/best-cooling-bedding,home-review.example,editorial
C000044,M1-P003-CH-R2,B002,,https://independent-sleep.example/reviews/serein-sleep,independent-sleep.example,editorial
C000324,M1-P019-SE-R1,,,https://home-review.example/best-cooling-bedding,home-review.example,editorial
C000918,M1-P054-AN-R1,,,https://sleep-lab.example/guides/cooling-sheets,sleep-lab.example,editorial
C001375,M2-P017-SE-R1,,,https://forum.example/r/hotsleepers/cooling-sheet-experiences,forum.example,forum
C001104,M2-P002-SE-R1,B001,,https://astervale.example/products/cooling-sheet-set,astervale.example,owned
C001800,M2-P039-AN-R2,,,https://home-review.example/best-cooling-bedding,home-review.example,editorial
C001542,M2-P024-AN-R2,,,https://home-review.example/best-cooling-bedding,home-review.example,editorial
C002233,M2-P064-AN-R2,,,https://sleep-lab.example/guides/cooling-sheets,sleep-lab.example,editorial
C001648,M2-P030-SE-R2,,,https://sleep-lab.example/guides/cooling-sheets,sleep-lab.example,editorial
C001393,M2-P018-CH-R1,B001,,https://astervale.example/products/cooling-sheet-set,astervale.example,owned
C000540,M1-P032-CH-R2,,,https://forum.example/r/hotsleepers/cooling-sheet-experiences,forum.example,forum
C000210,M1-P013-CH-R1,,,https://sleep-lab.example/guides/cooling-sheets,sleep-lab.example,editorial
C001893,M2-P046-CH-R2,B004,,https://independent-sleep.example/reviews/restnest,independent-sleep.example,editorial
C001677,M2-P032-SE-R2,B003,,https://arcticloom.example/collections/cooling-tech,arcticloom.example,owned
C001580,M2-P027-CH-R1,B002,,https://sereinsleep.example/products/clean-cooling-sheets,sereinsleep.example,owned
C001939,M2-P048-AN-R2,B003,,https://arcticloom.example/collections/cooling-tech,arcticloom.example,owned
C002211,M2-P063-AN-R2,B002,,https://sereinsleep.example/products/clean-cooling-sheets,sereinsleep.example,owned
C001251,M2-P010-CH-R1,,,https://sleep-lab.example/guides/cooling-sheets,sleep-lab.example,editorial
C000315,M1-P018-AN-R2,,,https://forum.example/r/hotsleepers/cooling-sheet-experiences,forum.example,forum
C001532,M2-P024-SE-R2,,,https://home-review.example/best-cooling-bedding,home-review.example,editorial
C000014,M1-P001-AN-R1,B005,,https://eucalune.example/products/eucalyptus-sheets,eucalune.example,owned
C001697,M2-P033-AN-R2,,,https://sleep-lab.example/guides/cooling-sheets,sleep-lab.example,editorial
C000736,M1-P044-SE-R1,,,https://forum.example/r/hotsleepers/cooling-sheet-experiences,forum.example,forum
C001509,M2-P023-SE-R2,,,https://sleep-lab.example/guides/cooling-sheets,sleep-lab.example,editorial
C000472,M1-P028-CH-R1,B005,,https://independent-sleep.example/reviews/eucalune,independent-sleep.example,editorial
C000222,M1-P013-SE-R2,B004,,https://restnest.example/products/value-cooling-set,restnest.example,owned
C001755,M2-P037-CH-R2,,,https://forum.example/r/hotsleepers/cooling-sheet-experiences,forum.example,forum
C001794,M2-P039-SE-R2,B002,,https://sereinsleep.example/products/clean-cooling-sheets,sereinsleep.example,owned
C000699,M1-P041-AN-R2,,,https://sleep-lab.example/guides/cooling-sheets,sleep-lab.example,editorial
C000656,M1-P039-CH-R2,B003,,https://independent-sleep.example/reviews/arcticloom,independent-sleep.example,editorial
C002214,M2-P064-CH-R1,,ASTERVALE,https://astervale.example/products/cooling-sheet-set,astervale.example,owned
C000632,M1-P037-AN-R2,,,https://sleep-lab.example/guides/cooling-sheets,sleep-lab.example,editorial
C000503,M1-P030-CH-R2,,,https://home-review.example/best-cooling-bedding,home-review.example,editorial
C000987,M1-P059-SE-R1,,,https://forum.example/r/hotsleepers/cooling-sheet-experiences,forum.example,forum
C000742,M1-P044-AN-R1,,,https://sleep-lab.example/guides/cooling-sheets,sleep-lab.example,editorial
C000080,M1-P005-SE-R1,,,https://home-review.example/best-cooling-bedding,home-review.example,editorial
C002007,M2-P052-SE-R2,,AsterVale(TM),https://astervale.example/products/cooling-sheet-set,astervale.example,owned
C000754,M1-P045-SE-R1,B003,,https://independent-sleep.example/reviews/arcticloom,independent-sleep.example,editorial
C000178,M1-P011-SE-R1,,,https://forum.example/r/hotsleepers/cooling-sheet-experiences,forum.example,forum
C001788,M2-P039-CH-R1,B004,,https://restnest.example/products/value-cooling-set,restnest.example,owned
C002086,M2-P057-SE-R2,,,https://sleep-lab.example/guides/cooling-sheets,sleep-lab.example,editorial
C000811,M1-P048-SE-R1,,,https://sleep-lab.example/guides/cooling-sheets,sleep-lab.example,editorial
C001470,M2-P021-AN-R1,,,https://home-review.example/best-cooling-bedding,home-review.example,editorial
C000883,M1-P052-AN-R1,,,https://sleep-lab.example/guides/cooling-sheets,sleep-lab.example,editorial
C002034,M2-P054-CH-R2,B002,,https://sereinsleep.example/products/clean-cooling-sheets,sereinsleep.example,owned
C000544,M1-P032-SE-R1,,,https://sleep-lab.example/guides/cooling-sheets,sleep-lab.example,editorial
C001843,M2-P042-AN-R2,,,https://sleep-lab.example/guides/cooling-sheets,sleep-lab.example,editorial
C000561,M1-P033-AN-R2,,,https://sleep-lab.example/guides/cooling-sheets,sleep-lab.example,editorial
C000186,M1-P011-AN-R2,B004,,https://restnest.example/products/value-cooling-set,restnest.example,owned
C000834,M1-P049-AN-R1,,,https://home-review.example/best-cooling-bedding,home-review.example,editorial
C001386,M2-P017-AN-R1,B003,,https://independent-sleep.example/reviews/arcticloom,independent-sleep.example,editorial
C001336,M2-P014-SE-R2,B001,,https://independent-sleep.example/reviews/astervale,independent-sleep.example,editorial
C002240,M2-P003-AN-R1,B003,,HTTPS://www.ARCTICLOOM.EXAMPLE/collections/cooling-tech/?utm_source=audit&utm_campaign=m2#section,www.ARCTICLOOM.EXAMPLE,owned
C002080,M2-P057-CH-R1,,,https://sleep-lab.example/guides/cooling-sheets,sleep-lab.example,editorial
C002041,M2-P054-AN-R1,,,https://sleep-lab.example/guides/cooling-sheets,sleep-lab.example,editorial
C001055,M1-P063-CH-R2,,,https://home-review.example/best-cooling-bedding,home-review.example,editorial
C001448,M2-P020-AN-R2,,,https://forum.example/r/hotsleepers/cooling-sheet-experiences,forum.example,forum
C002025,M2-P053-SE-R2,B001,,https://astervale.example/products/cooling-sheet-set,astervale.example,owned
C001256,M2-P010-SE-R1,,,https://sleep-lab.example/guides/cooling-sheets,sleep-lab.example,editorial
C001635,M2-P029-AN-R1,,,https://forum.example/r/hotsleepers/cooling-sheet-experiences,forum.example,forum
C000580,M1-P034-AN-R2,,,https://forum.example/r/hotsleepers/cooling-sheet-experiences,forum.example,forum
C001454,M2-P021-CH-R1,B002,,https://independent-sleep.example/reviews/serein-sleep,independent-sleep.example,editorial
C000003,M1-P001-CH-R1,B005,,https://eucalune.example/products/eucalyptus-sheets,eucalune.example,owned
C001745,M2-P036-SE-R2,,,https://home-review.example/best-cooling-bedding,home-review.example,editorial
C000965,M1-P057-AN-R2,,,https://sleep-lab.example/guides/cooling-sheets,sleep-lab.example,editorial
C001402,M2-P018-SE-R2,B003,,https://independent-sleep.example/reviews/arcticloom,independent-sleep.example,editorial
C002241,M1-P052-AN-R2,,,HTTPS://sleep-lab.example/guides/cooling-sheets/?utm_source=audit&utm_campaign=m2#section,sleep-lab.example,editorial
C001537,M2-P024-AN-R1,,,https://home-review.example/best-cooling-bedding,home-review.example,editorial
C001160,M2-P005-CH-R2,,,https://sleep-lab.example/guides/cooling-sheets,sleep-lab.example,editorial
C000941,M1-P056-CH-R1,B002,,https://sereinsleep.example/products/clean-cooling-sheets,sereinsleep.example,owned
C000060,M1-P004-CH-R2,B005,,https://eucalune.example/products/eucalyptus-sheets,eucalune.example,owned
C000305,M1-P018-SE-R2,,,https://home-review.example/best-cooling-bedding,home-review.example,editorial
C001807,M2-P040-SE-R1,,,https://forum.example/r/hotsleepers/cooling-sheet-experiences,forum.example,forum
C000569,M1-P034-CH-R2,B004,,https://independent-sleep.example/reviews/restnest,independent-sleep.example,editorial
C000652,M1-P039-CH-R1,B003,,https://arcticloom.example/collections/cooling-tech,arcticloom.example,owned
C000970,M1-P058-SE-R1,,,https://sleep-lab.example/guides/cooling-sheets,sleep-lab.example,editorial
C001313,M2-P013-CH-R2,B004,,https://independent-sleep.example/reviews/restnest,independent-sleep.example,editorial
C000287,M1-P017-SE-R1,B003,,https://arcticloom.example/collections/cooling-tech,arcticloom.example,owned
C001966,M2-P050-SE-R1,B002,,https://sereinsleep.example/products/clean-cooling-sheets,sereinsleep.example,owned
C000975,M1-P058-SE-R1,B002,,https://independent-sleep.example/reviews/serein-sleep,independent-sleep.example,editorial
C001235,M2-P009-CH-R2,B005,,https://eucalune.example/products/eucalyptus-sheets,eucalune.example,owned
C002108,M2-P058-AN-R1,B001,,https://astervale.example/products/cooling-sheet-set,astervale.example,owned
C000443,M1-P026-CH-R2,,,https://forum.example/r/hotsleepers/cooling-sheet-experiences,forum.example,forum
C001087,M2-P001-SE-R2,,,https://sleep-lab.example/guides/cooling-sheets,sleep-lab.example,editorial
C001691,M2-P033-SE-R2,,,https://home-review.example/best-cooling-bedding,home-review.example,editorial
C001683,M2-P033-CH-R2,,,https://sleep-lab.example/guides/cooling-sheets,sleep-lab.example,editorial
C001447,M2-P020-AN-R1,B004,,https://restnest.example/products/value-cooling-set,restnest.example,owned
C001250,M2-P010-CH-R1,,,https://forum.example/r/hotsleepers/cooling-sheet-experiences,forum.example,forum
C000879,M1-P052-SE-R1,,,https://forum.example/r/hotsleepers/cooling-sheet-experiences,forum.example,forum
C002177,M2-P062-CH-R1,,,https://forum.example/r/hotsleepers/cooling-sheet-experiences,forum.example,forum
C002009,M2-P052-AN-R1,B001,,https://astervale.example/products/cooling-sheet-set,astervale.example,owned
C000304,M1-P018-SE-R1,B004,,https://independent-sleep.example/reviews/restnest,independent-sleep.example,editorial
C000456,M1-P027-CH-R1,B003,,https://arcticloom.example/collections/cooling-tech,arcticloom.example,owned
C001094,M2-P001-AN-R2,B002,,https://independent-sleep.example/reviews/serein-sleep,independent-sleep.example,editorial
C001864,M2-P044-CH-R2,B004,,https://restnest.example/products/value-cooling-set,restnest.example,owned
C000072,M1-P004-AN-R2,B001,,https://independent-sleep.example/reviews/astervale,independent-sleep.example,editorial
C000064,M1-P004-SE-R2,,,https://sleep-lab.example/guides/cooling-sheets,sleep-lab.example,editorial
C000034,M1-P002-AN-R2,,,https://forum.example/r/hotsleepers/cooling-sheet-experiences,forum.example,forum
C001597,M2-P027-AN-R1,B002,,https://sereinsleep.example/products/clean-cooling-sheets,sereinsleep.example,owned
C001596,M2-P027-AN-R1,,,https://forum.example/r/hotsleepers/cooling-sheet-experiences,forum.example,forum
C001637,M2-P029-AN-R1,B002,,https://independent-sleep.example/reviews/serein-sleep,independent-sleep.example,editorial
C000067,M1-P004-AN-R1,,,https://home-review.example/best-cooling-bedding,home-review.example,editorial
C001328,M2-P014-CH-R2,B003,,https://arcticloom.example/collections/cooling-tech,arcticloom.example,owned
C001908,M2-P047-CH-R1,B002,,https://sereinsleep.example/products/clean-cooling-sheets,sereinsleep.example,owned
C000128,M1-P008-SE-R2,,,https://sleep-lab.example/guides/cooling-sheets,sleep-lab.example,editorial
C001041,M1-P062-SE-R2,,,https://home-review.example/best-cooling-bedding,home-review.example,editorial
C000012,M1-P001-AN-R1,,,https://home-review.example/best-cooling-bedding,home-review.example,editorial
C001461,M2-P021-SE-R1,B003,,https://arcticloom.example/collections/cooling-tech,arcticloom.example,owned
C002053,M2-P055-SE-R1,,,https://home-review.example/best-cooling-bedding,home-review.example,editorial
C001043,M1-P062-AN-R1,,,https://sleep-lab.example/guides/cooling-sheets,sleep-lab.example,editorial
C000306,M1-P018-SE-R2,,,https://sleep-lab.example/guides/cooling-sheets,sleep-lab.example,editorial
C000036,M1-P002-AN-R2,B002,,https://independent-sleep.example/reviews/serein-sleep,independent-sleep.example,editorial
C001695,M2-P033-AN-R1,,,https://forum.example/r/hotsleepers/cooling-sheet-experiences,forum.example,forum
C001205,M2-P007-SE-R2,B004,,https://independent-sleep.example/reviews/restnest,independent-sleep.example,editorial
C001887,M2-P046-CH-R1,,,https://home-review.example/best-cooling-bedding,home-review.example,editorial
C001319,M2-P013-AN-R1,,,https://sleep-lab.example/guides/cooling-sheets,sleep-lab.example,editorial
C000129,M1-P008-AN-R1,,,https://home-review.example/best-cooling-bedding,home-review.example,editorial
C000238,M1-P014-SE-R2,,,https://forum.example/r/hotsleepers/cooling-sheet-experiences,forum.example,forum
C001877,M2-P045-SE-R1,B002,,https://independent-sleep.example/reviews/serein-sleep,independent-sleep.example,editorial
C001917,M2-P047-SE-R1,B004,,https://restnest.example/products/value-cooling-set,restnest.example,owned
C001961,M2-P050-CH-R1,B001,,https://astervale.example/products/cooling-sheet-set,astervale.example,owned
C000466,M1-P027-AN-R1,B003,,https://independent-sleep.example/reviews/arcticloom,independent-sleep.example,editorial
C001106,M2-P002-SE-R2,,,https://home-review.example/best-cooling-bedding,home-review.example,editorial
C000144,M1-P009-SE-R2,,,https://home-review.example/best-cooling-bedding,home-review.example,editorial
C001949,M2-P049-SE-R2,,,https://forum.example/r/hotsleepers/cooling-sheet-experiences,forum.example,forum
C000817,M1-P048-AN-R1,B001,,https://astervale.example/products/cooling-sheet-set,astervale.example,owned
C001133,M2-P003-AN-R1,B003,,https://arcticloom.example/collections/cooling-tech,arcticloom.example,owned
C001277,M2-P011-SE-R2,,,https://home-review.example/best-cooling-bedding,home-review.example,editorial
C000355,M1-P020-AN-R2,B002,,https://sereinsleep.example/products/clean-cooling-sheets,sereinsleep.example,owned
C000517,M1-P030-AN-R2,B003,,https://arcticloom.example/collections/cooling-tech,arcticloom.example,owned
C000792,M1-P047-SE-R2,B002,,https://sereinsleep.example/products/clean-cooling-sheets,sereinsleep.example,owned
C002106,M2-P058-SE-R2,B005,,https://eucalune.example/products/eucalyptus-sheets,eucalune.example,owned
C000716,M1-P043-CH-R1,,,https://home-review.example/best-cooling-bedding,home-review.example,editorial
C001412,M2-P019-CH-R1,B004,,https://restnest.example/products/value-cooling-set,restnest.example,owned
C000952,M1-P056-AN-R1,B001,,https://astervale.example/products/cooling-sheet-set,astervale.example,owned
C001484,M2-P022-CH-R2,,Aster Vale,https://astervale.example/products/cooling-sheet-set,astervale.example,owned
C000770,M1-P046-SE-R1,,,https://home-review.example/best-cooling-bedding,home-review.example,editorial
C001854,M2-P043-AN-R1,,,https://sleep-lab.example/guides/cooling-sheets,sleep-lab.example,editorial
C000428,M1-P025-CH-R2,,,https://forum.example/r/hotsleepers/cooling-sheet-experiences,forum.example,forum
C001937,M2-P048-AN-R1,,,https://home-review.example/best-cooling-bedding,home-review.example,editorial
C001787,M2-P039-CH-R1,B005,,https://eucalune.example/products/eucalyptus-sheets,eucalune.example,owned
C000533,M1-P031-AN-R1,B004,,https://independent-sleep.example/reviews/restnest,independent-sleep.example,editorial
C002012,M2-P052-AN-R2,,,https://home-review.example/best-cooling-bedding,home-review.example,editorial
C001778,M2-P038-AN-R1,,,https://forum.example/r/hotsleepers/cooling-sheet-experiences,forum.example,forum
C001420,M2-P019-SE-R2,B005,,https://independent-sleep.example/reviews/eucalune,independent-sleep.example,editorial
C002003,M2-P052-CH-R2,,Aster Vale,https://independent-sleep.example/reviews/astervale,independent-sleep.example,editorial
C001259,M2-P010-SE-R2,B002,,https://sereinsleep.example/products/clean-cooling-sheets,sereinsleep.example,owned
C002011,M2-P052-AN-R1,B003,,https://independent-sleep.example/reviews/arcticloom,independent-sleep.example,editorial
C000326,M1-P019-SE-R1,B003,,https://arcticloom.example/collections/cooling-tech,arcticloom.example,owned
C002267,M1-P004-SE-R1,B002,,HTTPS://www.SEREINSLEEP.EXAMPLE/products/clean-cooling-sheets/?utm_source=audit&utm_campaign=m2#section,www.SEREINSLEEP.EXAMPLE,owned
C000065,M1-P004-SE-R2,B005,,https://independent-sleep.example/reviews/eucalune,independent-sleep.example,editorial
C002236,M2-P064-AN-R2,B002,,https://sereinsleep.example/products/clean-cooling-sheets,sereinsleep.example,owned
C001776,M2-P038-SE-R1,,,https://sleep-lab.example/guides/cooling-sheets,sleep-lab.example,editorial
C001063,M1-P063-AN-R1,,,https://sleep-lab.example/guides/cooling-sheets,sleep-lab.example,editorial
C001443,M2-P020-AN-R1,B002,,https://sereinsleep.example/products/clean-cooling-sheets,sereinsleep.example,owned
C001105,M2-P002-SE-R1,B001,,https://independent-sleep.example/reviews/astervale,independent-sleep.example,editorial
C000545,M1-P032-SE-R2,,,https://forum.example/r/hotsleepers/cooling-sheet-experiences,forum.example,forum
C002256,M2-P059-AN-R2,,ASTERVALE,HTTPS://independent-sleep.example/reviews/astervale/?utm_source=audit&utm_campaign=m2#section,independent-sleep.example,editorial
C001086,M2-P001-SE-R1,B004,,https://independent-sleep.example/reviews/restnest,independent-sleep.example,editorial
C000259,M1-P015-CH-R2,B003,,https://arcticloom.example/collections/cooling-tech,arcticloom.example,owned
C001491,M2-P022-AN-R1,,,https://forum.example/r/hotsleepers/cooling-sheet-experiences,forum.example,forum
C000442,M1-P026-CH-R1,B002,,https://sereinsleep.example/products/clean-cooling-sheets,sereinsleep.example,owned
C001158,M2-P005-CH-R1,B004,,https://restnest.example/products/value-cooling-set,restnest.example,owned
C000491,M1-P029-CH-R2,,,https://sleep-lab.example/guides/cooling-sheets,sleep-lab.example,editorial
C000286,M1-P017-SE-R1,,,https://forum.example/r/hotsleepers/cooling-sheet-experiences,forum.example,forum
C001227,M2-P008-AN-R2,,,https://home-review.example/best-cooling-bedding,home-review.example,editorial
C000451,M1-P026-SE-R2,B005,,https://independent-sleep.example/reviews/eucalune,independent-sleep.example,editorial
C001566,M2-P026-CH-R1,B003,,https://arcticloom.example/collections/cooling-tech,arcticloom.example,owned
C000174,M1-P011-CH-R1,,,https://forum.example/r/hotsleepers/cooling-sheet-experiences,forum.example,forum
C001495,M2-P022-AN-R2,,,https://sleep-lab.example/guides/cooling-sheets,sleep-lab.example,editorial
C000642,M1-P038-SE-R1,B005,,https://eucalune.example/products/eucalyptus-sheets,eucalune.example,owned
C001824,M2-P041-AN-R1,,,https://sleep-lab.example/guides/cooling-sheets,sleep-lab.example,editorial
C001020,M1-P061-CH-R1,,,https://home-review.example/best-cooling-bedding,home-review.example,editorial
C000444,M1-P026-CH-R2,,,https://home-review.example/best-cooling-bedding,home-review.example,editorial
C002126,M2-P059-AN-R1,,,https://home-review.example/best-cooling-bedding,home-review.example,editorial
C002132,M2-P059-AN-R2,B005,,https://independent-sleep.example/reviews/eucalune,independent-sleep.example,editorial
C000496,M1-P029-AN-R1,,,https://sleep-lab.example/guides/cooling-sheets,sleep-lab.example,editorial
C001968,M2-P050-SE-R2,,,https://sleep-lab.example/guides/cooling-sheets,sleep-lab.example,editorial
C001523,M2-P024-CH-R1,B002,,https://independent-sleep.example/reviews/serein-sleep,independent-sleep.example,editorial
C000068,M1-P004-AN-R1,B002,,https://sereinsleep.example/products/clean-cooling-sheets,sereinsleep.example,owned
C002062,M2-P055-AN-R2,,,https://forum.example/r/hotsleepers/cooling-sheet-experiences,forum.example,forum
C000760,M1-P045-AN-R1,B004,,https://restnest.example/products/value-cooling-set,restnest.example,owned
C002215,M2-P064-CH-R1,B003,,https://independent-sleep.example/reviews/arcticloom,independent-sleep.example,editorial
C001284,M2-P011-AN-R2,,,https://home-review.example/best-cooling-bedding,home-review.example,editorial
C001460,M2-P021-SE-R1,,,https://sleep-lab.example/guides/cooling-sheets,sleep-lab.example,editorial
C000849,M1-P050-SE-R2,B001,,https://astervale.example/products/cooling-sheet-set,astervale.example,owned
C001595,M2-P027-SE-R2,B001,,https://astervale.example/products/cooling-sheet-set,astervale.example,owned
C000149,M1-P009-AN-R1,B004,,https://restnest.example/products/value-cooling-set,restnest.example,owned
C000117,M1-P007-AN-R2,B003,,https://arcticloom.example/collections/cooling-tech,arcticloom.example,owned
C000967,M1-P058-CH-R1,B002,,https://sereinsleep.example/products/clean-cooling-sheets,sereinsleep.example,owned
C001194,M2-P006-AN-R2,B004,,https://independent-sleep.example/reviews/restnest,independent-sleep.example,editorial
C000387,M1-P022-AN-R1,B003,,https://arcticloom.example/collections/cooling-tech,arcticloom.example,owned
C001270,M2-P011-CH-R2,B005,,https://independent-sleep.example/reviews/eucalune,independent-sleep.example,editorial
C000184,M1-P011-AN-R2,,,https://home-review.example/best-cooling-bedding,home-review.example,editorial
C002247,M2-P059-SE-R1,,,HTTPS://home-review.example/best-cooling-bedding/?utm_source=audit&utm_campaign=m2#section,home-review.example,editorial
C000925,M1-P055-CH-R1,,,https://sleep-lab.example/guides/cooling-sheets,sleep-lab.example,editorial
C002158,M2-P061-CH-R1,B001,,https://astervale.example/products/cooling-sheet-set,astervale.example,owned
C001423,M2-P019-AN-R1,B005,,https://independent-sleep.example/reviews/eucalune,independent-sleep.example,editorial
C002084,M2-P057-SE-R1,B001,,https://astervale.example/products/cooling-sheet-set,astervale.example,owned
C001197,M2-P007-CH-R2,,,https://sleep-lab.example/guides/cooling-sheets,sleep-lab.example,editorial
C000894,M1-P053-CH-R2,B003,,https://arcticloom.example/collections/cooling-tech,arcticloom.example,owned
C001360,M2-P016-SE-R1,,,https://home-review.example/best-cooling-bedding,home-review.example,editorial
C000779,M1-P046-AN-R2,,,https://forum.example/r/hotsleepers/cooling-sheet-experiences,forum.example,forum
C001045,M1-P062-AN-R1,,AsterVale(TM),https://astervale.example/products/cooling-sheet-set,astervale.example,owned
C000805,M1-P048-CH-R1,B002,,https://sereinsleep.example/products/clean-cooling-sheets,sereinsleep.example,owned
C001915,M2-P047-SE-R1,,,https://home-review.example/best-cooling-bedding,home-review.example,editorial
C000820,M1-P048-AN-R2,,,https://home-review.example/best-cooling-bedding,home-review.example,editorial
C001350,M2-P015-AN-R1,B004,,https://restnest.example/products/value-cooling-set,restnest.example,owned
C000267,M1-P016-CH-R1,,,https://forum.example/r/hotsleepers/cooling-sheet-experiences,forum.example,forum
C000435,M1-P025-SE-R2,B004,,https://restnest.example/products/value-cooling-set,restnest.example,owned
C000471,M1-P028-CH-R1,,,https://forum.example/r/hotsleepers/cooling-sheet-experiences,forum.example,forum
C001614,M2-P028-AN-R2,,,https://sleep-lab.example/guides/cooling-sheets,sleep-lab.example,editorial
C000697,M1-P041-SE-R2,B003,,https://arcticloom.example/collections/cooling-tech,arcticloom.example,owned
C000807,M1-P048-CH-R2,,,https://sleep-lab.example/guides/cooling-sheets,sleep-lab.example,editorial
C000928,M1-P055-CH-R2,B001,,https://astervale.example/products/cooling-sheet-set,astervale.example,owned
C000120,M1-P008-CH-R1,,,https://sleep-lab.example/guides/cooling-sheets,sleep-lab.example,editorial
C000689,M1-P040-AN-R2,,,https://sleep-lab.example/guides/cooling-sheets,sleep-lab.example,editorial
C000630,M1-P037-AN-R1,,,https://forum.example/r/hotsleepers/cooling-sheet-experiences,forum.example,forum
C001653,M2-P030-AN-R2,,,https://forum.example/r/hotsleepers/cooling-sheet-experiences,forum.example,forum
C001647,M2-P030-SE-R1,B004,,https://restnest.example/products/value-cooling-set,restnest.example,owned
C001379,M2-P017-SE-R1,B003,,https://arcticloom.example/collections/cooling-tech,arcticloom.example,owned
C001148,M2-P004-SE-R1,B004,,https://restnest.example/products/value-cooling-set,restnest.example,owned
C001228,M2-P008-AN-R2,B003,,https://independent-sleep.example/reviews/arcticloom,independent-sleep.example,editorial
C001163,M2-P005-CH-R2,B004,,https://independent-sleep.example/reviews/restnest,independent-sleep.example,editorial
C001636,M2-P029-AN-R1,,,https://sleep-lab.example/guides/cooling-sheets,sleep-lab.example,editorial
C000724,M1-P043-SE-R2,B002,,https://sereinsleep.example/products/clean-cooling-sheets,sereinsleep.example,owned
C000534,M1-P031-AN-R2,,,https://sleep-lab.example/guides/cooling-sheets,sleep-lab.example,editorial
C002102,M2-P058-SE-R2,,,https://home-review.example/best-cooling-bedding,home-review.example,editorial
C000123,M1-P008-CH-R2,B003,,https://independent-sleep.example/reviews/arcticloom,independent-sleep.example,editorial
C001072,M1-P064-SE-R2,,,https://home-review.example/best-cooling-bedding,home-review.example,editorial
C002110,M2-P058-AN-R1,B004,,https://restnest.example/products/value-cooling-set,restnest.example,owned
C000101,M1-P006-AN-R1,B005,,https://eucalune.example/products/eucalyptus-sheets,eucalune.example,owned
C001874,M2-P045-CH-R2,B005,,https://eucalune.example/products/eucalyptus-sheets,eucalune.example,owned
C000578,M1-P034-AN-R1,B002,,https://sereinsleep.example/products/clean-cooling-sheets,sereinsleep.example,owned
C001260,M2-P010-SE-R2,B005,,https://eucalune.example/products/eucalyptus-sheets,eucalune.example,owned
C000223,M1-P013-AN-R1,,,https://forum.example/r/hotsleepers/cooling-sheet-experiences,forum.example,forum
C002113,M2-P058-AN-R2,B001,,https://independent-sleep.example/reviews/astervale,independent-sleep.example,editorial
C000477,M1-P028-SE-R1,,,https://home-review.example/best-cooling-bedding,home-review.example,editorial
C002173,M2-P061-AN-R1,,,https://forum.example/r/hotsleepers/cooling-sheet-experiences,forum.example,forum
C000733,M1-P044-CH-R2,B002,,https://sereinsleep.example/products/clean-cooling-sheets,sereinsleep.example,owned
C000949,M1-P056-SE-R2,B002,,https://sereinsleep.example/products/clean-cooling-sheets,sereinsleep.example,owned
C001138,M2-P004-CH-R1,,,https://forum.example/r/hotsleepers/cooling-sheet-experiences,forum.example,forum
C001244,M2-P009-AN-R1,,,https://forum.example/r/hotsleepers/cooling-sheet-experiences,forum.example,forum
C000040,M1-P003-CH-R1,B004,,https://independent-sleep.example/reviews/restnest,independent-sleep.example,editorial
C002056,M2-P055-SE-R1,B002,,https://independent-sleep.example/reviews/serein-sleep,independent-sleep.example,editorial
C000422,M1-P024-AN-R2,,,https://sleep-lab.example/guides/cooling-sheets,sleep-lab.example,editorial
C000505,M1-P030-CH-R2,B001,,https://independent-sleep.example/reviews/astervale,independent-sleep.example,editorial
C000815,M1-P048-SE-R2,,,https://sleep-lab.example/guides/cooling-sheets,sleep-lab.example,editorial
C000999,M1-P059-AN-R2,B005,,https://independent-sleep.example/reviews/eucalune,independent-sleep.example,editorial
C002013,M2-P052-AN-R2,B001,,https://astervale.example/products/cooling-sheet-set,astervale.example,owned
C001415,M2-P019-CH-R2,B002,,https://sereinsleep.example/products/clean-cooling-sheets,sereinsleep.example,owned
C001180,M2-P006-SE-R1,,,https://sleep-lab.example/guides/cooling-sheets,sleep-lab.example,editorial
C001455,M2-P021-CH-R1,B001,,https://astervale.example/products/cooling-sheet-set,astervale.example,owned
C001401,M2-P018-SE-R2,,,https://forum.example/r/hotsleepers/cooling-sheet-experiences,forum.example,forum
C001763,M2-P037-AN-R1,,,https://sleep-lab.example/guides/cooling-sheets,sleep-lab.example,editorial
C001618,M2-P028-AN-R2,B001,,https://astervale.example/products/cooling-sheet-set,astervale.example,owned
C000529,M1-P031-SE-R2,,,https://home-review.example/best-cooling-bedding,home-review.example,editorial
C002120,M2-P059-CH-R2,B001,,https://astervale.example/products/cooling-sheet-set,astervale.example,owned
C001175,M2-P006-CH-R1,,,https://home-review.example/best-cooling-bedding,home-review.example,editorial
C000599,M1-P036-CH-R1,,,https://sleep-lab.example/guides/cooling-sheets,sleep-lab.example,editorial
C001377,M2-P017-SE-R1,B005,,https://eucalune.example/products/eucalyptus-sheets,eucalune.example,owned
C001237,M2-P009-SE-R1,,,https://home-review.example/best-cooling-bedding,home-review.example,editorial
C002091,M2-P057-AN-R2,,,https://home-review.example/best-cooling-bedding,home-review.example,editorial
C001901,M2-P046-AN-R1,,,https://forum.example/r/hotsleepers/cooling-sheet-experiences,forum.example,forum
C001832,M2-P042-CH-R2,B005,,https://eucalune.example/products/eucalyptus-sheets,eucalune.example,owned
C000929,M1-P055-SE-R1,,,https://sleep-lab.example/guides/cooling-sheets,sleep-lab.example,editorial
C001835,M2-P042-SE-R2,,,https://sleep-lab.example/guides/cooling-sheets,sleep-lab.example,editorial
C001652,M2-P030-AN-R1,B003,,https://independent-sleep.example/reviews/arcticloom,independent-sleep.example,editorial
C002081,M2-P057-CH-R1,B001,,https://astervale.example/products/cooling-sheet-set,astervale.example,owned
C000971,M1-P058-SE-R1,,,https://home-review.example/best-cooling-bedding,home-review.example,editorial
C000581,M1-P034-AN-R2,,,https://home-review.example/best-cooling-bedding,home-review.example,editorial
C001654,M2-P031-CH-R1,,,https://home-review.example/best-cooling-bedding,home-review.example,editorial
C000835,M1-P049-AN-R1,,,https://forum.example/r/hotsleepers/cooling-sheet-experiences,forum.example,forum
C001764,M2-P037-AN-R1,B003,,https://arcticloom.example/collections/cooling-tech,arcticloom.example,owned
C001146,M2-P004-SE-R1,,,https://forum.example/r/hotsleepers/cooling-sheet-experiences,forum.example,forum
C001544,M2-P025-CH-R1,B003,,https://arcticloom.example/collections/cooling-tech,arcticloom.example,owned
C000339,M1-P020-CH-R2,,,https://sleep-lab.example/guides/cooling-sheets,sleep-lab.example,editorial
C001001,M1-P060-CH-R1,B001,,https://independent-sleep.example/reviews/astervale,independent-sleep.example,editorial
C000081,M1-P005-SE-R1,,,https://forum.example/r/hotsleepers/cooling-sheet-experiences,forum.example,forum
C001945,M2-P049-CH-R2,B005,,https://eucalune.example/products/eucalyptus-sheets,eucalune.example,owned
C001885,M2-P045-AN-R2,,,https://forum.example/r/hotsleepers/cooling-sheet-experiences,forum.example,forum
C001686,M2-P033-SE-R1,,,https://home-review.example/best-cooling-bedding,home-review.example,editorial
C001325,M2-P014-CH-R2,,,https://home-review.example/best-cooling-bedding,home-review.example,editorial
C002079,M2-P056-AN-R2,B001,,https://astervale.example/products/cooling-sheet-set,astervale.example,owned
C001856,M2-P043-AN-R1,B003,,https://independent-sleep.example/reviews/arcticloom,independent-sleep.example,editorial
C000945,M1-P056-SE-R1,,,https://forum.example/r/hotsleepers/cooling-sheet-experiences,forum.example,forum
C001268,M2-P011-CH-R2,,,https://home-review.example/best-cooling-bedding,home-review.example,editorial
C000823,M1-P048-AN-R2,B005,,https://eucalune.example/products/eucalyptus-sheets,eucalune.example,owned
C000196,M1-P012-SE-R2,,,https://forum.example/r/hotsleepers/cooling-sheet-experiences,forum.example,forum
C001758,M2-P037-SE-R1,,,https://home-review.example/best-cooling-bedding,home-review.example,editorial
C000832,M1-P049-SE-R1,B003,,https://arcticloom.example/collections/cooling-tech,arcticloom.example,owned
C001342,M2-P015-CH-R2,,,https://forum.example/r/hotsleepers/cooling-sheet-experiences,forum.example,forum
C000950,M1-P056-AN-R1,,,https://home-review.example/best-cooling-bedding,home-review.example,editorial
C000078,M1-P005-CH-R2,,,https://sleep-lab.example/guides/cooling-sheets,sleep-lab.example,editorial
C001219,M2-P008-SE-R2,,,https://home-review.example/best-cooling-bedding,home-review.example,editorial
C000282,M1-P017-CH-R1,,,https://home-review.example/best-cooling-bedding,home-review.example,editorial
C001562,M2-P026-CH-R1,,,https://home-review.example/best-cooling-bedding,home-review.example,editorial
C001612,M2-P028-SE-R2,B002,,https://independent-sleep.example/reviews/serein-sleep,independent-sleep.example,editorial
C000591,M1-P035-SE-R2,,,https://forum.example/r/hotsleepers/cooling-sheet-experiences,forum.example,forum
C001911,M2-P047-CH-R2,,,https://sleep-lab.example/guides/cooling-sheets,sleep-lab.example,editorial
C002144,M2-P060-SE-R1,B004,,https://restnest.example/products/value-cooling-set,restnest.example,owned
C001978,M2-P051-CH-R1,B004,,https://restnest.example/products/value-cooling-set,restnest.example,owned
C000007,M1-P001-SE-R1,,,https://sleep-lab.example/guides/cooling-sheets,sleep-lab.example,editorial
C001984,M2-P051-SE-R1,B002,,https://sereinsleep.example/products/clean-cooling-sheets,sereinsleep.example,owned
C000028,M1-P002-SE-R2,,,https://sleep-lab.example/guides/cooling-sheets,sleep-lab.example,editorial
C001579,M2-P027-CH-R1,,,https://forum.example/r/hotsleepers/cooling-sheet-experiences,forum.example,forum
C001182,M2-P006-SE-R1,B002,,https://sereinsleep.example/products/clean-cooling-sheets,sereinsleep.example,owned
C000628,M1-P037-SE-R2,,,https://forum.example/r/hotsleepers/cooling-sheet-experiences,forum.example,forum
C000899,M1-P053-SE-R2,,,https://sleep-lab.example/guides/cooling-sheets,sleep-lab.example,editorial
C001546,M2-P025-CH-R2,B003,,https://arcticloom.example/collections/cooling-tech,arcticloom.example,owned
C002169,M2-P061-SE-R2,B001,,https://astervale.example/products/cooling-sheet-set,astervale.example,owned
C001663,M2-P031-AN-R1,,,https://sleep-lab.example/guides/cooling-sheets,sleep-lab.example,editorial
C001390,M2-P018-CH-R1,,,https://forum.example/r/hotsleepers/cooling-sheet-experiences,forum.example,forum
C000165,M1-P010-SE-R2,,,https://sleep-lab.example/guides/cooling-sheets,sleep-lab.example,editorial
C001445,M2-P020-AN-R1,B005,,https://independent-sleep.example/reviews/eucalune,independent-sleep.example,editorial
C001101,M2-P002-CH-R2,B004,,https://restnest.example/products/value-cooling-set,restnest.example,owned
C001602,M2-P028-CH-R1,,,https://forum.example/r/hotsleepers/cooling-sheet-experiences,forum.example,forum
C000838,M1-P049-AN-R2,B002,,https://independent-sleep.example/reviews/serein-sleep,independent-sleep.example,editorial
C000629,M1-P037-SE-R2,B004,,https://restnest.example/products/value-cooling-set,restnest.example,owned
C001006,M1-P060-SE-R1,,,https://forum.example/r/hotsleepers/cooling-sheet-experiences,forum.example,forum
C002077,M2-P056-AN-R2,,,https://home-review.example/best-cooling-bedding,home-review.example,editorial
C000781,M1-P046-AN-R2,B005,,https://eucalune.example/products/eucalyptus-sheets,eucalune.example,owned
C000710,M1-P042-SE-R1,B002,,https://sereinsleep.example/products/clean-cooling-sheets,sereinsleep.example,owned
C000365,M1-P021-SE-R1,B004,,https://independent-sleep.example/reviews/restnest,independent-sleep.example,editorial
C001433,M2-P020-SE-R1,,,https://sleep-lab.example/guides/cooling-sheets,sleep-lab.example,editorial
C000638,M1-P038-CH-R2,B002,,https://sereinsleep.example/products/clean-cooling-sheets,sereinsleep.example,owned
C001651,M2-P030-AN-R1,B003,,https://arcticloom.example/collections/cooling-tech,arcticloom.example,owned
C002161,M2-P061-CH-R2,B001,,https://astervale.example/products/cooling-sheet-set,astervale.example,owned
C000692,M1-P041-CH-R2,,,https://forum.example/r/hotsleepers/cooling-sheet-experiences,forum.example,forum
C000338,M1-P020-CH-R1,B002,,https://sereinsleep.example/products/clean-cooling-sheets,sereinsleep.example,owned
C002115,M2-P059-CH-R1,,,https://sleep-lab.example/guides/cooling-sheets,sleep-lab.example,editorial
C000160,M1-P010-CH-R2,B003,,https://arcticloom.example/collections/cooling-tech,arcticloom.example,owned
C002019,M2-P053-SE-R1,,,https://sleep-lab.example/guides/cooling-sheets,sleep-lab.example,editorial
C001750,M2-P036-AN-R2,B003,,https://arcticloom.example/collections/cooling-tech,arcticloom.example,owned
C000532,M1-P031-AN-R1,B004,,https://restnest.example/products/value-cooling-set,restnest.example,owned
C002238,M2-P061-CH-R2,B002,,HTTPS://independent-sleep.example/reviews/serein-sleep/?utm_source=audit&utm_campaign=m2#section,independent-sleep.example,editorial
C001759,M2-P037-SE-R1,B005,,https://eucalune.example/products/eucalyptus-sheets,eucalune.example,owned
C001498,M2-P022-AN-R2,B005,,https://eucalune.example/products/eucalyptus-sheets,eucalune.example,owned
C001002,M1-P060-CH-R2,,,https://sleep-lab.example/guides/cooling-sheets,sleep-lab.example,editorial
C001481,M2-P022-CH-R2,B003,,https://arcticloom.example/collections/cooling-tech,arcticloom.example,owned
C001065,M1-P063-AN-R2,,,https://home-review.example/best-cooling-bedding,home-review.example,editorial
C001044,M1-P062-AN-R1,B002,,https://sereinsleep.example/products/clean-cooling-sheets,sereinsleep.example,owned
C000723,M1-P043-SE-R2,,,https://sleep-lab.example/guides/cooling-sheets,sleep-lab.example,editorial
C000167,M1-P010-SE-R2,B003,,https://arcticloom.example/collections/cooling-tech,arcticloom.example,owned
C001404,M2-P018-AN-R1,B005,,https://eucalune.example/products/eucalyptus-sheets,eucalune.example,owned
C000848,M1-P050-SE-R2,,,https://sleep-lab.example/guides/cooling-sheets,sleep-lab.example,editorial
C002212,M2-P063-AN-R2,B001,,https://astervale.example/products/cooling-sheet-set,astervale.example,owned
C000213,M1-P013-CH-R1,B005,,https://independent-sleep.example/reviews/eucalune,independent-sleep.example,editorial
C000278,M1-P016-AN-R1,B005,,https://independent-sleep.example/reviews/eucalune,independent-sleep.example,editorial
C002265,M2-P043-AN-R1,,,HTTPS://sleep-lab.example/guides/cooling-sheets/?utm_source=audit&utm_campaign=m2#section,sleep-lab.example,editorial
C000054,M1-P003-AN-R2,,,https://home-review.example/best-cooling-bedding,home-review.example,editorial
C000309,M1-P018-SE-R2,B004,,https://restnest.example/products/value-cooling-set,restnest.example,owned
C001930,M2-P048-CH-R1,,,https://home-review.example/best-cooling-bedding,home-review.example,editorial
BAD002,M1-P002-CH-R2,B001,,ftp://astervale.example/file,astervale.example,owned
C002095,M2-P058-CH-R1,B001,,https://astervale.example/products/cooling-sheet-set,astervale.example,owned
C002005,M2-P052-SE-R1,,,https://home-review.example/best-cooling-bedding,home-review.example,editorial
C000980,M1-P058-AN-R1,B001,,https://astervale.example/products/cooling-sheet-set,astervale.example,owned
C001231,M2-P009-CH-R1,B005,,https://independent-sleep.example/reviews/eucalune,independent-sleep.example,editorial
C001242,M2-P009-SE-R2,B004,,https://independent-sleep.example/reviews/restnest,independent-sleep.example,editorial
C000145,M1-P009-SE-R2,B002,,https://independent-sleep.example/reviews/serein-sleep,independent-sleep.example,editorial
C001644,M2-P030-CH-R1,,,https://forum.example/r/hotsleepers/cooling-sheet-experiences,forum.example,forum
C002103,M2-P058-SE-R2,,,https://sleep-lab.example/guides/cooling-sheets,sleep-lab.example,editorial
C001485,M2-P022-SE-R1,,,https://sleep-lab.example/guides/cooling-sheets,sleep-lab.example,editorial
C001522,M2-P024-CH-R1,B002,,https://sereinsleep.example/products/clean-cooling-sheets,sereinsleep.example,owned
C001792,M2-P039-SE-R2,,,https://forum.example/r/hotsleepers/cooling-sheet-experiences,forum.example,forum
C001957,M2-P049-AN-R2,,,https://home-review.example/best-cooling-bedding,home-review.example,editorial
C000560,M1-P033-AN-R1,B003,,https://arcticloom.example/collections/cooling-tech,arcticloom.example,owned
