run_id,brand_id,brand_raw,mentioned,shortlisted,recommended,top_choice,discouraged,rank,factual_accuracy,differentiation_present,hedged,coding_timestamp,prompt_family_reported,run_valid,run_reason
M1-P001-AN-R2,B003,ArcticLoom,True,True,True,False,False,1.0,0.0,0.0,0.0,2026-06-06 00:00:00+00:00,category_best,True,
M1-P001-AN-R2,B001,AsterVale,False,False,False,False,False,,0.0,0.0,0.0,2026-06-06 00:00:00+00:00,category_best,True,
M1-P001-AN-R2,B002,Serein Sleep,False,False,False,False,False,,0.0,0.0,0.0,2026-06-06 00:00:00+00:00,category_best,True,
M1-P001-AN-R2,B004,RestNest,True,True,False,False,False,2.0,0.0,0.0,0.0,2026-06-06 00:00:00+00:00,category_best,True,
M1-P001-AN-R2,B005,Eucalune,True,True,False,False,False,3.0,0.0,0.0,0.0,2026-06-06 00:00:00+00:00,category_best,True,
M1-P001-CH-R1,B001,AsterVale,False,False,False,False,False,,0.0,0.0,0.0,2026-06-03 00:00:00+00:00,category_best,True,
M1-P001-CH-R1,B002,Serein Sleep,True,True,True,False,False,3.0,0.0,0.0,0.0,2026-06-03 00:00:00+00:00,category_best,True,
M1-P001-CH-R1,B004,RestNest,False,False,False,False,False,,0.0,0.0,0.0,2026-06-03 00:00:00+00:00,category_best,True,
M1-P001-CH-R1,B003,ArcticLoom,True,True,False,False,False,1.0,0.0,0.0,0.0,2026-06-03 00:00:00+00:00,category_best,True,
M1-P001-CH-R1,B005,Eucalune,True,True,True,False,False,2.0,0.0,0.0,0.0,2026-06-03 00:00:00+00:00,category_best,True,
M1-P001-CH-R2,B003,ArcticLoom,True,False,False,False,False,4.0,0.0,0.0,0.0,2026-06-04 00:00:00+00:00,category_best,True,
M1-P001-CH-R2,B001,AsterVale,False,False,False,False,False,,0.0,0.0,0.0,2026-06-04 00:00:00+00:00,category_best,True,
M1-P001-CH-R2,B002,Serein Sleep,True,True,False,False,False,1.0,0.0,0.0,0.0,2026-06-04 00:00:00+00:00,category_best,True,
M1-P001-CH-R2,B004,RestNest,True,True,False,False,False,3.0,0.0,0.0,0.0,2026-06-04 00:00:00+00:00,category_best,True,
M1-P001-CH-R2,B005,Eucalune,True,True,True,False,False,2.0,0.0,0.0,0.0,2026-06-04 00:00:00+00:00,category_best,True,
M1-P001-SE-R1,B001,AsterVale,True,True,True,False,False,3.0,0.0,0.0,0.0,2026-06-04 00:00:00+00:00,category_best,True,
M1-P001-SE-R1,B002,Serein Sleep,True,True,True,True,False,1.0,0.0,0.0,0.0,2026-06-04 00:00:00+00:00,category_best,True,
M1-P001-SE-R1,B005,Eucalune,True,True,True,False,False,2.0,0.0,0.0,0.0,2026-06-04 00:00:00+00:00,category_best,True,
M1-P001-SE-R1,B003,ArcticLoom,False,False,False,False,False,,0.0,0.0,0.0,2026-06-04 00:00:00+00:00,category_best,True,
M1-P001-SE-R1,B004,RestNest,False,False,False,False,False,,0.0,0.0,0.0,2026-06-04 00:00:00+00:00,category_best,True,
M1-P001-SE-R2,B005,Eucalune,True,True,True,True,False,1.0,0.0,0.0,0.0,2026-06-05 00:00:00+00:00,category_best,True,
M1-P001-SE-R2,B001,AsterVale,True,False,False,False,False,4.0,0.0,0.0,0.0,2026-06-05 00:00:00+00:00,category_best,True,
M1-P001-SE-R2,B004,RestNest,True,True,False,False,False,3.0,0.0,0.0,0.0,2026-06-05 00:00:00+00:00,category_best,True,
M1-P001-SE-R2,B003,ArcticLoom,False,False,False,False,False,,0.0,0.0,0.0,2026-06-05 00:00:00+00:00,category_best,True,
M1-P001-SE-R2,B002,Serein Sleep,True,True,True,False,False,2.0,0.0,0.0,0.0,2026-06-05 00:00:00+00:00,category_best,True,
M1-P002-AN-R2,B003,ArcticLoom,True,True,False,False,False,3.0,0.0,0.0,0.0,2026-06-07 00:00:00+00:00,category_best,True,
M1-P002-AN-R2,B002,Serein Sleep,True,True,False,False,False,2.0,0.0,0.0,0.0,2026-06-07 00:00:00+00:00,category_best,True,
M1-P002-AN-R2,B004,RestNest,False,False,False,False,False,,0.0,0.0,0.0,2026-06-07 00:00:00+00:00,category_best,True,
M1-P002-AN-R2,B005,Eucalune,True,False,False,False,False,4.0,0.0,0.0,0.0,2026-06-07 00:00:00+00:00,category_best,True,
M1-P002-AN-R2,B001,AsterVale,True,True,False,False,False,1.0,0.0,0.0,0.0,2026-06-07 00:00:00+00:00,category_best,True,
M1-P002-CH-R1,B002,Serein Sleep,True,True,True,True,False,1.0,0.0,0.0,0.0,2026-06-04 00:00:00+00:00,category_best,True,
M1-P002-CH-R1,B001,AsterVale,False,False,False,False,False,,0.0,0.0,0.0,2026-06-04 00:00:00+00:00,purchase_decision,True,
M1-P002-CH-R1,B005,Eucalune,False,False,False,False,False,,0.0,0.0,0.0,2026-06-04 00:00:00+00:00,category_best,True,
M1-P002-CH-R1,B003,ArcticLoom,True,True,False,False,False,2.0,0.0,0.0,0.0,2026-06-04 00:00:00+00:00,category_best,True,
M1-P002-CH-R1,B004,RestNest,True,True,False,False,False,3.0,0.0,0.0,0.0,2026-06-04 00:00:00+00:00,category_best,True,
M1-P002-CH-R2,B004,RestNest,True,True,False,False,False,3.0,0.0,0.0,0.0,2026-06-05 00:00:00+00:00,category_best,True,
M1-P002-CH-R2,B003,ArcticLoom,True,True,True,True,False,1.0,0.0,0.0,0.0,2026-06-05 00:00:00+00:00,category_best,True,
M1-P002-CH-R2,B005,Eucalune,True,True,False,False,False,2.0,0.0,0.0,0.0,2026-06-05 00:00:00+00:00,category_best,True,
M1-P002-CH-R2,B002,Serein Sleep,False,False,False,False,False,,0.0,0.0,0.0,2026-06-05 00:00:00+00:00,category_best,True,
M1-P002-CH-R2,B001,AsterVale,False,False,False,False,False,,0.0,0.0,0.0,2026-06-05 00:00:00+00:00,category_best,True,
M1-P002-SE-R1,B001,AsterVale,False,False,False,False,False,,0.0,0.0,0.0,2026-06-05 00:00:00+00:00,category_best,True,
M1-P002-SE-R1,B002,Serein Sleep,True,True,False,False,False,3.0,0.0,0.0,0.0,2026-06-05 00:00:00+00:00,category_best,True,
M1-P002-SE-R1,B004,RestNest,True,True,True,False,False,2.0,0.0,0.0,0.0,2026-06-05 00:00:00+00:00,category_best,True,
M1-P002-SE-R1,B005,Eucalune,True,False,False,False,False,4.0,0.0,0.0,0.0,2026-06-05 00:00:00+00:00,category_best,True,
M1-P002-SE-R1,B003,ArcticLoom,True,True,True,False,False,1.0,0.0,0.0,0.0,2026-06-05 00:00:00+00:00,category_best,True,
M1-P002-SE-R2,B001,AsterVale,False,False,False,False,False,,0.0,0.0,0.0,2026-06-06 00:00:00+00:00,category_best,True,
M1-P002-SE-R2,B004,RestNest,False,False,False,False,False,,0.0,0.0,0.0,2026-06-06 00:00:00+00:00,category_best,True,
M1-P002-SE-R2,B003,ArcticLoom,True,True,True,False,False,3.0,0.0,0.0,0.0,2026-06-06 00:00:00+00:00,category_best,True,
M1-P002-SE-R2,B002,Serein Sleep,True,True,False,False,False,1.0,0.0,0.0,0.0,2026-06-06 00:00:00+00:00,category_best,True,
M1-P002-SE-R2,B005,Eucalune,True,True,False,False,False,2.0,0.0,0.0,0.0,2026-06-06 00:00:00+00:00,category_best,True,
M1-P003-CH-R1,B004,RestNest,True,True,False,False,False,3.0,0.0,0.0,0.0,2026-06-05 00:00:00+00:00,category_best,True,
M1-P003-CH-R1,B003,ArcticLoom,True,True,True,True,False,1.0,0.0,0.0,0.0,2026-06-05 00:00:00+00:00,category_best,True,
M1-P003-CH-R1,B001,AsterVale,False,False,False,False,False,,0.0,0.0,0.0,2026-06-05 00:00:00+00:00,category_best,True,
M1-P003-CH-R1,B005,Eucalune,True,True,True,False,False,4.0,0.0,0.0,0.0,2026-06-05 00:00:00+00:00,category_best,True,
M1-P003-CH-R1,B002,Serein Sleep,True,True,False,False,False,2.0,0.0,0.0,0.0,2026-06-05 00:00:00+00:00,category_best,True,
M1-P003-CH-R2,B004,RestNest,True,True,False,False,False,3.0,0.0,0.0,0.0,2026-06-06 00:00:00+00:00,category_best,True,
M1-P003-CH-R2,B002,Serein Sleep,True,True,False,False,False,1.0,0.0,0.0,0.0,2026-06-06 00:00:00+00:00,category_best,True,
M1-P003-CH-R2,B001,AsterVale,False,False,False,False,False,,0.0,0.0,0.0,2026-06-06 00:00:00+00:00,category_best,True,
M1-P003-CH-R2,B005,Eucalune,False,False,False,False,False,,0.0,0.0,0.0,2026-06-06 00:00:00+00:00,category_best,True,
M1-P003-CH-R2,B003,ArcticLoom,True,True,False,False,False,2.0,0.0,0.0,0.0,2026-06-06 00:00:00+00:00,category_best,True,
M1-P004-AN-R1,B002,Serein Sleep,True,True,False,False,False,1.0,0.0,0.0,0.0,2026-06-08 00:00:00+00:00,category_best,True,
M1-P004-AN-R1,B004,RestNest,True,False,False,False,False,4.0,0.0,0.0,0.0,2026-06-08 00:00:00+00:00,category_best,True,
M1-P004-AN-R1,B003,ArcticLoom,True,True,True,False,False,3.0,0.0,0.0,0.0,2026-06-08 00:00:00+00:00,category_best,True,
M1-P004-AN-R1,B001,AsterVale,False,False,False,False,False,,0.0,0.0,0.0,2026-06-08 00:00:00+00:00,category_best,True,
M1-P004-AN-R1,B005,Eucalune,True,True,False,False,False,2.0,0.0,0.0,0.0,2026-06-08 00:00:00+00:00,category_best,True,
M1-P004-AN-R2,B004,RestNest,False,False,False,False,False,,0.0,0.0,0.0,2026-06-02 00:00:00+00:00,category_best,True,
M1-P004-AN-R2,B002,Serein Sleep,False,False,False,False,False,,0.0,0.0,0.0,2026-06-02 00:00:00+00:00,category_best,True,
M1-P004-AN-R2,B003,ArcticLoom,True,True,False,False,False,3.0,0.0,0.0,0.0,2026-06-02 00:00:00+00:00,category_best,True,
M1-P004-AN-R2,B005,Eucalune,True,True,False,False,False,2.0,0.0,0.0,0.0,2026-06-02 00:00:00+00:00,category_best,True,
M1-P004-AN-R2,B001,AsterVale,True,True,True,True,False,1.0,0.0,0.0,0.0,2026-06-02 00:00:00+00:00,category_best,True,
M1-P004-CH-R1,B002,Serein Sleep,True,True,True,True,False,1.0,0.0,0.0,0.0,2026-06-06 00:00:00+00:00,category_best,True,
M1-P004-CH-R1,B004,RestNest,False,False,False,False,False,,0.0,0.0,0.0,2026-06-06 00:00:00+00:00,category_best,True,
M1-P004-CH-R1,B003,ArcticLoom,True,True,False,False,False,2.0,0.0,0.0,0.0,2026-06-06 00:00:00+00:00,category_best,True,
M1-P004-CH-R1,B001,AsterVale,False,False,False,False,False,,0.0,0.0,0.0,2026-06-06 00:00:00+00:00,category_best,True,
M1-P004-CH-R1,B005,Eucalune,False,False,False,False,False,,0.0,0.0,0.0,2026-06-06 00:00:00+00:00,category_best,True,
M1-P004-CH-R2,B002,Serein Sleep,True,True,True,True,False,1.0,0.0,0.0,0.0,2026-06-07 00:00:00+00:00,category_best,True,
M1-P004-CH-R2,B001,AsterVale,False,False,False,False,False,,0.0,0.0,0.0,2026-06-07 00:00:00+00:00,category_best,True,
M1-P004-CH-R2,B005,Eucalune,True,False,False,False,False,4.0,0.0,0.0,0.0,2026-06-07 00:00:00+00:00,category_best,True,
M1-P004-CH-R2,B004,RestNest,True,True,False,False,False,2.0,0.0,0.0,0.0,2026-06-07 00:00:00+00:00,category_best,True,
M1-P004-CH-R2,B003,ArcticLoom,True,True,False,False,False,3.0,0.0,0.0,0.0,2026-06-07 00:00:00+00:00,category_best,True,
M1-P004-SE-R1,B005,Eucalune,False,False,False,False,False,,0.0,0.0,0.0,2026-06-07 00:00:00+00:00,category_best,True,
M1-P004-SE-R1,B001,AsterVale,False,False,False,False,False,,0.0,0.0,0.0,2026-06-07 00:00:00+00:00,category_best,True,
M1-P004-SE-R1,B002,Serein Sleep,True,True,False,False,False,1.0,0.0,0.0,0.0,2026-06-07 00:00:00+00:00,category_best,True,
M1-P004-SE-R1,B003,ArcticLoom,True,True,False,False,False,2.0,0.0,0.0,0.0,2026-06-07 00:00:00+00:00,category_best,True,
M1-P004-SE-R1,B004,RestNest,False,False,False,False,False,,0.0,0.0,0.0,2026-06-07 00:00:00+00:00,category_best,True,
M1-P004-SE-R2,B004,RestNest,False,False,False,False,False,,0.0,0.0,0.0,2026-06-08 00:00:00+00:00,category_best,True,
M1-P004-SE-R2,B002,Serein Sleep,True,True,True,True,False,1.0,0.0,0.0,0.0,2026-06-08 00:00:00+00:00,category_best,True,
M1-P004-SE-R2,B003,ArcticLoom,True,True,False,False,False,3.0,0.0,0.0,0.0,2026-06-08 00:00:00+00:00,category_best,True,
M1-P004-SE-R2,B005,Eucalune,True,True,False,False,False,2.0,0.0,0.0,0.0,2026-06-08 00:00:00+00:00,category_best,True,
M1-P004-SE-R2,B001,AsterVale,False,False,False,False,False,,0.0,0.0,0.0,2026-06-08 00:00:00+00:00,category_best,True,
M1-P005-AN-R1,B004,RestNest,True,True,True,True,False,1.0,0.0,0.0,0.0,2026-06-02 00:00:00+00:00,hot_sleepers,True,
M1-P005-AN-R1,B002,Serein Sleep,True,True,False,False,False,2.0,0.0,0.0,0.0,2026-06-02 00:00:00+00:00,hot_sleepers,True,
M1-P005-AN-R1,B001,AsterVale,False,False,False,False,False,,0.0,0.0,0.0,2026-06-02 00:00:00+00:00,hot_sleepers,True,
M1-P005-AN-R1,B005,Eucalune,False,False,False,False,False,,0.0,0.0,0.0,2026-06-02 00:00:00+00:00,hot_sleepers,True,
M1-P005-AN-R1,B003,ArcticLoom,False,False,False,False,False,,0.0,0.0,0.0,2026-06-02 00:00:00+00:00,hot_sleepers,True,
M1-P005-AN-R2,B001,AsterVale,True,True,False,False,False,2.0,0.0,0.0,0.0,2026-06-03 00:00:00+00:00,hot_sleepers,True,
M1-P005-AN-R2,B003,ArcticLoom,False,False,False,False,False,,0.0,0.0,0.0,2026-06-03 00:00:00+00:00,hot_sleepers,True,
M1-P005-AN-R2,B004,RestNest,False,False,False,False,False,,0.0,0.0,0.0,2026-06-03 00:00:00+00:00,hot_sleepers,True,
M1-P005-AN-R2,B002,Serein Sleep,True,True,True,True,False,1.0,0.0,0.0,0.0,2026-06-03 00:00:00+00:00,hot_sleepers,True,
M1-P005-AN-R2,B005,Eucalune,False,False,False,False,False,,0.0,0.0,0.0,2026-06-03 00:00:00+00:00,hot_sleepers,True,
M1-P005-CH-R1,B002,Serein Sleep,True,True,True,False,False,2.0,0.0,0.0,0.0,2026-06-07 00:00:00+00:00,hot_sleepers,True,
M1-P005-CH-R1,B004,RestNest,True,True,True,True,False,1.0,0.0,0.0,0.0,2026-06-07 00:00:00+00:00,hot_sleepers,True,
M1-P005-CH-R1,B001,AsterVale,False,False,False,False,False,,0.0,0.0,0.0,2026-06-07 00:00:00+00:00,hot_sleepers,True,
M1-P005-CH-R1,B003,ArcticLoom,False,False,False,False,False,,0.0,0.0,0.0,2026-06-07 00:00:00+00:00,hot_sleepers,True,
M1-P005-CH-R1,B005,Eucalune,False,False,False,False,False,,0.0,0.0,0.0,2026-06-07 00:00:00+00:00,hot_sleepers,True,
M1-P005-CH-R2,B001,AsterVale,False,False,False,False,False,,0.0,0.0,0.0,2026-06-08 00:00:00+00:00,hot_sleepers,True,
M1-P005-CH-R2,B003,ArcticLoom,True,True,False,False,False,2.0,0.0,0.0,0.0,2026-06-08 00:00:00+00:00,hot_sleepers,True,
M1-P005-CH-R2,B004,RestNest,False,False,False,False,False,,0.0,0.0,0.0,2026-06-08 00:00:00+00:00,hot_sleepers,True,
M1-P005-CH-R2,B002,Serein Sleep,True,True,False,False,False,3.0,0.0,0.0,0.0,2026-06-08 00:00:00+00:00,hot_sleepers,True,
M1-P005-CH-R2,B005,Eucalune,True,True,True,True,False,1.0,0.0,0.0,0.0,2026-06-08 00:00:00+00:00,hot_sleepers,True,
M1-P005-SE-R2,B001,AsterVale,False,False,False,False,False,,0.0,0.0,0.0,2026-06-02 00:00:00+00:00,hot_sleepers,True,
M1-P005-SE-R2,B003,ArcticLoom,False,False,False,False,False,,0.0,0.0,0.0,2026-06-02 00:00:00+00:00,hot_sleepers,True,
M1-P005-SE-R2,B002,Serein Sleep,True,True,True,True,False,1.0,0.0,0.0,0.0,2026-06-02 00:00:00+00:00,hot_sleepers,True,
M1-P005-SE-R2,B004,RestNest,True,True,True,False,False,2.0,0.0,0.0,0.0,2026-06-02 00:00:00+00:00,hot_sleepers,True,
M1-P005-SE-R2,B005,Eucalune,False,False,False,False,False,,0.0,0.0,0.0,2026-06-02 00:00:00+00:00,hot_sleepers,True,
M1-P006-AN-R2,B002,Serein Sleep,True,True,True,True,False,1.0,0.0,0.0,0.0,2026-06-04 00:00:00+00:00,hot_sleepers,True,
M1-P006-AN-R2,B005,Eucalune,True,True,False,False,False,3.0,0.0,0.0,0.0,2026-06-04 00:00:00+00:00,hot_sleepers,True,
M1-P006-AN-R2,B004,RestNest,False,False,False,False,False,,0.0,0.0,0.0,2026-06-04 00:00:00+00:00,hot_sleepers,True,
M1-P006-AN-R2,B001,AsterVale,False,False,False,False,False,,0.0,0.0,0.0,2026-06-04 00:00:00+00:00,hot_sleepers,True,
M1-P006-AN-R2,B003,ArcticLoom,True,True,False,False,False,2.0,0.0,0.0,0.0,2026-06-04 00:00:00+00:00,hot_sleepers,True,
M1-P006-CH-R1,B002,Serein Sleep,True,True,True,False,False,2.0,0.0,0.0,0.0,2026-06-08 00:00:00+00:00,hot_sleepers,True,
M1-P006-CH-R1,B001,AsterVale,False,False,False,False,False,,0.0,0.0,0.0,2026-06-08 00:00:00+00:00,hot_sleepers,True,
M1-P006-CH-R1,B005,Eucalune,False,False,False,False,False,,0.0,0.0,0.0,2026-06-08 00:00:00+00:00,hot_sleepers,True,
M1-P006-CH-R1,B004,RestNest,True,True,True,False,False,1.0,0.0,0.0,0.0,2026-06-08 00:00:00+00:00,hot_sleepers,True,
M1-P006-CH-R1,B003,ArcticLoom,False,False,False,False,False,,0.0,0.0,0.0,2026-06-08 00:00:00+00:00,hot_sleepers,True,
M1-P006-CH-R2,B001,AsterVale,False,False,False,False,False,,0.0,0.0,0.0,2026-06-02 00:00:00+00:00,hot_sleepers,True,
M1-P006-CH-R2,B002,Serein Sleep,True,False,False,False,False,4.0,0.0,0.0,0.0,2026-06-02 00:00:00+00:00,hot_sleepers,True,
M1-P006-CH-R2,B003,ArcticLoom,True,True,False,False,False,2.0,0.0,0.0,0.0,2026-06-02 00:00:00+00:00,hot_sleepers,True,
M1-P006-CH-R2,B005,Eucalune,True,True,False,False,False,1.0,0.0,0.0,0.0,2026-06-02 00:00:00+00:00,hot_sleepers,True,
M1-P006-CH-R2,B004,RestNest,True,True,False,False,False,3.0,0.0,0.0,0.0,2026-06-02 00:00:00+00:00,hot_sleepers,True,
M1-P006-SE-R1,B004,RestNest,False,False,False,False,False,,0.0,0.0,0.0,2026-06-02 00:00:00+00:00,hot_sleepers,True,
M1-P006-SE-R1,B005,Eucalune,True,True,False,False,False,1.0,0.0,0.0,0.0,2026-06-02 00:00:00+00:00,hot_sleepers,True,
M1-P006-SE-R1,B002,Serein Sleep,True,True,False,False,False,3.0,0.0,0.0,0.0,2026-06-02 00:00:00+00:00,hot_sleepers,True,
M1-P006-SE-R1,B003,ArcticLoom,True,True,False,False,False,2.0,0.0,0.0,0.0,2026-06-02 00:00:00+00:00,hot_sleepers,True,
M1-P006-SE-R1,B001,AsterVale,False,False,False,False,False,,0.0,0.0,0.0,2026-06-02 00:00:00+00:00,hot_sleepers,True,
M1-P006-SE-R2,B003,ArcticLoom,True,True,True,True,False,1.0,0.0,0.0,0.0,2026-06-03 00:00:00+00:00,hot_sleepers,True,
M1-P006-SE-R2,B005,Eucalune,False,False,False,False,False,,0.0,0.0,0.0,2026-06-03 00:00:00+00:00,hot_sleepers,True,
M1-P006-SE-R2,B001,AsterVale,True,False,False,False,False,4.0,0.0,0.0,0.0,2026-06-03 00:00:00+00:00,hot_sleepers,True,
M1-P006-SE-R2,B004,RestNest,True,True,False,False,False,3.0,0.0,0.0,0.0,2026-06-03 00:00:00+00:00,hot_sleepers,True,
M1-P006-SE-R2,B002,Serein Sleep,True,True,False,False,False,2.0,0.0,0.0,0.0,2026-06-03 00:00:00+00:00,hot_sleepers,True,
M1-P007-AN-R2,B005,Eucalune,True,True,True,True,False,1.0,0.0,0.0,0.0,2026-06-05 00:00:00+00:00,hot_sleepers,True,
M1-P007-AN-R2,B004,RestNest,False,False,False,False,False,,0.0,0.0,0.0,2026-06-05 00:00:00+00:00,hot_sleepers,True,
M1-P007-AN-R2,B002,Serein Sleep,True,True,False,False,False,3.0,0.0,0.0,0.0,2026-06-05 00:00:00+00:00,hot_sleepers,True,
M1-P007-AN-R2,B003,ArcticLoom,True,True,False,False,False,2.0,0.0,0.0,0.0,2026-06-05 00:00:00+00:00,hot_sleepers,True,
M1-P007-AN-R2,B001,AsterVale,False,False,False,False,False,,0.0,0.0,0.0,2026-06-05 00:00:00+00:00,hot_sleepers,True,
M1-P007-CH-R1,B005,Eucalune,True,True,False,False,False,2.0,0.0,0.0,0.0,2026-06-02 00:00:00+00:00,hot_sleepers,True,
M1-P007-CH-R1,B002,Serein Sleep,True,True,True,True,False,1.0,0.0,0.0,0.0,2026-06-02 00:00:00+00:00,hot_sleepers,True,
M1-P007-CH-R1,B004,RestNest,False,False,False,False,False,,0.0,0.0,0.0,2026-06-02 00:00:00+00:00,hot_sleepers,True,
M1-P007-CH-R1,B003,ArcticLoom,False,False,False,False,False,,0.0,0.0,0.0,2026-06-02 00:00:00+00:00,hot_sleepers,True,
M1-P007-CH-R1,B001,AsterVale,False,False,False,False,False,,0.0,0.0,0.0,2026-06-02 00:00:00+00:00,hot_sleepers,True,
M1-P007-CH-R2,B005,Eucalune,True,True,False,False,False,1.0,0.0,0.0,0.0,2026-06-03 00:00:00+00:00,hot_sleepers,True,
M1-P007-CH-R2,B003,ArcticLoom,True,True,True,False,False,2.0,0.0,0.0,0.0,2026-06-03 00:00:00+00:00,hot_sleepers,True,
M1-P007-CH-R2,B002,Serein Sleep,False,False,False,False,False,,0.0,0.0,0.0,2026-06-03 00:00:00+00:00,hot_sleepers,True,
M1-P007-CH-R2,B004,RestNest,False,False,False,False,False,,0.0,0.0,0.0,2026-06-03 00:00:00+00:00,hot_sleepers,True,
M1-P007-CH-R2,B001,AsterVale,False,False,False,False,False,,0.0,0.0,0.0,2026-06-03 00:00:00+00:00,hot_sleepers,True,
M1-P007-SE-R1,B004,RestNest,True,True,True,True,False,1.0,0.0,0.0,0.0,2026-06-03 00:00:00+00:00,hot_sleepers,True,
M1-P007-SE-R1,B001,AsterVale,False,False,False,False,False,,0.0,0.0,0.0,2026-06-03 00:00:00+00:00,hot_sleepers,True,
M1-P007-SE-R1,B005,Eucalune,False,False,False,False,False,,0.0,0.0,0.0,2026-06-03 00:00:00+00:00,hot_sleepers,True,
M1-P007-SE-R1,B003,ArcticLoom,True,True,False,False,False,3.0,0.0,0.0,0.0,2026-06-03 00:00:00+00:00,hot_sleepers,True,
M1-P007-SE-R1,B002,Serein Sleep,True,True,True,False,False,2.0,0.0,0.0,0.0,2026-06-03 00:00:00+00:00,hot_sleepers,True,
M1-P007-SE-R2,B004,RestNest,False,False,False,False,False,,0.0,0.0,0.0,2026-06-04 00:00:00+00:00,hot_sleepers,True,
M1-P007-SE-R2,B002,Serein Sleep,True,True,False,False,False,2.0,0.0,0.0,0.0,2026-06-04 00:00:00+00:00,hot_sleepers,True,
M1-P007-SE-R2,B005,Eucalune,True,True,False,False,False,3.0,0.0,0.0,0.0,2026-06-04 00:00:00+00:00,hot_sleepers,True,
M1-P007-SE-R2,B003,ArcticLoom,True,True,True,True,False,1.0,0.0,0.0,0.0,2026-06-04 00:00:00+00:00,hot_sleepers,True,
M1-P007-SE-R2,B001,AsterVale,False,False,False,False,False,,0.0,0.0,0.0,2026-06-04 00:00:00+00:00,hot_sleepers,True,
M1-P008-AN-R1,B005,Eucalune,True,True,False,False,False,2.0,0.0,0.0,0.0,2026-06-05 00:00:00+00:00,hot_sleepers,True,
M1-P008-AN-R1,B004,RestNest,True,True,False,False,False,1.0,0.0,0.0,0.0,2026-06-05 00:00:00+00:00,hot_sleepers,True,
M1-P008-AN-R1,B002,Serein Sleep,False,False,False,False,False,,0.0,0.0,0.0,2026-06-05 00:00:00+00:00,hot_sleepers,True,
M1-P008-AN-R1,B001,AsterVale,False,False,False,False,False,,0.0,0.0,0.0,2026-06-05 00:00:00+00:00,hot_sleepers,True,
M1-P008-AN-R1,B003,ArcticLoom,False,False,False,False,False,,0.0,0.0,0.0,2026-06-05 00:00:00+00:00,hot_sleepers,True,
M1-P008-AN-R2,B004,RestNest,True,True,True,False,False,1.0,0.0,0.0,0.0,2026-06-06 00:00:00+00:00,hot_sleepers,True,
M1-P008-AN-R2,B003,ArcticLoom,False,False,False,False,False,,0.0,0.0,0.0,2026-06-06 00:00:00+00:00,hot_sleepers,True,
M1-P008-AN-R2,B005,Eucalune,True,True,False,False,False,3.0,0.0,0.0,0.0,2026-06-06 00:00:00+00:00,category_best,True,
M1-P008-AN-R2,B001,AsterVale,False,False,False,False,False,,0.0,0.0,0.0,2026-06-06 00:00:00+00:00,hot_sleepers,True,
M1-P008-AN-R2,B002,Serein Sleep,True,True,True,False,False,2.0,0.0,0.0,0.0,2026-06-06 00:00:00+00:00,hot_sleepers,True,
M1-P008-CH-R2,B002,Serein Sleep,True,True,False,False,False,2.0,0.0,0.0,0.0,2026-06-04 00:00:00+00:00,hot_sleepers,True,
M1-P008-CH-R2,B001,AsterVale,False,False,False,False,False,,0.0,0.0,0.0,2026-06-04 00:00:00+00:00,hot_sleepers,True,
M1-P008-CH-R2,B004,RestNest,False,False,False,False,False,,0.0,0.0,0.0,2026-06-04 00:00:00+00:00,hot_sleepers,True,
M1-P008-CH-R2,B003,ArcticLoom,True,True,False,False,False,3.0,0.0,0.0,0.0,2026-06-04 00:00:00+00:00,hot_sleepers,True,
M1-P008-CH-R2,B005,Eucalune,True,True,True,True,False,1.0,0.0,0.0,0.0,2026-06-04 00:00:00+00:00,hot_sleepers,True,
M1-P008-SE-R1,B003,ArcticLoom,False,False,False,False,False,,0.0,0.0,0.0,2026-06-04 00:00:00+00:00,hot_sleepers,True,
M1-P008-SE-R1,B001,AsterVale,False,False,False,False,False,,0.0,0.0,0.0,2026-06-04 00:00:00+00:00,hot_sleepers,True,
M1-P008-SE-R1,B005,Eucalune,False,False,False,False,False,,0.0,0.0,0.0,2026-06-04 00:00:00+00:00,hot_sleepers,True,
M1-P008-SE-R1,B002,Serein Sleep,True,True,False,False,False,2.0,0.0,0.0,0.0,2026-06-04 00:00:00+00:00,hot_sleepers,True,
M1-P008-SE-R1,B004,RestNest,True,True,True,True,False,1.0,0.0,0.0,0.0,2026-06-04 00:00:00+00:00,hot_sleepers,True,
M1-P009-AN-R1,B004,RestNest,True,True,True,True,False,1.0,0.0,0.0,0.0,2026-06-06 00:00:00+00:00,night_sweats,True,
M1-P009-AN-R1,B005,Eucalune,False,False,False,False,False,,0.0,0.0,0.0,2026-06-06 00:00:00+00:00,night_sweats,True,
M1-P009-AN-R1,B002,Serein Sleep,False,False,False,False,False,,0.0,0.0,0.0,2026-06-06 00:00:00+00:00,night_sweats,True,
M1-P009-AN-R1,B003,ArcticLoom,True,True,False,False,False,2.0,0.0,0.0,0.0,2026-06-06 00:00:00+00:00,night_sweats,True,
M1-P009-AN-R1,B001,AsterVale,False,False,False,False,False,,0.0,0.0,0.0,2026-06-06 00:00:00+00:00,night_sweats,True,
M1-P009-AN-R2,B001,AsterVale,False,False,False,False,False,,0.0,0.0,0.0,2026-06-07 00:00:00+00:00,night_sweats,True,
M1-P009-AN-R2,B002,Serein Sleep,True,True,False,False,False,2.0,0.0,0.0,0.0,2026-06-07 00:00:00+00:00,night_sweats,True,
M1-P009-AN-R2,B003,ArcticLoom,False,False,False,False,False,,0.0,0.0,0.0,2026-06-07 00:00:00+00:00,night_sweats,True,
M1-P009-AN-R2,B005,Eucalune,True,True,False,False,False,1.0,0.0,0.0,0.0,2026-06-07 00:00:00+00:00,night_sweats,True,
M1-P009-AN-R2,B004,RestNest,False,False,False,False,False,,0.0,0.0,0.0,2026-06-07 00:00:00+00:00,night_sweats,True,
M1-P009-CH-R1,B005,Eucalune,False,False,False,False,False,,0.0,0.0,0.0,2026-06-04 00:00:00+00:00,night_sweats,True,
M1-P009-CH-R1,B003,ArcticLoom,True,True,True,False,False,1.0,0.0,0.0,0.0,2026-06-04 00:00:00+00:00,night_sweats,True,
M1-P009-CH-R1,B001,AsterVale,False,False,False,False,False,,0.0,0.0,0.0,2026-06-04 00:00:00+00:00,night_sweats,True,
M1-P009-CH-R1,B004,RestNest,True,True,False,False,False,3.0,0.0,0.0,0.0,2026-06-04 00:00:00+00:00,night_sweats,True,
M1-P009-CH-R1,B002,Serein Sleep,True,True,False,False,False,2.0,0.0,0.0,0.0,2026-06-04 00:00:00+00:00,night_sweats,True,
M1-P009-SE-R1,B004,RestNest,False,False,False,False,False,,0.0,0.0,0.0,2026-06-05 00:00:00+00:00,night_sweats,True,
M1-P009-SE-R1,B003,ArcticLoom,True,True,True,True,False,1.0,0.0,0.0,0.0,2026-06-05 00:00:00+00:00,night_sweats,True,
M1-P009-SE-R1,B005,Eucalune,True,True,True,False,False,4.0,0.0,0.0,0.0,2026-06-05 00:00:00+00:00,night_sweats,True,
M1-P009-SE-R1,B001,AsterVale,True,True,False,False,False,3.0,0.0,0.0,0.0,2026-06-05 00:00:00+00:00,night_sweats,True,
M1-P009-SE-R1,B002,Serein Sleep,True,True,False,False,False,2.0,0.0,0.0,0.0,2026-06-05 00:00:00+00:00,night_sweats,True,
M1-P009-SE-R2,B004,RestNest,True,True,False,False,False,3.0,0.0,0.0,0.0,2026-06-06 00:00:00+00:00,night_sweats,True,
M1-P009-SE-R2,B001,AsterVale,False,False,False,False,False,,0.0,0.0,0.0,2026-06-06 00:00:00+00:00,night_sweats,True,
M1-P009-SE-R2,B003,ArcticLoom,True,True,False,False,False,2.0,0.0,0.0,0.0,2026-06-06 00:00:00+00:00,night_sweats,True,
M1-P009-SE-R2,B005,Eucalune,True,False,False,False,False,4.0,0.0,0.0,0.0,2026-06-06 00:00:00+00:00,night_sweats,True,
M1-P009-SE-R2,B002,Serein Sleep,True,True,True,True,False,1.0,0.0,0.0,0.0,2026-06-06 00:00:00+00:00,night_sweats,True,
M1-P010-AN-R1,B001,AsterVale,False,False,False,False,False,,0.0,0.0,0.0,2026-06-07 00:00:00+00:00,night_sweats,True,
M1-P010-AN-R1,B005,Eucalune,True,True,False,False,False,2.0,0.0,0.0,0.0,2026-06-07 00:00:00+00:00,night_sweats,True,
M1-P010-AN-R1,B004,RestNest,False,False,False,False,False,,0.0,0.0,0.0,2026-06-07 00:00:00+00:00,night_sweats,True,
M1-P010-AN-R1,B002,Serein Sleep,True,True,True,True,False,1.0,0.0,0.0,0.0,2026-06-07 00:00:00+00:00,night_sweats,True,
M1-P010-AN-R1,B003,ArcticLoom,False,False,False,False,False,,0.0,0.0,0.0,2026-06-07 00:00:00+00:00,night_sweats,True,
M1-P010-AN-R2,B003,ArcticLoom,True,True,False,False,False,2.0,0.0,0.0,0.0,2026-06-08 00:00:00+00:00,night_sweats,True,
M1-P010-AN-R2,B001,AsterVale,True,True,False,False,False,3.0,0.0,0.0,0.0,2026-06-08 00:00:00+00:00,night_sweats,True,
M1-P010-AN-R2,B002,Serein Sleep,True,True,True,True,False,1.0,0.0,0.0,0.0,2026-06-08 00:00:00+00:00,night_sweats,True,
M1-P010-AN-R2,B004,RestNest,True,False,False,False,False,4.0,0.0,0.0,0.0,2026-06-08 00:00:00+00:00,night_sweats,True,
M1-P010-AN-R2,B005,Eucalune,False,False,False,False,False,,0.0,0.0,0.0,2026-06-08 00:00:00+00:00,night_sweats,True,
M1-P010-CH-R2,B005,Eucalune,True,True,True,True,False,1.0,0.0,0.0,0.0,2026-06-06 00:00:00+00:00,night_sweats,True,
M1-P010-CH-R2,B001,AsterVale,True,False,False,False,False,4.0,0.0,0.0,0.0,2026-06-06 00:00:00+00:00,night_sweats,True,
M1-P010-CH-R2,B002,Serein Sleep,False,False,False,False,False,,0.0,0.0,0.0,2026-06-06 00:00:00+00:00,night_sweats,True,
M1-P010-CH-R2,B004,RestNest,True,True,False,False,False,3.0,0.0,0.0,0.0,2026-06-06 00:00:00+00:00,night_sweats,True,
M1-P010-CH-R2,B003,ArcticLoom,True,True,False,False,False,2.0,0.0,0.0,0.0,2026-06-06 00:00:00+00:00,night_sweats,True,
M1-P010-SE-R1,B005,Eucalune,True,True,False,False,False,2.0,0.0,0.0,0.0,2026-06-06 00:00:00+00:00,night_sweats,True,
M1-P010-SE-R1,B004,RestNest,False,False,False,False,False,,0.0,0.0,0.0,2026-06-06 00:00:00+00:00,night_sweats,True,
M1-P010-SE-R1,B003,ArcticLoom,False,False,False,False,False,,0.0,0.0,0.0,2026-06-06 00:00:00+00:00,night_sweats,True,
M1-P010-SE-R1,B001,AsterVale,True,True,False,False,False,3.0,0.0,0.0,0.0,2026-06-06 00:00:00+00:00,night_sweats,True,
M1-P010-SE-R1,B002,Serein Sleep,True,True,True,True,False,1.0,0.0,0.0,0.0,2026-06-06 00:00:00+00:00,night_sweats,True,
M1-P010-SE-R2,B003,ArcticLoom,True,True,False,False,False,3.0,0.0,0.0,0.0,2026-06-07 00:00:00+00:00,night_sweats,True,
M1-P010-SE-R2,B005,Eucalune,True,True,False,False,False,2.0,0.0,0.0,0.0,2026-06-07 00:00:00+00:00,night_sweats,True,
M1-P010-SE-R2,B002,Serein Sleep,True,True,False,False,False,1.0,0.0,0.0,0.0,2026-06-07 00:00:00+00:00,night_sweats,True,
M1-P010-SE-R2,B004,RestNest,False,False,False,False,False,,0.0,0.0,0.0,2026-06-07 00:00:00+00:00,night_sweats,True,
M1-P010-SE-R2,B001,AsterVale,False,False,False,False,False,,0.0,0.0,0.0,2026-06-07 00:00:00+00:00,night_sweats,True,
M1-P011-AN-R1,B002,Serein Sleep,False,False,False,False,False,,0.0,0.0,0.0,2026-06-08 00:00:00+00:00,night_sweats,True,
M1-P011-AN-R1,B003,ArcticLoom,False,False,False,False,False,,0.0,0.0,0.0,2026-06-08 00:00:00+00:00,night_sweats,True,
M1-P011-AN-R1,B004,RestNest,True,True,True,True,False,1.0,0.0,0.0,0.0,2026-06-08 00:00:00+00:00,night_sweats,True,
M1-P011-AN-R1,B001,AsterVale,False,False,False,False,False,,0.0,0.0,0.0,2026-06-08 00:00:00+00:00,night_sweats,True,
M1-P011-AN-R1,B005,Eucalune,True,True,False,False,False,2.0,0.0,0.0,0.0,2026-06-08 00:00:00+00:00,night_sweats,True,
M1-P011-AN-R2,B004,RestNest,True,True,False,False,False,3.0,0.0,0.0,0.0,2026-06-02 00:00:00+00:00,night_sweats,True,
M1-P011-AN-R2,B001,AsterVale,False,False,False,False,False,,0.0,0.0,0.0,2026-06-02 00:00:00+00:00,night_sweats,True,
M1-P011-AN-R2,B003,ArcticLoom,True,True,False,False,False,1.0,0.0,0.0,0.0,2026-06-02 00:00:00+00:00,night_sweats,True,
M1-P011-AN-R2,B002,Serein Sleep,True,True,False,False,False,2.0,0.0,0.0,0.0,2026-06-02 00:00:00+00:00,night_sweats,True,
M1-P011-AN-R2,B005,Eucalune,True,False,False,False,False,4.0,0.0,0.0,0.0,2026-06-02 00:00:00+00:00,night_sweats,True,
M1-P011-CH-R1,B003,ArcticLoom,False,False,False,False,False,,0.0,0.0,0.0,2026-06-06 00:00:00+00:00,night_sweats,True,
M1-P011-CH-R1,B004,RestNest,True,True,True,True,False,1.0,0.0,0.0,0.0,2026-06-06 00:00:00+00:00,night_sweats,True,
M1-P011-CH-R1,B001,AsterVale,False,False,False,False,False,,0.0,0.0,0.0,2026-06-06 00:00:00+00:00,night_sweats,True,
M1-P011-CH-R1,B002,Serein Sleep,True,True,True,False,False,2.0,0.0,0.0,0.0,2026-06-06 00:00:00+00:00,night_sweats,True,
M1-P011-CH-R1,B005,Eucalune,False,False,False,False,False,,0.0,0.0,0.0,2026-06-06 00:00:00+00:00,night_sweats,True,
M1-P011-CH-R2,B003,ArcticLoom,True,False,False,False,False,4.0,0.0,0.0,0.0,2026-06-07 00:00:00+00:00,night_sweats,True,
M1-P011-CH-R2,B001,AsterVale,False,False,False,False,False,,0.0,0.0,0.0,2026-06-07 00:00:00+00:00,night_sweats,True,
M1-P011-CH-R2,B004,RestNest,True,True,False,False,False,2.0,0.0,0.0,0.0,2026-06-07 00:00:00+00:00,night_sweats,True,
M1-P011-CH-R2,B002,Serein Sleep,True,True,False,False,False,1.0,0.0,0.0,0.0,2026-06-07 00:00:00+00:00,night_sweats,True,
M1-P011-CH-R2,B005,Eucalune,True,True,False,False,False,3.0,0.0,0.0,0.0,2026-06-07 00:00:00+00:00,night_sweats,True,
M1-P011-SE-R1,B002,Serein Sleep,True,True,True,False,False,2.0,0.0,0.0,0.0,2026-06-07 00:00:00+00:00,night_sweats,True,
M1-P011-SE-R1,B001,AsterVale,False,False,False,False,False,,0.0,0.0,0.0,2026-06-07 00:00:00+00:00,night_sweats,True,
M1-P011-SE-R1,B005,Eucalune,False,False,False,False,False,,0.0,0.0,0.0,2026-06-07 00:00:00+00:00,night_sweats,True,
M1-P011-SE-R1,B004,RestNest,True,True,False,False,False,3.0,0.0,0.0,0.0,2026-06-07 00:00:00+00:00,night_sweats,True,
M1-P011-SE-R1,B003,ArcticLoom,True,True,False,False,False,1.0,0.0,0.0,0.0,2026-06-07 00:00:00+00:00,night_sweats,True,
M1-P011-SE-R2,B001,AsterVale,True,True,False,False,False,2.0,0.0,0.0,0.0,2026-06-08 00:00:00+00:00,night_sweats,True,
M1-P011-SE-R2,B004,RestNest,True,True,True,True,False,1.0,0.0,0.0,0.0,2026-06-08 00:00:00+00:00,night_sweats,True,
M1-P011-SE-R2,B003,ArcticLoom,False,False,False,False,False,,0.0,0.0,0.0,2026-06-08 00:00:00+00:00,night_sweats,True,
M1-P011-SE-R2,B005,Eucalune,False,False,False,False,False,,0.0,0.0,0.0,2026-06-08 00:00:00+00:00,night_sweats,True,
M1-P011-SE-R2,B002,Serein Sleep,False,False,False,False,False,,0.0,0.0,0.0,2026-06-08 00:00:00+00:00,night_sweats,True,
M1-P012-AN-R1,B001,AsterVale,False,False,False,False,False,,0.0,0.0,0.0,2026-06-02 00:00:00+00:00,night_sweats,True,
M1-P012-AN-R1,B005,Eucalune,False,False,False,False,False,,0.0,0.0,0.0,2026-06-02 00:00:00+00:00,night_sweats,True,
M1-P012-AN-R1,B002,Serein Sleep,True,True,False,False,False,3.0,0.0,0.0,0.0,2026-06-02 00:00:00+00:00,night_sweats,True,
M1-P012-AN-R1,B003,ArcticLoom,True,True,False,False,False,1.0,0.0,0.0,0.0,2026-06-02 00:00:00+00:00,night_sweats,True,
M1-P012-AN-R1,B004,RestNest,True,True,False,False,False,2.0,0.0,0.0,0.0,2026-06-02 00:00:00+00:00,night_sweats,True,
M1-P012-AN-R2,B004,RestNest,False,False,False,False,False,,0.0,0.0,0.0,2026-06-03 00:00:00+00:00,night_sweats,True,
M1-P012-AN-R2,B002,Serein Sleep,True,True,False,False,False,1.0,0.0,0.0,0.0,2026-06-03 00:00:00+00:00,night_sweats,True,
M1-P012-AN-R2,B005,Eucalune,False,False,False,False,False,,0.0,0.0,0.0,2026-06-03 00:00:00+00:00,night_sweats,True,
M1-P012-AN-R2,B003,ArcticLoom,True,True,False,False,False,2.0,0.0,0.0,0.0,2026-06-03 00:00:00+00:00,night_sweats,True,
M1-P012-AN-R2,B001,AsterVale,False,False,False,False,False,,0.0,0.0,0.0,2026-06-03 00:00:00+00:00,night_sweats,True,
M1-P012-CH-R1,B003,ArcticLoom,False,False,False,False,False,,0.0,0.0,0.0,2026-06-07 00:00:00+00:00,night_sweats,True,
M1-P012-CH-R1,B004,RestNest,True,True,False,False,False,2.0,0.0,0.0,0.0,2026-06-07 00:00:00+00:00,night_sweats,True,
M1-P012-CH-R1,B001,AsterVale,False,False,False,False,False,,0.0,0.0,0.0,2026-06-07 00:00:00+00:00,night_sweats,True,
M1-P012-CH-R1,B005,Eucalune,False,False,False,False,False,,0.0,0.0,0.0,2026-06-07 00:00:00+00:00,night_sweats,True,
M1-P012-CH-R1,B002,Serein Sleep,True,True,True,True,False,1.0,0.0,0.0,0.0,2026-06-07 00:00:00+00:00,night_sweats,True,
M1-P012-CH-R2,B002,Serein Sleep,True,True,True,True,False,1.0,0.0,0.0,0.0,2026-06-08 00:00:00+00:00,night_sweats,True,
M1-P012-CH-R2,B001,AsterVale,False,False,False,False,False,,0.0,0.0,0.0,2026-06-08 00:00:00+00:00,night_sweats,True,
M1-P012-CH-R2,B005,Eucalune,True,True,False,False,False,2.0,0.0,0.0,0.0,2026-06-08 00:00:00+00:00,night_sweats,True,
M1-P012-CH-R2,B004,RestNest,True,False,False,False,False,4.0,0.0,0.0,0.0,2026-06-08 00:00:00+00:00,night_sweats,True,
M1-P012-CH-R2,B003,ArcticLoom,True,True,False,False,False,3.0,0.0,0.0,0.0,2026-06-08 00:00:00+00:00,night_sweats,True,
M1-P012-SE-R1,B005,Eucalune,True,True,False,False,False,2.0,0.0,0.0,0.0,2026-06-08 00:00:00+00:00,night_sweats,True,
M1-P012-SE-R1,B003,ArcticLoom,False,False,False,False,False,,0.0,0.0,0.0,2026-06-08 00:00:00+00:00,night_sweats,True,
M1-P012-SE-R1,B002,Serein Sleep,True,True,False,False,False,3.0,0.0,0.0,0.0,2026-06-08 00:00:00+00:00,night_sweats,True,
M1-P012-SE-R1,B004,RestNest,True,True,False,False,False,1.0,0.0,0.0,0.0,2026-06-08 00:00:00+00:00,night_sweats,True,
M1-P012-SE-R1,B001,AsterVale,True,False,False,False,False,4.0,0.0,0.0,0.0,2026-06-08 00:00:00+00:00,night_sweats,True,
M1-P012-SE-R2,B002,Serein Sleep,True,True,False,False,False,2.0,0.0,0.0,0.0,2026-06-02 00:00:00+00:00,night_sweats,True,
M1-P012-SE-R2,B003,ArcticLoom,False,False,False,False,False,,0.0,0.0,0.0,2026-06-02 00:00:00+00:00,night_sweats,True,
M1-P012-SE-R2,B004,RestNest,False,False,False,False,False,,0.0,0.0,0.0,2026-06-02 00:00:00+00:00,night_sweats,True,
M1-P012-SE-R2,B005,Eucalune,True,True,True,True,False,1.0,0.0,0.0,0.0,2026-06-02 00:00:00+00:00,night_sweats,True,
M1-P012-SE-R2,B001,AsterVale,False,False,False,False,False,,0.0,0.0,0.0,2026-06-02 00:00:00+00:00,night_sweats,True,
M1-P013-AN-R1,B003,ArcticLoom,True,True,True,False,False,1.0,0.0,0.0,0.0,2026-06-03 00:00:00+00:00,breathable_material,True,
M1-P013-AN-R1,B004,RestNest,False,False,False,False,False,,0.0,0.0,0.0,2026-06-03 00:00:00+00:00,breathable_material,True,
M1-P013-AN-R1,B005,Eucalune,False,False,False,False,False,,0.0,0.0,0.0,2026-06-03 00:00:00+00:00,breathable_material,True,
M1-P013-AN-R1,B002,Serein Sleep,True,True,False,False,False,2.0,0.0,0.0,0.0,2026-06-03 00:00:00+00:00,breathable_material,True,
M1-P013-AN-R1,B001,AsterVale,False,False,False,False,False,,0.0,0.0,0.0,2026-06-03 00:00:00+00:00,breathable_material,True,
M1-P013-AN-R2,B003,ArcticLoom,True,True,True,False,False,2.0,0.0,0.0,0.0,2026-06-04 00:00:00+00:00,breathable_material,True,
M1-P013-AN-R2,B005,Eucalune,True,True,True,True,False,1.0,0.0,0.0,0.0,2026-06-04 00:00:00+00:00,breathable_material,True,
M1-P013-AN-R2,B002,Serein Sleep,True,True,False,False,False,3.0,0.0,0.0,0.0,2026-06-04 00:00:00+00:00,breathable_material,True,
M1-P013-AN-R2,B004,RestNest,False,False,False,False,False,,0.0,0.0,0.0,2026-06-04 00:00:00+00:00,breathable_material,True,
M1-P013-AN-R2,B001,AsterVale,True,False,False,False,False,4.0,0.0,0.0,0.0,2026-06-04 00:00:00+00:00,breathable_material,True,
M1-P013-CH-R1,B005,Eucalune,True,True,True,True,False,1.0,0.0,0.0,0.0,2026-06-08 00:00:00+00:00,breathable_material,True,
M1-P013-CH-R1,B004,RestNest,True,True,False,False,False,3.0,0.0,0.0,0.0,2026-06-08 00:00:00+00:00,breathable_material,True,
M1-P013-CH-R1,B003,ArcticLoom,True,True,False,False,False,2.0,0.0,0.0,0.0,2026-06-08 00:00:00+00:00,breathable_material,True,
M1-P013-CH-R1,B001,AsterVale,False,False,False,False,False,,0.0,0.0,0.0,2026-06-08 00:00:00+00:00,breathable_material,True,
M1-P013-CH-R1,B002,Serein Sleep,False,False,False,False,False,,0.0,0.0,0.0,2026-06-08 00:00:00+00:00,breathable_material,True,
M1-P013-CH-R2,B003,ArcticLoom,False,False,False,False,False,,0.0,0.0,0.0,2026-06-02 00:00:00+00:00,breathable_material,True,
M1-P013-CH-R2,B001,AsterVale,False,False,False,False,False,,0.0,0.0,0.0,2026-06-02 00:00:00+00:00,breathable_material,True,
M1-P013-CH-R2,B004,RestNest,True,True,False,False,False,1.0,0.0,0.0,0.0,2026-06-02 00:00:00+00:00,breathable_material,True,
M1-P013-CH-R2,B005,Eucalune,True,True,True,False,False,2.0,0.0,0.0,0.0,2026-06-02 00:00:00+00:00,breathable_material,True,
M1-P013-CH-R2,B002,Serein Sleep,False,False,False,False,False,,0.0,0.0,0.0,2026-06-02 00:00:00+00:00,breathable_material,True,
M1-P013-SE-R1,B001,AsterVale,False,False,False,False,False,,0.0,0.0,0.0,2026-06-02 00:00:00+00:00,breathable_material,True,
M1-P013-SE-R1,B004,RestNest,False,False,False,False,False,,0.0,0.0,0.0,2026-06-02 00:00:00+00:00,breathable_material,True,
M1-P013-SE-R1,B002,Serein Sleep,True,True,True,False,False,1.0,0.0,0.0,0.0,2026-06-02 00:00:00+00:00,breathable_material,True,
M1-P013-SE-R1,B005,Eucalune,True,True,False,False,False,3.0,0.0,0.0,0.0,2026-06-02 00:00:00+00:00,breathable_material,True,
M1-P013-SE-R1,B003,ArcticLoom,True,True,False,False,False,2.0,0.0,0.0,0.0,2026-06-02 00:00:00+00:00,breathable_material,True,
M1-P013-SE-R2,B005,Eucalune,True,True,False,False,False,2.0,0.0,0.0,0.0,2026-06-03 00:00:00+00:00,breathable_material,True,
M1-P013-SE-R2,B001,AsterVale,False,False,False,False,False,,0.0,0.0,0.0,2026-06-03 00:00:00+00:00,breathable_material,True,
M1-P013-SE-R2,B003,ArcticLoom,True,True,False,False,False,3.0,0.0,0.0,0.0,2026-06-03 00:00:00+00:00,breathable_material,True,
M1-P013-SE-R2,B002,Serein Sleep,True,True,False,False,False,1.0,0.0,0.0,0.0,2026-06-03 00:00:00+00:00,breathable_material,True,
M1-P013-SE-R2,B004,RestNest,True,False,False,False,False,4.0,0.0,0.0,0.0,2026-06-03 00:00:00+00:00,breathable_material,True,
M1-P014-AN-R1,B005,Eucalune,True,True,False,False,False,3.0,0.0,0.0,0.0,2026-06-04 00:00:00+00:00,breathable_material,True,
M1-P014-AN-R1,B001,AsterVale,True,False,False,False,False,4.0,0.0,0.0,0.0,2026-06-04 00:00:00+00:00,breathable_material,True,
M1-P014-AN-R1,B002,Serein Sleep,True,True,True,False,False,2.0,0.0,0.0,0.0,2026-06-04 00:00:00+00:00,breathable_material,True,
M1-P014-AN-R1,B004,RestNest,True,False,False,False,False,5.0,0.0,0.0,0.0,2026-06-04 00:00:00+00:00,breathable_material,True,
M1-P014-AN-R1,B003,ArcticLoom,True,True,False,False,False,1.0,0.0,0.0,0.0,2026-06-04 00:00:00+00:00,breathable_material,True,
M1-P014-AN-R2,B003,ArcticLoom,True,True,True,False,False,2.0,0.0,0.0,0.0,2026-06-05 00:00:00+00:00,breathable_material,True,
M1-P014-AN-R2,B004,RestNest,False,False,False,False,False,,0.0,0.0,0.0,2026-06-05 00:00:00+00:00,breathable_material,True,
M1-P014-AN-R2,B002,Serein Sleep,False,False,False,False,False,,0.0,0.0,0.0,2026-06-05 00:00:00+00:00,breathable_material,True,
M1-P014-AN-R2,B001,AsterVale,False,False,False,False,False,,0.0,0.0,0.0,2026-06-05 00:00:00+00:00,breathable_material,True,
M1-P014-AN-R2,B005,Eucalune,True,True,True,True,False,1.0,0.0,0.0,0.0,2026-06-05 00:00:00+00:00,breathable_material,True,
M1-P014-CH-R1,B001,AsterVale,False,False,False,False,False,,0.0,0.0,0.0,2026-06-02 00:00:00+00:00,breathable_material,True,
M1-P014-CH-R1,B002,Serein Sleep,False,False,False,False,False,,0.0,0.0,0.0,2026-06-02 00:00:00+00:00,breathable_material,True,
M1-P014-CH-R1,B003,ArcticLoom,True,True,True,True,False,1.0,0.0,0.0,0.0,2026-06-02 00:00:00+00:00,breathable_material,True,
M1-P014-CH-R1,B004,RestNest,True,True,False,False,False,2.0,0.0,0.0,0.0,2026-06-02 00:00:00+00:00,breathable_material,True,
M1-P014-CH-R1,B005,Eucalune,False,False,False,False,False,,0.0,0.0,0.0,2026-06-02 00:00:00+00:00,breathable_material,True,
M1-P014-CH-R2,B002,Serein Sleep,True,True,True,True,False,1.0,0.0,0.0,0.0,2026-06-03 00:00:00+00:00,breathable_material,True,
M1-P014-CH-R2,B004,RestNest,True,True,False,False,False,2.0,0.0,0.0,0.0,2026-06-03 00:00:00+00:00,breathable_material,True,
M1-P014-CH-R2,B003,ArcticLoom,False,False,False,False,False,,0.0,0.0,0.0,2026-06-03 00:00:00+00:00,breathable_material,True,
M1-P014-CH-R2,B005,Eucalune,False,False,False,False,False,,0.0,0.0,0.0,2026-06-03 00:00:00+00:00,breathable_material,True,
M1-P014-CH-R2,B001,AsterVale,False,False,False,False,False,,0.0,0.0,0.0,2026-06-03 00:00:00+00:00,breathable_material,True,
M1-P014-SE-R1,B003,ArcticLoom,True,True,True,True,False,1.0,0.0,0.0,0.0,2026-06-03 00:00:00+00:00,breathable_material,True,
M1-P014-SE-R1,B004,RestNest,True,True,False,False,False,3.0,0.0,0.0,0.0,2026-06-03 00:00:00+00:00,breathable_material,True,
M1-P014-SE-R1,B001,AsterVale,False,False,False,False,False,,0.0,0.0,0.0,2026-06-03 00:00:00+00:00,breathable_material,True,
M1-P014-SE-R1,B005,Eucalune,False,False,False,False,False,,0.0,0.0,0.0,2026-06-03 00:00:00+00:00,breathable_material,True,
M1-P014-SE-R1,B002,Serein Sleep,True,True,False,False,False,2.0,0.0,0.0,0.0,2026-06-03 00:00:00+00:00,breathable_material,True,
M1-P014-SE-R2,B005,Eucalune,True,True,False,False,False,3.0,0.0,0.0,0.0,2026-06-04 00:00:00+00:00,breathable_material,True,
M1-P014-SE-R2,B004,RestNest,True,False,False,False,False,4.0,0.0,0.0,0.0,2026-06-04 00:00:00+00:00,breathable_material,True,
M1-P014-SE-R2,B003,ArcticLoom,True,True,False,False,False,2.0,0.0,0.0,0.0,2026-06-04 00:00:00+00:00,breathable_material,True,
M1-P014-SE-R2,B001,AsterVale,False,False,False,False,False,,0.0,0.0,0.0,2026-06-04 00:00:00+00:00,breathable_material,True,
M1-P014-SE-R2,B002,Serein Sleep,True,True,True,True,False,1.0,0.0,0.0,0.0,2026-06-04 00:00:00+00:00,breathable_material,True,
M1-P015-AN-R1,B003,ArcticLoom,False,False,False,False,False,,0.0,0.0,0.0,2026-06-05 00:00:00+00:00,breathable_material,True,
M1-P015-AN-R1,B001,AsterVale,False,False,False,False,False,,0.0,0.0,0.0,2026-06-05 00:00:00+00:00,breathable_material,True,
M1-P015-AN-R1,B004,RestNest,True,True,True,False,False,2.0,0.0,0.0,0.0,2026-06-05 00:00:00+00:00,breathable_material,True,
M1-P015-AN-R1,B002,Serein Sleep,True,True,False,False,False,3.0,0.0,0.0,0.0,2026-06-05 00:00:00+00:00,breathable_material,True,
M1-P015-AN-R1,B005,Eucalune,True,True,True,True,False,1.0,0.0,0.0,0.0,2026-06-05 00:00:00+00:00,breathable_material,True,
M1-P015-AN-R2,B002,Serein Sleep,True,True,True,False,False,1.0,0.0,0.0,0.0,2026-06-06 00:00:00+00:00,breathable_material,True,
M1-P015-AN-R2,B001,AsterVale,False,False,False,False,False,,0.0,0.0,0.0,2026-06-06 00:00:00+00:00,breathable_material,True,
M1-P015-AN-R2,B005,Eucalune,True,True,True,False,False,2.0,0.0,0.0,0.0,2026-06-06 00:00:00+00:00,breathable_material,True,
M1-P015-AN-R2,B004,RestNest,False,False,False,False,False,,0.0,0.0,0.0,2026-06-06 00:00:00+00:00,breathable_material,True,
M1-P015-AN-R2,B003,ArcticLoom,False,False,False,False,False,,0.0,0.0,0.0,2026-06-06 00:00:00+00:00,breathable_material,True,
M1-P015-CH-R1,B005,Eucalune,True,True,False,False,False,2.0,0.0,0.0,0.0,2026-06-03 00:00:00+00:00,breathable_material,True,
M1-P015-CH-R1,B004,RestNest,True,False,False,False,False,4.0,0.0,0.0,0.0,2026-06-03 00:00:00+00:00,breathable_material,True,
M1-P015-CH-R1,B001,AsterVale,True,False,False,False,False,5.0,0.0,0.0,0.0,2026-06-03 00:00:00+00:00,breathable_material,True,
M1-P015-CH-R1,B002,Serein Sleep,True,True,True,True,False,1.0,0.0,0.0,0.0,2026-06-03 00:00:00+00:00,breathable_material,True,
M1-P015-CH-R1,B003,ArcticLoom,True,True,False,False,False,3.0,0.0,0.0,0.0,2026-06-03 00:00:00+00:00,breathable_material,True,
M1-P015-CH-R2,B005,Eucalune,True,True,False,False,False,1.0,0.0,0.0,0.0,2026-06-04 00:00:00+00:00,breathable_material,True,
M1-P015-CH-R2,B002,Serein Sleep,True,True,True,False,False,2.0,0.0,0.0,0.0,2026-06-04 00:00:00+00:00,breathable_material,True,
M1-P015-CH-R2,B001,AsterVale,False,False,False,False,False,,0.0,0.0,0.0,2026-06-04 00:00:00+00:00,breathable_material,True,
M1-P015-CH-R2,B004,RestNest,True,False,False,False,False,4.0,0.0,0.0,0.0,2026-06-04 00:00:00+00:00,breathable_material,True,
M1-P015-CH-R2,B003,ArcticLoom,True,True,False,False,False,3.0,0.0,0.0,0.0,2026-06-04 00:00:00+00:00,breathable_material,True,
M1-P015-SE-R1,B004,RestNest,False,False,False,False,False,,0.0,0.0,0.0,2026-06-04 00:00:00+00:00,breathable_material,True,
M1-P015-SE-R1,B001,AsterVale,False,False,False,False,False,,0.0,0.0,0.0,2026-06-04 00:00:00+00:00,breathable_material,True,
M1-P015-SE-R1,B005,Eucalune,False,False,False,False,False,,0.0,0.0,0.0,2026-06-04 00:00:00+00:00,breathable_material,True,
M1-P015-SE-R1,B002,Serein Sleep,True,True,True,True,False,1.0,0.0,0.0,0.0,2026-06-04 00:00:00+00:00,breathable_material,True,
M1-P015-SE-R1,B003,ArcticLoom,True,True,True,False,False,2.0,0.0,0.0,0.0,2026-06-04 00:00:00+00:00,breathable_material,True,
M1-P015-SE-R2,B005,Eucalune,True,True,True,True,False,1.0,0.0,0.0,0.0,2026-06-05 00:00:00+00:00,breathable_material,True,
M1-P015-SE-R2,B004,RestNest,True,True,False,False,False,3.0,0.0,0.0,0.0,2026-06-05 00:00:00+00:00,breathable_material,True,
M1-P015-SE-R2,B002,Serein Sleep,True,True,False,False,False,2.0,0.0,0.0,0.0,2026-06-05 00:00:00+00:00,breathable_material,True,
M1-P015-SE-R2,B001,AsterVale,False,False,False,False,False,,0.0,0.0,0.0,2026-06-05 00:00:00+00:00,breathable_material,True,
M1-P015-SE-R2,B003,ArcticLoom,True,False,False,False,False,4.0,0.0,0.0,0.0,2026-06-05 00:00:00+00:00,breathable_material,True,
M1-P016-AN-R1,B005,Eucalune,True,True,False,False,False,3.0,0.0,0.0,0.0,2026-06-06 00:00:00+00:00,breathable_material,True,
M1-P016-AN-R1,B001,AsterVale,False,False,False,False,False,,0.0,0.0,0.0,2026-06-06 00:00:00+00:00,breathable_material,True,
M1-P016-AN-R1,B003,ArcticLoom,False,False,False,False,False,,0.0,0.0,0.0,2026-06-06 00:00:00+00:00,breathable_material,True,
M1-P016-AN-R1,B004,RestNest,True,True,False,False,False,2.0,0.0,0.0,0.0,2026-06-06 00:00:00+00:00,breathable_material,True,
M1-P016-AN-R1,B002,Serein Sleep,True,True,True,True,False,1.0,0.0,0.0,0.0,2026-06-06 00:00:00+00:00,breathable_material,True,
M1-P016-AN-R2,B005,Eucalune,False,False,False,False,False,,0.0,0.0,0.0,2026-06-07 00:00:00+00:00,breathable_material,True,
M1-P016-AN-R2,B001,AsterVale,True,True,False,False,False,2.0,0.0,0.0,0.0,2026-06-07 00:00:00+00:00,breathable_material,True,
M1-P016-AN-R2,B003,ArcticLoom,True,True,True,False,False,1.0,0.0,0.0,0.0,2026-06-07 00:00:00+00:00,breathable_material,True,
M1-P016-AN-R2,B002,Serein Sleep,False,False,False,False,False,,0.0,0.0,0.0,2026-06-07 00:00:00+00:00,breathable_material,True,
M1-P016-AN-R2,B004,RestNest,True,True,False,False,False,3.0,0.0,0.0,0.0,2026-06-07 00:00:00+00:00,breathable_material,True,
M1-P016-CH-R1,B003,ArcticLoom,False,False,False,False,False,,0.0,0.0,0.0,2026-06-04 00:00:00+00:00,breathable_material,True,
M1-P016-CH-R1,B005,Eucalune,True,True,True,False,False,1.0,0.0,0.0,0.0,2026-06-04 00:00:00+00:00,breathable_material,True,
M1-P016-CH-R1,B004,RestNest,True,False,False,False,False,4.0,0.0,0.0,0.0,2026-06-04 00:00:00+00:00,breathable_material,True,
M1-P016-CH-R1,B002,Serein Sleep,True,True,False,False,False,3.0,0.0,0.0,0.0,2026-06-04 00:00:00+00:00,breathable_material,True,
M1-P016-CH-R1,B001,AsterVale,True,True,False,False,False,2.0,0.0,0.0,0.0,2026-06-04 00:00:00+00:00,breathable_material,True,
M1-P016-CH-R2,B004,RestNest,False,False,False,False,False,,0.0,0.0,0.0,2026-06-05 00:00:00+00:00,breathable_material,True,
M1-P016-CH-R2,B001,AsterVale,False,False,False,False,False,,0.0,0.0,0.0,2026-06-05 00:00:00+00:00,breathable_material,True,
M1-P016-CH-R2,B003,ArcticLoom,False,False,False,False,False,,0.0,0.0,0.0,2026-06-05 00:00:00+00:00,breathable_material,True,
M1-P016-CH-R2,B002,Serein Sleep,True,True,True,True,False,1.0,0.0,0.0,0.0,2026-06-05 00:00:00+00:00,breathable_material,True,
M1-P016-CH-R2,B005,Eucalune,True,True,False,False,False,2.0,0.0,0.0,0.0,2026-06-05 00:00:00+00:00,breathable_material,True,
M1-P016-SE-R1,B004,RestNest,False,False,False,False,False,,0.0,0.0,0.0,2026-06-05 00:00:00+00:00,breathable_material,True,
M1-P016-SE-R1,B001,AsterVale,False,False,False,False,False,,0.0,0.0,0.0,2026-06-05 00:00:00+00:00,breathable_material,True,
M1-P016-SE-R1,B003,ArcticLoom,True,True,True,True,False,1.0,0.0,0.0,0.0,2026-06-05 00:00:00+00:00,breathable_material,True,
M1-P016-SE-R1,B002,Serein Sleep,True,True,False,False,False,2.0,0.0,0.0,0.0,2026-06-05 00:00:00+00:00,breathable_material,True,
M1-P016-SE-R1,B005,Eucalune,True,True,False,False,False,3.0,0.0,0.0,0.0,2026-06-05 00:00:00+00:00,breathable_material,True,
M1-P016-SE-R2,B004,RestNest,False,False,False,False,False,,0.0,0.0,0.0,2026-06-06 00:00:00+00:00,breathable_material,True,
M1-P016-SE-R2,B002,Serein Sleep,True,True,False,False,False,2.0,0.0,0.0,0.0,2026-06-06 00:00:00+00:00,breathable_material,True,
M1-P016-SE-R2,B005,Eucalune,False,False,False,False,False,,0.0,0.0,0.0,2026-06-06 00:00:00+00:00,breathable_material,True,
M1-P016-SE-R2,B003,ArcticLoom,True,True,True,True,False,1.0,0.0,0.0,0.0,2026-06-06 00:00:00+00:00,breathable_material,True,
M1-P016-SE-R2,B001,AsterVale,False,False,False,False,False,,0.0,0.0,0.0,2026-06-06 00:00:00+00:00,breathable_material,True,
M1-P017-AN-R1,B002,Serein Sleep,True,True,True,True,False,1.0,0.0,0.0,0.0,2026-06-07 00:00:00+00:00,material_comparison,True,
M1-P017-AN-R1,B001,AsterVale,False,False,False,False,False,,0.0,0.0,0.0,2026-06-07 00:00:00+00:00,material_comparison,True,
M1-P017-AN-R1,B003,ArcticLoom,True,True,False,False,False,2.0,0.0,0.0,0.0,2026-06-07 00:00:00+00:00,material_comparison,True,
M1-P017-AN-R1,B005,Eucalune,False,False,False,False,False,,0.0,0.0,0.0,2026-06-07 00:00:00+00:00,material_comparison,True,
M1-P017-AN-R1,B004,RestNest,True,True,False,False,False,3.0,0.0,0.0,0.0,2026-06-07 00:00:00+00:00,material_comparison,True,
M1-P017-AN-R2,B001,AsterVale,False,False,False,False,False,,0.0,0.0,0.0,2026-06-08 00:00:00+00:00,material_comparison,True,
M1-P017-AN-R2,B004,RestNest,False,False,False,False,False,,0.0,0.0,0.0,2026-06-08 00:00:00+00:00,material_comparison,True,
M1-P017-AN-R2,B005,Eucalune,True,True,True,True,False,1.0,0.0,0.0,0.0,2026-06-08 00:00:00+00:00,material_comparison,True,
M1-P017-AN-R2,B003,ArcticLoom,False,False,False,False,False,,0.0,0.0,0.0,2026-06-08 00:00:00+00:00,material_comparison,True,
M1-P017-AN-R2,B002,Serein Sleep,True,True,False,False,False,2.0,0.0,0.0,0.0,2026-06-08 00:00:00+00:00,material_comparison,True,
M1-P017-CH-R1,B003,ArcticLoom,False,False,False,False,False,,0.0,0.0,0.0,2026-06-05 00:00:00+00:00,material_comparison,True,
M1-P017-CH-R1,B002,Serein Sleep,True,True,False,False,False,2.0,0.0,0.0,0.0,2026-06-05 00:00:00+00:00,material_comparison,True,
M1-P017-CH-R1,B001,AsterVale,False,False,False,False,False,,0.0,0.0,0.0,2026-06-05 00:00:00+00:00,material_comparison,True,
M1-P017-CH-R1,B005,Eucalune,True,True,False,False,False,3.0,0.0,0.0,0.0,2026-06-05 00:00:00+00:00,material_comparison,True,
M1-P017-CH-R1,B004,RestNest,True,True,True,True,False,1.0,0.0,0.0,0.0,2026-06-05 00:00:00+00:00,material_comparison,True,
M1-P017-CH-R2,B004,RestNest,False,False,False,False,False,,0.0,0.0,0.0,2026-06-06 00:00:00+00:00,material_comparison,True,
M1-P017-CH-R2,B005,Eucalune,False,False,False,False,False,,0.0,0.0,0.0,2026-06-06 00:00:00+00:00,material_comparison,True,
M1-P017-CH-R2,B001,AsterVale,False,False,False,False,False,,0.0,0.0,0.0,2026-06-06 00:00:00+00:00,material_comparison,True,
M1-P017-CH-R2,B003,ArcticLoom,True,True,True,False,False,1.0,0.0,0.0,0.0,2026-06-06 00:00:00+00:00,material_comparison,True,
M1-P017-CH-R2,B002,Serein Sleep,True,True,False,False,False,2.0,0.0,0.0,0.0,2026-06-06 00:00:00+00:00,material_comparison,True,
M1-P017-SE-R1,B005,Eucalune,False,False,False,False,False,,0.0,0.0,0.0,2026-06-06 00:00:00+00:00,material_comparison,True,
M1-P017-SE-R1,B004,RestNest,False,False,False,False,False,,0.0,0.0,0.0,2026-06-06 00:00:00+00:00,material_comparison,True,
M1-P017-SE-R1,B003,ArcticLoom,True,True,False,False,False,1.0,0.0,0.0,0.0,2026-06-06 00:00:00+00:00,material_comparison,True,
M1-P017-SE-R1,B002,Serein Sleep,True,True,False,False,False,2.0,0.0,0.0,0.0,2026-06-06 00:00:00+00:00,material_comparison,True,
M1-P017-SE-R1,B001,AsterVale,False,False,False,False,False,,0.0,0.0,0.0,2026-06-06 00:00:00+00:00,material_comparison,True,
M1-P017-SE-R2,B003,ArcticLoom,True,True,False,False,False,2.0,0.0,0.0,0.0,2026-06-07 00:00:00+00:00,material_comparison,True,
M1-P017-SE-R2,B004,RestNest,True,True,False,False,False,3.0,0.0,0.0,0.0,2026-06-07 00:00:00+00:00,material_comparison,True,
M1-P017-SE-R2,B001,AsterVale,False,False,False,False,False,,0.0,0.0,0.0,2026-06-07 00:00:00+00:00,material_comparison,True,
M1-P017-SE-R2,B002,Serein Sleep,True,True,True,True,False,1.0,0.0,0.0,0.0,2026-06-07 00:00:00+00:00,material_comparison,True,
M1-P017-SE-R2,B005,Eucalune,False,False,False,False,False,,0.0,0.0,0.0,2026-06-07 00:00:00+00:00,material_comparison,True,
M1-P018-AN-R1,B005,Eucalune,True,True,False,False,False,3.0,0.0,0.0,0.0,2026-06-08 00:00:00+00:00,material_comparison,True,
M1-P018-AN-R1,B002,Serein Sleep,True,True,False,False,False,2.0,0.0,0.0,0.0,2026-06-08 00:00:00+00:00,material_comparison,True,
M1-P018-AN-R1,B003,ArcticLoom,False,False,False,False,False,,0.0,0.0,0.0,2026-06-08 00:00:00+00:00,material_comparison,True,
M1-P018-AN-R1,B004,RestNest,True,True,False,False,False,1.0,0.0,0.0,0.0,2026-06-08 00:00:00+00:00,material_comparison,True,
M1-P018-AN-R1,B001,AsterVale,False,False,False,False,False,,0.0,0.0,0.0,2026-06-08 00:00:00+00:00,material_comparison,True,
M1-P018-AN-R2,B005,Eucalune,False,False,False,False,False,,0.0,0.0,0.0,2026-06-02 00:00:00+00:00,material_comparison,True,
M1-P018-AN-R2,B003,ArcticLoom,True,True,True,True,False,1.0,0.0,0.0,0.0,2026-06-02 00:00:00+00:00,material_comparison,True,
M1-P018-AN-R2,B001,AsterVale,False,False,False,False,False,,0.0,0.0,0.0,2026-06-02 00:00:00+00:00,material_comparison,True,
M1-P018-AN-R2,B004,RestNest,False,False,False,False,False,,0.0,0.0,0.0,2026-06-02 00:00:00+00:00,material_comparison,True,
M1-P018-AN-R2,B002,Serein Sleep,True,True,False,False,False,2.0,0.0,0.0,0.0,2026-06-02 00:00:00+00:00,material_comparison,True,
M1-P018-CH-R1,B003,ArcticLoom,True,True,False,False,False,3.0,0.0,0.0,0.0,2026-06-06 00:00:00+00:00,material_comparison,True,
M1-P018-CH-R1,B004,RestNest,True,False,False,False,False,4.0,0.0,0.0,0.0,2026-06-06 00:00:00+00:00,material_comparison,True,
M1-P018-CH-R1,B002,Serein Sleep,True,True,False,False,False,1.0,0.0,0.0,0.0,2026-06-06 00:00:00+00:00,material_comparison,True,
M1-P018-CH-R1,B005,Eucalune,True,True,False,False,False,2.0,0.0,0.0,0.0,2026-06-06 00:00:00+00:00,material_comparison,True,
M1-P018-CH-R1,B001,AsterVale,False,False,False,False,False,,0.0,0.0,0.0,2026-06-06 00:00:00+00:00,material_comparison,True,
M1-P018-CH-R2,B004,RestNest,False,False,False,False,False,,0.0,0.0,0.0,2026-06-07 00:00:00+00:00,material_comparison,True,
M1-P018-CH-R2,B005,Eucalune,True,True,False,False,False,2.0,0.0,0.0,0.0,2026-06-07 00:00:00+00:00,material_comparison,True,
M1-P018-CH-R2,B002,Serein Sleep,True,True,True,True,False,1.0,0.0,0.0,0.0,2026-06-07 00:00:00+00:00,material_comparison,True,
M1-P018-CH-R2,B003,ArcticLoom,False,False,False,False,False,,0.0,0.0,0.0,2026-06-07 00:00:00+00:00,material_comparison,True,
M1-P018-CH-R2,B001,AsterVale,False,False,False,False,False,,0.0,0.0,0.0,2026-06-07 00:00:00+00:00,material_comparison,True,
M1-P018-SE-R1,B001,AsterVale,False,False,False,False,False,,0.0,0.0,0.0,2026-06-07 00:00:00+00:00,material_comparison,True,
M1-P018-SE-R1,B004,RestNest,True,True,False,False,False,3.0,0.0,0.0,0.0,2026-06-07 00:00:00+00:00,material_comparison,True,
M1-P018-SE-R1,B002,Serein Sleep,True,True,False,False,False,2.0,0.0,0.0,0.0,2026-06-07 00:00:00+00:00,material_comparison,True,
M1-P018-SE-R1,B003,ArcticLoom,True,False,False,False,False,5.0,0.0,0.0,0.0,2026-06-07 00:00:00+00:00,material_comparison,True,
M1-P018-SE-R1,B005,Eucalune,True,True,True,True,False,1.0,0.0,0.0,0.0,2026-06-07 00:00:00+00:00,material_comparison,True,
M1-P018-SE-R2,B003,ArcticLoom,True,True,True,True,False,1.0,0.0,0.0,0.0,2026-06-08 00:00:00+00:00,material_comparison,True,
M1-P018-SE-R2,B004,RestNest,True,False,False,False,False,5.0,0.0,0.0,0.0,2026-06-08 00:00:00+00:00,material_comparison,True,
M1-P018-SE-R2,B005,Eucalune,True,True,False,False,False,3.0,0.0,0.0,0.0,2026-06-08 00:00:00+00:00,category_best,True,
M1-P018-SE-R2,B002,Serein Sleep,True,True,True,False,False,2.0,0.0,0.0,0.0,2026-06-08 00:00:00+00:00,material_comparison,True,
M1-P018-SE-R2,B001,AsterVale,True,False,False,False,False,4.0,0.0,0.0,0.0,2026-06-08 00:00:00+00:00,material_comparison,True,
M1-P019-AN-R1,B002,Serein Sleep,True,True,False,False,False,2.0,0.0,0.0,0.0,2026-06-02 00:00:00+00:00,material_comparison,True,
M1-P019-AN-R1,B003,ArcticLoom,True,True,True,True,False,1.0,0.0,0.0,0.0,2026-06-02 00:00:00+00:00,material_comparison,True,
M1-P019-AN-R1,B005,Eucalune,False,False,False,False,False,,0.0,0.0,0.0,2026-06-02 00:00:00+00:00,material_comparison,True,
M1-P019-AN-R1,B004,RestNest,False,False,False,False,False,,0.0,0.0,0.0,2026-06-02 00:00:00+00:00,material_comparison,True,
M1-P019-AN-R1,B001,AsterVale,False,False,False,False,False,,0.0,0.0,0.0,2026-06-02 00:00:00+00:00,material_comparison,True,
M1-P019-AN-R2,B004,RestNest,False,False,False,False,False,,0.0,0.0,0.0,2026-06-03 00:00:00+00:00,material_comparison,True,
M1-P019-AN-R2,B003,ArcticLoom,True,True,True,True,False,1.0,0.0,0.0,0.0,2026-06-03 00:00:00+00:00,material_comparison,True,
M1-P019-AN-R2,B002,Serein Sleep,True,True,False,False,False,2.0,0.0,0.0,0.0,2026-06-03 00:00:00+00:00,material_comparison,True,
M1-P019-AN-R2,B001,AsterVale,False,False,False,False,False,,0.0,0.0,0.0,2026-06-03 00:00:00+00:00,material_comparison,True,
M1-P019-AN-R2,B005,Eucalune,False,False,False,False,False,,0.0,0.0,0.0,2026-06-03 00:00:00+00:00,material_comparison,True,
M1-P019-CH-R1,B002,Serein Sleep,False,False,False,False,False,,0.0,0.0,0.0,2026-06-07 00:00:00+00:00,material_comparison,True,
M1-P019-CH-R1,B003,ArcticLoom,True,True,False,False,False,2.0,0.0,0.0,0.0,2026-06-07 00:00:00+00:00,material_comparison,True,
M1-P019-CH-R1,B005,Eucalune,True,True,True,True,False,1.0,0.0,0.0,0.0,2026-06-07 00:00:00+00:00,material_comparison,True,
M1-P019-CH-R1,B001,AsterVale,False,False,False,False,False,,0.0,0.0,0.0,2026-06-07 00:00:00+00:00,material_comparison,True,
M1-P019-CH-R1,B004,RestNest,False,False,False,False,False,,0.0,0.0,0.0,2026-06-07 00:00:00+00:00,material_comparison,True,
M1-P019-CH-R2,B004,RestNest,True,False,False,False,False,4.0,0.0,0.0,0.0,2026-06-08 00:00:00+00:00,material_comparison,True,
M1-P019-CH-R2,B005,Eucalune,True,True,True,True,False,1.0,0.0,0.0,0.0,2026-06-08 00:00:00+00:00,material_comparison,True,
M1-P019-CH-R2,B001,AsterVale,False,False,False,False,False,,0.0,0.0,0.0,2026-06-08 00:00:00+00:00,material_comparison,True,
M1-P019-CH-R2,B002,Serein Sleep,True,True,False,False,False,3.0,0.0,0.0,0.0,2026-06-08 00:00:00+00:00,material_comparison,True,
M1-P019-CH-R2,B003,ArcticLoom,True,True,False,False,False,2.0,0.0,0.0,0.0,2026-06-08 00:00:00+00:00,material_comparison,True,
M1-P019-SE-R1,B005,Eucalune,True,True,False,False,False,2.0,0.0,0.0,0.0,2026-06-08 00:00:00+00:00,material_comparison,True,
M1-P019-SE-R1,B002,Serein Sleep,True,True,False,False,False,3.0,0.0,0.0,0.0,2026-06-08 00:00:00+00:00,material_comparison,True,
M1-P019-SE-R1,B003,ArcticLoom,True,True,True,True,False,1.0,0.0,0.0,0.0,2026-06-08 00:00:00+00:00,material_comparison,True,
M1-P019-SE-R1,B004,RestNest,False,False,False,False,False,,0.0,0.0,0.0,2026-06-08 00:00:00+00:00,material_comparison,True,
M1-P019-SE-R1,B001,AsterVale,True,False,False,False,False,4.0,0.0,0.0,0.0,2026-06-08 00:00:00+00:00,material_comparison,True,
M1-P019-SE-R2,B003,ArcticLoom,True,True,False,False,False,3.0,0.0,0.0,0.0,2026-06-02 00:00:00+00:00,material_comparison,True,
M1-P019-SE-R2,B001,AsterVale,True,True,False,False,False,2.0,0.0,0.0,0.0,2026-06-02 00:00:00+00:00,material_comparison,True,
M1-P019-SE-R2,B005,Eucalune,True,True,True,True,False,1.0,0.0,0.0,0.0,2026-06-02 00:00:00+00:00,material_comparison,True,
M1-P019-SE-R2,B002,Serein Sleep,True,False,False,False,False,4.0,0.0,0.0,0.0,2026-06-02 00:00:00+00:00,material_comparison,True,
M1-P019-SE-R2,B004,RestNest,False,False,False,False,False,,0.0,0.0,0.0,2026-06-02 00:00:00+00:00,material_comparison,True,
M1-P020-AN-R1,B001,AsterVale,False,False,False,False,False,,0.0,0.0,0.0,2026-06-03 00:00:00+00:00,material_comparison,True,
M1-P020-AN-R1,B003,ArcticLoom,True,True,True,True,False,1.0,0.0,0.0,0.0,2026-06-03 00:00:00+00:00,material_comparison,True,
M1-P020-AN-R1,B005,Eucalune,True,True,False,False,False,2.0,0.0,0.0,0.0,2026-06-03 00:00:00+00:00,material_comparison,True,
M1-P020-AN-R1,B004,RestNest,True,False,False,False,False,4.0,0.0,0.0,0.0,2026-06-03 00:00:00+00:00,material_comparison,True,
M1-P020-AN-R1,B002,Serein Sleep,True,True,False,False,False,3.0,0.0,0.0,0.0,2026-06-03 00:00:00+00:00,material_comparison,True,
M1-P020-AN-R2,B001,AsterVale,True,True,False,False,False,2.0,0.0,0.0,0.0,2026-06-04 00:00:00+00:00,material_comparison,True,
M1-P020-AN-R2,B003,ArcticLoom,True,True,False,False,False,3.0,0.0,0.0,0.0,2026-06-04 00:00:00+00:00,material_comparison,True,
M1-P020-AN-R2,B004,RestNest,True,False,False,False,False,4.0,0.0,0.0,0.0,2026-06-04 00:00:00+00:00,material_comparison,True,
M1-P020-AN-R2,B005,Eucalune,False,False,False,False,False,,0.0,0.0,0.0,2026-06-04 00:00:00+00:00,material_comparison,True,
M1-P020-AN-R2,B002,Serein Sleep,True,True,False,False,False,1.0,0.0,0.0,0.0,2026-06-04 00:00:00+00:00,material_comparison,True,
M1-P020-CH-R1,B004,RestNest,False,False,False,False,False,,0.0,0.0,0.0,2026-06-08 00:00:00+00:00,material_comparison,True,
M1-P020-CH-R1,B003,ArcticLoom,False,False,False,False,False,,0.0,0.0,0.0,2026-06-08 00:00:00+00:00,material_comparison,True,
M1-P020-CH-R1,B002,Serein Sleep,True,True,True,True,False,1.0,0.0,0.0,0.0,2026-06-08 00:00:00+00:00,material_comparison,True,
M1-P020-CH-R1,B005,Eucalune,True,True,False,False,False,2.0,0.0,0.0,0.0,2026-06-08 00:00:00+00:00,material_comparison,True,
M1-P020-CH-R1,B001,AsterVale,False,False,False,False,False,,0.0,0.0,0.0,2026-06-08 00:00:00+00:00,material_comparison,True,
M1-P020-CH-R2,B005,Eucalune,True,True,True,False,False,2.0,0.0,0.0,0.0,2026-06-02 00:00:00+00:00,material_comparison,True,
M1-P020-CH-R2,B004,RestNest,False,False,False,False,False,,0.0,0.0,0.0,2026-06-02 00:00:00+00:00,material_comparison,True,
M1-P020-CH-R2,B003,ArcticLoom,True,True,True,False,False,1.0,0.0,0.0,0.0,2026-06-02 00:00:00+00:00,material_comparison,True,
M1-P020-CH-R2,B001,AsterVale,True,False,False,False,False,4.0,0.0,0.0,0.0,2026-06-02 00:00:00+00:00,material_comparison,True,
M1-P020-CH-R2,B002,Serein Sleep,True,True,False,False,False,3.0,0.0,0.0,0.0,2026-06-02 00:00:00+00:00,material_comparison,True,
M1-P020-SE-R1,B002,Serein Sleep,True,True,False,False,False,1.0,0.0,0.0,0.0,2026-06-02 00:00:00+00:00,material_comparison,True,
M1-P020-SE-R1,B004,RestNest,True,True,False,False,False,3.0,0.0,0.0,0.0,2026-06-02 00:00:00+00:00,material_comparison,True,
M1-P020-SE-R1,B003,ArcticLoom,True,True,False,False,False,2.0,0.0,0.0,0.0,2026-06-02 00:00:00+00:00,material_comparison,True,
M1-P020-SE-R1,B005,Eucalune,True,False,False,False,False,4.0,0.0,0.0,0.0,2026-06-02 00:00:00+00:00,material_comparison,True,
M1-P020-SE-R1,B001,AsterVale,False,False,False,False,False,,0.0,0.0,0.0,2026-06-02 00:00:00+00:00,material_comparison,True,
M1-P020-SE-R2,B004,RestNest,False,False,False,False,False,,0.0,0.0,0.0,2026-06-03 00:00:00+00:00,material_comparison,True,
M1-P020-SE-R2,B001,AsterVale,True,True,False,False,False,3.0,0.0,0.0,0.0,2026-06-03 00:00:00+00:00,material_comparison,True,
M1-P020-SE-R2,B002,Serein Sleep,True,True,True,True,False,1.0,0.0,0.0,0.0,2026-06-03 00:00:00+00:00,material_comparison,True,
M1-P020-SE-R2,B005,Eucalune,True,True,True,False,False,2.0,0.0,0.0,0.0,2026-06-03 00:00:00+00:00,material_comparison,True,
M1-P020-SE-R2,B003,ArcticLoom,False,False,False,False,False,,0.0,0.0,0.0,2026-06-03 00:00:00+00:00,material_comparison,True,
M1-P021-AN-R1,B002,Serein Sleep,True,True,False,False,False,1.0,0.0,0.0,0.0,2026-06-04 00:00:00+00:00,brand_shortlist,True,
M1-P021-AN-R1,B001,AsterVale,False,False,False,False,False,,0.0,0.0,0.0,2026-06-04 00:00:00+00:00,brand_shortlist,True,
M1-P021-AN-R1,B005,Eucalune,True,True,False,False,False,2.0,0.0,0.0,0.0,2026-06-04 00:00:00+00:00,brand_shortlist,True,
M1-P021-AN-R1,B003,ArcticLoom,True,True,False,False,False,3.0,0.0,0.0,0.0,2026-06-04 00:00:00+00:00,brand_shortlist,True,
M1-P021-AN-R1,B004,RestNest,False,False,False,False,False,,0.0,0.0,0.0,2026-06-04 00:00:00+00:00,brand_shortlist,True,
M1-P021-CH-R1,B002,Serein Sleep,True,True,True,False,False,1.0,0.0,0.0,0.0,2026-06-02 00:00:00+00:00,brand_shortlist,True,
M1-P021-CH-R1,B003,ArcticLoom,True,True,False,False,False,3.0,0.0,0.0,0.0,2026-06-02 00:00:00+00:00,brand_shortlist,True,
M1-P021-CH-R1,B005,Eucalune,True,True,False,False,False,2.0,0.0,0.0,0.0,2026-06-02 00:00:00+00:00,brand_shortlist,True,
M1-P021-CH-R1,B004,RestNest,False,False,False,False,False,,0.0,0.0,0.0,2026-06-02 00:00:00+00:00,brand_shortlist,True,
M1-P021-CH-R1,B001,AsterVale,False,False,False,False,False,,0.0,0.0,0.0,2026-06-02 00:00:00+00:00,brand_shortlist,True,
M1-P021-CH-R2,B005,Eucalune,False,False,False,False,False,,0.0,0.0,0.0,2026-06-03 00:00:00+00:00,brand_shortlist,True,
M1-P021-CH-R2,B004,RestNest,True,True,True,False,False,2.0,0.0,0.0,0.0,2026-06-03 00:00:00+00:00,brand_shortlist,True,
M1-P021-CH-R2,B001,AsterVale,False,False,False,False,False,,0.0,0.0,0.0,2026-06-03 00:00:00+00:00,brand_shortlist,True,
M1-P021-CH-R2,B002,Serein Sleep,True,True,False,False,False,3.0,0.0,0.0,0.0,2026-06-03 00:00:00+00:00,brand_shortlist,True,
M1-P021-CH-R2,B003,ArcticLoom,True,True,True,True,False,1.0,0.0,0.0,0.0,2026-06-03 00:00:00+00:00,brand_shortlist,True,
M1-P021-SE-R1,B005,Eucalune,True,True,False,False,False,2.0,0.0,0.0,0.0,2026-06-03 00:00:00+00:00,brand_shortlist,True,
M1-P021-SE-R1,B001,AsterVale,False,False,False,False,False,,0.0,0.0,0.0,2026-06-03 00:00:00+00:00,brand_shortlist,True,
M1-P021-SE-R1,B003,ArcticLoom,True,False,False,False,False,4.0,0.0,0.0,0.0,2026-06-03 00:00:00+00:00,brand_shortlist,True,
M1-P021-SE-R1,B002,Serein Sleep,True,True,True,True,False,1.0,0.0,0.0,0.0,2026-06-03 00:00:00+00:00,brand_shortlist,True,
M1-P021-SE-R1,B004,RestNest,True,True,False,False,False,3.0,0.0,0.0,0.0,2026-06-03 00:00:00+00:00,brand_shortlist,True,
M1-P021-SE-R2,B004,RestNest,True,True,True,True,False,1.0,0.0,0.0,0.0,2026-06-04 00:00:00+00:00,brand_shortlist,True,
M1-P021-SE-R2,B005,Eucalune,True,True,False,False,False,3.0,0.0,0.0,0.0,2026-06-04 00:00:00+00:00,brand_shortlist,True,
M1-P021-SE-R2,B001,AsterVale,True,False,False,False,False,4.0,0.0,0.0,0.0,2026-06-04 00:00:00+00:00,brand_shortlist,True,
M1-P021-SE-R2,B002,Serein Sleep,True,False,False,False,False,5.0,0.0,0.0,0.0,2026-06-04 00:00:00+00:00,brand_shortlist,True,
M1-P021-SE-R2,B003,ArcticLoom,True,True,True,False,False,2.0,0.0,0.0,0.0,2026-06-04 00:00:00+00:00,brand_shortlist,True,
M1-P022-AN-R1,B001,AsterVale,True,True,False,False,False,3.0,0.0,0.0,0.0,2026-06-05 00:00:00+00:00,brand_shortlist,True,
M1-P022-AN-R1,B004,RestNest,False,False,False,False,False,,0.0,0.0,0.0,2026-06-05 00:00:00+00:00,brand_shortlist,True,
M1-P022-AN-R1,B005,Eucalune,True,False,False,False,False,4.0,0.0,0.0,0.0,2026-06-05 00:00:00+00:00,brand_shortlist,True,
M1-P022-AN-R1,B003,ArcticLoom,True,True,False,False,False,1.0,0.0,0.0,0.0,2026-06-05 00:00:00+00:00,brand_shortlist,True,
M1-P022-AN-R1,B002,Serein Sleep,True,True,True,False,False,2.0,0.0,0.0,0.0,2026-06-05 00:00:00+00:00,brand_shortlist,True,
M1-P022-CH-R1,B001,AsterVale,False,False,False,False,False,,0.0,0.0,0.0,2026-06-03 00:00:00+00:00,brand_shortlist,True,
M1-P022-CH-R1,B005,Eucalune,False,False,False,False,False,,0.0,0.0,0.0,2026-06-03 00:00:00+00:00,brand_shortlist,True,
M1-P022-CH-R1,B003,ArcticLoom,True,True,False,False,False,3.0,0.0,0.0,0.0,2026-06-03 00:00:00+00:00,brand_shortlist,True,
M1-P022-CH-R1,B004,RestNest,True,True,False,False,False,1.0,0.0,0.0,0.0,2026-06-03 00:00:00+00:00,brand_shortlist,True,
M1-P022-CH-R1,B002,Serein Sleep,True,True,True,False,False,2.0,0.0,0.0,0.0,2026-06-03 00:00:00+00:00,brand_shortlist,True,
M1-P022-CH-R2,B005,Eucalune,False,False,False,False,False,,0.0,0.0,0.0,2026-06-04 00:00:00+00:00,brand_shortlist,True,
M1-P022-CH-R2,B004,RestNest,False,False,False,False,False,,0.0,0.0,0.0,2026-06-04 00:00:00+00:00,brand_shortlist,True,
M1-P022-CH-R2,B002,Serein Sleep,True,True,True,False,False,2.0,0.0,0.0,0.0,2026-06-04 00:00:00+00:00,brand_shortlist,True,
M1-P022-CH-R2,B001,AsterVale,False,False,False,False,False,,0.0,0.0,0.0,2026-06-04 00:00:00+00:00,brand_shortlist,True,
M1-P022-CH-R2,B003,ArcticLoom,True,True,True,True,False,1.0,0.0,0.0,0.0,2026-06-04 00:00:00+00:00,brand_shortlist,True,
M1-P022-SE-R1,B001,AsterVale,False,False,False,False,False,,0.0,0.0,0.0,2026-06-04 00:00:00+00:00,brand_shortlist,True,
M1-P022-SE-R1,B002,Serein Sleep,True,True,False,False,False,3.0,0.0,0.0,0.0,2026-06-04 00:00:00+00:00,brand_shortlist,True,
M1-P022-SE-R1,B003,ArcticLoom,True,True,False,False,False,1.0,0.0,0.0,0.0,2026-06-04 00:00:00+00:00,brand_shortlist,True,
M1-P022-SE-R1,B005,Eucalune,True,True,False,False,False,2.0,0.0,0.0,0.0,2026-06-04 00:00:00+00:00,brand_shortlist,True,
M1-P022-SE-R1,B004,RestNest,True,False,False,False,False,4.0,0.0,0.0,0.0,2026-06-04 00:00:00+00:00,brand_shortlist,True,
M1-P022-SE-R2,B004,RestNest,False,False,False,False,False,,0.0,0.0,0.0,2026-06-05 00:00:00+00:00,brand_shortlist,True,
M1-P022-SE-R2,B001,AsterVale,False,False,False,False,False,,0.0,0.0,0.0,2026-06-05 00:00:00+00:00,brand_shortlist,True,
M1-P022-SE-R2,B003,ArcticLoom,True,True,True,True,False,1.0,0.0,0.0,0.0,2026-06-05 00:00:00+00:00,brand_shortlist,True,
M1-P022-SE-R2,B005,Eucalune,True,True,False,False,False,2.0,0.0,0.0,0.0,2026-06-05 00:00:00+00:00,brand_shortlist,True,
M1-P022-SE-R2,B002,Serein Sleep,False,False,False,False,False,,0.0,0.0,0.0,2026-06-05 00:00:00+00:00,brand_shortlist,True,
M1-P023-AN-R1,B001,AsterVale,False,False,False,False,False,,0.0,0.0,0.0,2026-06-06 00:00:00+00:00,brand_shortlist,True,
M1-P023-AN-R1,B003,ArcticLoom,True,True,True,True,False,1.0,0.0,0.0,0.0,2026-06-06 00:00:00+00:00,brand_shortlist,True,
M1-P023-AN-R1,B002,Serein Sleep,True,True,True,False,False,4.0,0.0,0.0,0.0,2026-06-06 00:00:00+00:00,brand_shortlist,True,
M1-P023-AN-R1,B004,RestNest,True,True,False,False,False,3.0,0.0,0.0,0.0,2026-06-06 00:00:00+00:00,brand_shortlist,True,
M1-P023-AN-R1,B005,Eucalune,True,True,False,False,False,2.0,0.0,0.0,0.0,2026-06-06 00:00:00+00:00,brand_shortlist,True,
M1-P023-AN-R2,B002,Serein Sleep,True,True,True,True,False,1.0,0.0,0.0,0.0,2026-06-07 00:00:00+00:00,brand_shortlist,True,
M1-P023-AN-R2,B003,ArcticLoom,True,True,True,False,False,2.0,0.0,0.0,0.0,2026-06-07 00:00:00+00:00,brand_shortlist,True,
M1-P023-AN-R2,B005,Eucalune,False,False,False,False,False,,0.0,0.0,0.0,2026-06-07 00:00:00+00:00,brand_shortlist,True,
M1-P023-AN-R2,B004,RestNest,False,False,False,False,False,,0.0,0.0,0.0,2026-06-07 00:00:00+00:00,brand_shortlist,True,
M1-P023-AN-R2,B001,AsterVale,False,False,False,False,False,,0.0,0.0,0.0,2026-06-07 00:00:00+00:00,brand_shortlist,True,
M1-P023-CH-R1,B002,Serein Sleep,False,False,False,False,False,,0.0,0.0,0.0,2026-06-04 00:00:00+00:00,brand_shortlist,True,
M1-P023-CH-R1,B003,ArcticLoom,True,True,True,True,False,1.0,0.0,0.0,0.0,2026-06-04 00:00:00+00:00,brand_shortlist,True,
M1-P023-CH-R1,B005,Eucalune,True,True,False,False,False,3.0,0.0,0.0,0.0,2026-06-04 00:00:00+00:00,brand_shortlist,True,
M1-P023-CH-R1,B004,RestNest,True,True,False,False,False,2.0,0.0,0.0,0.0,2026-06-04 00:00:00+00:00,brand_shortlist,True,
M1-P023-CH-R1,B001,AsterVale,False,False,False,False,False,,0.0,0.0,0.0,2026-06-04 00:00:00+00:00,brand_shortlist,True,
M1-P023-CH-R2,B004,RestNest,False,False,False,False,False,,0.0,0.0,0.0,2026-06-05 00:00:00+00:00,brand_shortlist,True,
M1-P023-CH-R2,B005,Eucalune,True,True,False,False,False,1.0,0.0,0.0,0.0,2026-06-05 00:00:00+00:00,brand_shortlist,True,
M1-P023-CH-R2,B001,AsterVale,False,False,False,False,False,,0.0,0.0,0.0,2026-06-05 00:00:00+00:00,brand_shortlist,True,
M1-P023-CH-R2,B003,ArcticLoom,False,False,False,False,False,,0.0,0.0,0.0,2026-06-05 00:00:00+00:00,brand_shortlist,True,
M1-P023-CH-R2,B002,Serein Sleep,True,True,True,False,False,2.0,0.0,0.0,0.0,2026-06-05 00:00:00+00:00,brand_shortlist,True,
M1-P023-SE-R1,B003,ArcticLoom,True,True,False,False,False,2.0,0.0,0.0,0.0,2026-06-05 00:00:00+00:00,brand_shortlist,True,
M1-P023-SE-R1,B002,Serein Sleep,True,True,True,False,False,1.0,0.0,0.0,0.0,2026-06-05 00:00:00+00:00,brand_shortlist,True,
M1-P023-SE-R1,B004,RestNest,True,True,False,False,False,3.0,0.0,0.0,0.0,2026-06-05 00:00:00+00:00,brand_shortlist,True,
M1-P023-SE-R1,B005,Eucalune,True,False,False,False,False,4.0,0.0,0.0,0.0,2026-06-05 00:00:00+00:00,brand_shortlist,True,
M1-P023-SE-R1,B001,AsterVale,False,False,False,False,False,,0.0,0.0,0.0,2026-06-05 00:00:00+00:00,brand_shortlist,True,
M1-P023-SE-R2,B003,ArcticLoom,True,True,True,True,False,1.0,0.0,0.0,0.0,2026-06-06 00:00:00+00:00,brand_shortlist,True,
M1-P023-SE-R2,B002,Serein Sleep,True,True,True,False,False,2.0,0.0,0.0,0.0,2026-06-06 00:00:00+00:00,brand_shortlist,True,
M1-P023-SE-R2,B004,RestNest,False,False,False,False,False,,0.0,0.0,0.0,2026-06-06 00:00:00+00:00,brand_shortlist,True,
M1-P023-SE-R2,B005,Eucalune,False,False,False,False,False,,0.0,0.0,0.0,2026-06-06 00:00:00+00:00,brand_shortlist,True,
M1-P023-SE-R2,B001,AsterVale,True,True,False,False,False,3.0,0.0,0.0,0.0,2026-06-06 00:00:00+00:00,brand_shortlist,True,
M1-P024-AN-R1,B001,AsterVale,False,False,False,False,False,,0.0,0.0,0.0,2026-06-07 00:00:00+00:00,brand_shortlist,True,
M1-P024-AN-R1,B002,Serein Sleep,True,True,True,True,False,1.0,0.0,0.0,0.0,2026-06-07 00:00:00+00:00,brand_shortlist,True,
M1-P024-AN-R1,B004,RestNest,True,True,False,False,False,2.0,0.0,0.0,0.0,2026-06-07 00:00:00+00:00,brand_shortlist,True,
M1-P024-AN-R1,B005,Eucalune,False,False,False,False,False,,0.0,0.0,0.0,2026-06-07 00:00:00+00:00,brand_shortlist,True,
M1-P024-AN-R1,B003,ArcticLoom,True,True,False,False,False,3.0,0.0,0.0,0.0,2026-06-07 00:00:00+00:00,brand_shortlist,True,
M1-P024-AN-R2,B003,ArcticLoom,True,True,False,False,False,2.0,0.0,0.0,0.0,2026-06-08 00:00:00+00:00,brand_shortlist,True,
M1-P024-AN-R2,B004,RestNest,True,False,False,False,False,4.0,0.0,0.0,0.0,2026-06-08 00:00:00+00:00,brand_shortlist,True,
M1-P024-AN-R2,B002,Serein Sleep,True,True,True,False,False,1.0,0.0,0.0,0.0,2026-06-08 00:00:00+00:00,brand_shortlist,True,
M1-P024-AN-R2,B001,AsterVale,False,False,False,False,False,,0.0,0.0,0.0,2026-06-08 00:00:00+00:00,brand_shortlist,True,
M1-P024-AN-R2,B005,Eucalune,True,True,False,False,False,3.0,0.0,0.0,0.0,2026-06-08 00:00:00+00:00,brand_shortlist,True,
M1-P024-CH-R1,B004,RestNest,False,False,False,False,False,,0.0,0.0,0.0,2026-06-05 00:00:00+00:00,brand_shortlist,True,
M1-P024-CH-R1,B003,ArcticLoom,True,True,False,False,False,2.0,0.0,0.0,0.0,2026-06-05 00:00:00+00:00,brand_shortlist,True,
M1-P024-CH-R1,B002,Serein Sleep,True,True,False,False,False,3.0,0.0,0.0,0.0,2026-06-05 00:00:00+00:00,brand_shortlist,True,
M1-P024-CH-R1,B001,AsterVale,True,False,False,False,False,4.0,0.0,0.0,0.0,2026-06-05 00:00:00+00:00,brand_shortlist,True,
M1-P024-CH-R1,B005,Eucalune,True,True,True,True,False,1.0,0.0,0.0,0.0,2026-06-05 00:00:00+00:00,brand_shortlist,True,
M1-P024-CH-R2,B001,AsterVale,False,False,False,False,False,,0.0,0.0,0.0,2026-06-06 00:00:00+00:00,brand_shortlist,True,
M1-P024-CH-R2,B004,RestNest,True,True,False,False,False,2.0,0.0,0.0,0.0,2026-06-06 00:00:00+00:00,brand_shortlist,True,
M1-P024-CH-R2,B002,Serein Sleep,True,True,False,False,False,3.0,0.0,0.0,0.0,2026-06-06 00:00:00+00:00,brand_shortlist,True,
M1-P024-CH-R2,B005,Eucalune,True,True,True,True,False,1.0,0.0,0.0,0.0,2026-06-06 00:00:00+00:00,brand_shortlist,True,
M1-P024-CH-R2,B003,ArcticLoom,False,False,False,False,False,,0.0,0.0,0.0,2026-06-06 00:00:00+00:00,brand_shortlist,True,
M1-P024-SE-R1,B003,ArcticLoom,True,True,True,False,False,2.0,0.0,0.0,0.0,2026-06-06 00:00:00+00:00,brand_shortlist,True,
M1-P024-SE-R1,B005,Eucalune,False,False,False,False,False,,0.0,0.0,0.0,2026-06-06 00:00:00+00:00,brand_shortlist,True,
M1-P024-SE-R1,B004,RestNest,True,True,False,False,False,3.0,0.0,0.0,0.0,2026-06-06 00:00:00+00:00,brand_shortlist,True,
M1-P024-SE-R1,B001,AsterVale,False,False,False,False,False,,0.0,0.0,0.0,2026-06-06 00:00:00+00:00,brand_shortlist,True,
M1-P024-SE-R1,B002,Serein Sleep,True,True,False,False,False,1.0,0.0,0.0,0.0,2026-06-06 00:00:00+00:00,brand_shortlist,True,
M1-P024-SE-R2,B003,ArcticLoom,True,True,True,False,False,1.0,0.0,0.0,0.0,2026-06-07 00:00:00+00:00,brand_shortlist,True,
M1-P024-SE-R2,B004,RestNest,False,False,False,False,False,,0.0,0.0,0.0,2026-06-07 00:00:00+00:00,brand_shortlist,True,
M1-P024-SE-R2,B001,AsterVale,False,False,False,False,False,,0.0,0.0,0.0,2026-06-07 00:00:00+00:00,brand_shortlist,True,
M1-P024-SE-R2,B002,Serein Sleep,True,True,True,False,False,2.0,0.0,0.0,0.0,2026-06-07 00:00:00+00:00,brand_shortlist,True,
M1-P024-SE-R2,B005,Eucalune,False,False,False,False,False,,0.0,0.0,0.0,2026-06-07 00:00:00+00:00,brand_shortlist,True,
M1-P025-AN-R1,B005,Eucalune,False,False,False,False,False,,0.0,0.0,0.0,2026-06-08 00:00:00+00:00,value_under_200,True,
M1-P025-AN-R1,B001,AsterVale,False,False,False,False,False,,0.0,0.0,0.0,2026-06-08 00:00:00+00:00,value_under_200,True,
M1-P025-AN-R1,B002,Serein Sleep,False,False,False,False,False,,0.0,0.0,0.0,2026-06-08 00:00:00+00:00,value_under_200,True,
M1-P025-AN-R1,B003,ArcticLoom,True,True,True,False,False,1.0,0.0,0.0,0.0,2026-06-08 00:00:00+00:00,value_under_200,True,
M1-P025-AN-R1,B004,RestNest,True,True,False,False,False,2.0,0.0,0.0,0.0,2026-06-08 00:00:00+00:00,value_under_200,True,
M1-P025-AN-R2,B001,AsterVale,False,False,False,False,False,,0.0,0.0,0.0,2026-06-02 00:00:00+00:00,value_under_200,True,
M1-P025-AN-R2,B004,RestNest,False,False,False,False,False,,0.0,0.0,0.0,2026-06-02 00:00:00+00:00,value_under_200,True,
M1-P025-AN-R2,B003,ArcticLoom,True,True,True,False,False,2.0,0.0,0.0,0.0,2026-06-02 00:00:00+00:00,value_under_200,True,
M1-P025-AN-R2,B002,Serein Sleep,True,True,False,False,False,1.0,0.0,0.0,0.0,2026-06-02 00:00:00+00:00,value_under_200,True,
M1-P025-AN-R2,B005,Eucalune,False,False,False,False,False,,0.0,0.0,0.0,2026-06-02 00:00:00+00:00,value_under_200,True,
M1-P025-CH-R1,B002,Serein Sleep,True,True,False,False,False,1.0,0.0,0.0,0.0,2026-06-06 00:00:00+00:00,value_under_200,True,
M1-P025-CH-R1,B005,Eucalune,True,True,True,False,False,2.0,0.0,0.0,0.0,2026-06-06 00:00:00+00:00,value_under_200,True,
M1-P025-CH-R1,B003,ArcticLoom,False,False,False,False,False,,0.0,0.0,0.0,2026-06-06 00:00:00+00:00,value_under_200,True,
M1-P025-CH-R1,B004,RestNest,True,True,False,False,False,3.0,0.0,0.0,0.0,2026-06-06 00:00:00+00:00,value_under_200,True,
M1-P025-CH-R1,B001,AsterVale,False,False,False,False,False,,0.0,0.0,0.0,2026-06-06 00:00:00+00:00,value_under_200,True,
M1-P025-CH-R2,B002,Serein Sleep,True,True,False,False,False,3.0,0.0,0.0,0.0,2026-06-07 00:00:00+00:00,value_under_200,True,
M1-P025-CH-R2,B003,ArcticLoom,True,False,False,False,False,4.0,0.0,0.0,0.0,2026-06-07 00:00:00+00:00,value_under_200,True,
M1-P025-CH-R2,B004,RestNest,True,True,True,True,False,1.0,0.0,0.0,0.0,2026-06-07 00:00:00+00:00,value_under_200,True,
M1-P025-CH-R2,B001,AsterVale,False,False,False,False,False,,0.0,0.0,0.0,2026-06-07 00:00:00+00:00,value_under_200,True,
M1-P025-CH-R2,B005,Eucalune,True,True,True,False,False,2.0,0.0,0.0,0.0,2026-06-07 00:00:00+00:00,value_under_200,True,
M1-P025-SE-R1,B005,Eucalune,False,False,False,False,False,,0.0,0.0,0.0,2026-06-07 00:00:00+00:00,value_under_200,True,
M1-P025-SE-R1,B002,Serein Sleep,True,True,False,False,False,2.0,0.0,0.0,0.0,2026-06-07 00:00:00+00:00,value_under_200,True,
M1-P025-SE-R1,B004,RestNest,False,False,False,False,False,,0.0,0.0,0.0,2026-06-07 00:00:00+00:00,value_under_200,True,
M1-P025-SE-R1,B003,ArcticLoom,True,True,True,True,False,1.0,0.0,0.0,0.0,2026-06-07 00:00:00+00:00,value_under_200,True,
M1-P025-SE-R1,B001,AsterVale,False,False,False,False,False,,0.0,0.0,0.0,2026-06-07 00:00:00+00:00,value_under_200,True,
M1-P025-SE-R2,B002,Serein Sleep,True,True,False,False,False,3.0,0.0,0.0,0.0,2026-06-08 00:00:00+00:00,value_under_200,True,
M1-P025-SE-R2,B001,AsterVale,False,False,False,False,False,,0.0,0.0,0.0,2026-06-08 00:00:00+00:00,value_under_200,True,
M1-P025-SE-R2,B004,RestNest,True,True,True,True,False,1.0,0.0,0.0,0.0,2026-06-08 00:00:00+00:00,value_under_200,True,
M1-P025-SE-R2,B003,ArcticLoom,True,True,False,False,False,2.0,0.0,0.0,0.0,2026-06-08 00:00:00+00:00,value_under_200,True,
M1-P025-SE-R2,B005,Eucalune,False,False,False,False,False,,0.0,0.0,0.0,2026-06-08 00:00:00+00:00,category_best,True,
M1-P026-CH-R1,B005,Eucalune,True,True,False,False,False,3.0,0.0,0.0,0.0,2026-06-07 00:00:00+00:00,value_under_200,True,
M1-P026-CH-R1,B002,Serein Sleep,True,True,True,True,False,1.0,0.0,0.0,0.0,2026-06-07 00:00:00+00:00,value_under_200,True,
M1-P026-CH-R1,B001,AsterVale,True,True,False,False,False,2.0,0.0,0.0,0.0,2026-06-07 00:00:00+00:00,value_under_200,True,
M1-P026-CH-R1,B004,RestNest,True,False,False,False,False,4.0,0.0,0.0,0.0,2026-06-07 00:00:00+00:00,value_under_200,True,
M1-P026-CH-R1,B003,ArcticLoom,False,False,False,False,False,,0.0,0.0,0.0,2026-06-07 00:00:00+00:00,value_under_200,True,
M1-P026-CH-R2,B002,Serein Sleep,True,True,True,True,False,1.0,0.0,0.0,0.0,2026-06-08 00:00:00+00:00,value_under_200,True,
M1-P026-CH-R2,B004,RestNest,True,True,False,False,False,2.0,0.0,0.0,0.0,2026-06-08 00:00:00+00:00,value_under_200,True,
M1-P026-CH-R2,B005,Eucalune,False,False,False,False,False,,0.0,0.0,0.0,2026-06-08 00:00:00+00:00,value_under_200,True,
M1-P026-CH-R2,B003,ArcticLoom,True,True,False,False,False,3.0,0.0,0.0,0.0,2026-06-08 00:00:00+00:00,value_under_200,True,
M1-P026-CH-R2,B001,AsterVale,False,False,False,False,False,,0.0,0.0,0.0,2026-06-08 00:00:00+00:00,value_under_200,True,
M1-P026-SE-R1,B003,ArcticLoom,True,True,False,False,False,2.0,0.0,0.0,0.0,2026-06-08 00:00:00+00:00,value_under_200,True,
M1-P026-SE-R1,B001,AsterVale,True,True,False,False,False,3.0,0.0,0.0,0.0,2026-06-08 00:00:00+00:00,value_under_200,True,
M1-P026-SE-R1,B004,RestNest,True,True,True,True,False,1.0,0.0,0.0,0.0,2026-06-08 00:00:00+00:00,value_under_200,True,
M1-P026-SE-R1,B005,Eucalune,False,False,False,False,False,,0.0,0.0,0.0,2026-06-08 00:00:00+00:00,value_under_200,True,
M1-P026-SE-R1,B002,Serein Sleep,False,False,False,False,False,,0.0,0.0,0.0,2026-06-08 00:00:00+00:00,value_under_200,True,
M1-P026-SE-R2,B002,Serein Sleep,True,True,True,True,False,1.0,0.0,0.0,0.0,2026-06-02 00:00:00+00:00,value_under_200,True,
M1-P026-SE-R2,B004,RestNest,False,False,False,False,False,,0.0,0.0,0.0,2026-06-02 00:00:00+00:00,value_under_200,True,
M1-P026-SE-R2,B003,ArcticLoom,False,False,False,False,False,,0.0,0.0,0.0,2026-06-02 00:00:00+00:00,value_under_200,True,
M1-P026-SE-R2,B005,Eucalune,True,True,False,False,False,2.0,0.0,0.0,0.0,2026-06-02 00:00:00+00:00,value_under_200,True,
M1-P026-SE-R2,B001,AsterVale,False,False,False,False,False,,0.0,0.0,0.0,2026-06-02 00:00:00+00:00,value_under_200,True,
M1-P027-AN-R1,B004,RestNest,False,False,False,False,False,,0.0,0.0,0.0,2026-06-03 00:00:00+00:00,value_under_200,True,
M1-P027-AN-R1,B005,Eucalune,True,True,False,False,False,1.0,0.0,0.0,0.0,2026-06-03 00:00:00+00:00,value_under_200,True,
M1-P027-AN-R1,B003,ArcticLoom,True,True,False,False,False,2.0,0.0,0.0,0.0,2026-06-03 00:00:00+00:00,value_under_200,True,
M1-P027-AN-R1,B002,Serein Sleep,True,True,False,False,False,3.0,0.0,0.0,0.0,2026-06-03 00:00:00+00:00,value_under_200,True,
M1-P027-AN-R1,B001,AsterVale,False,False,False,False,False,,0.0,0.0,0.0,2026-06-03 00:00:00+00:00,value_under_200,True,
M1-P027-AN-R2,B001,AsterVale,False,False,False,False,False,,0.0,0.0,0.0,2026-06-04 00:00:00+00:00,value_under_200,True,
M1-P027-AN-R2,B005,Eucalune,True,True,True,False,False,1.0,0.0,0.0,0.0,2026-06-04 00:00:00+00:00,value_under_200,True,
M1-P027-AN-R2,B004,RestNest,False,False,False,False,False,,0.0,0.0,0.0,2026-06-04 00:00:00+00:00,value_under_200,True,
M1-P027-AN-R2,B003,ArcticLoom,True,True,False,False,False,2.0,0.0,0.0,0.0,2026-06-04 00:00:00+00:00,value_under_200,True,
M1-P027-AN-R2,B002,Serein Sleep,True,True,False,False,False,3.0,0.0,0.0,0.0,2026-06-04 00:00:00+00:00,value_under_200,True,
M1-P027-CH-R1,B004,RestNest,True,True,False,False,False,2.0,0.0,0.0,0.0,2026-06-08 00:00:00+00:00,value_under_200,True,
M1-P027-CH-R1,B002,Serein Sleep,True,True,True,False,False,1.0,0.0,0.0,0.0,2026-06-08 00:00:00+00:00,value_under_200,True,
M1-P027-CH-R1,B005,Eucalune,False,False,False,False,False,,0.0,0.0,0.0,2026-06-08 00:00:00+00:00,value_under_200,True,
M1-P027-CH-R1,B001,AsterVale,False,False,False,False,False,,0.0,0.0,0.0,2026-06-08 00:00:00+00:00,value_under_200,True,
M1-P027-CH-R1,B003,ArcticLoom,True,True,False,False,False,3.0,0.0,0.0,0.0,2026-06-08 00:00:00+00:00,value_under_200,True,
M1-P027-SE-R1,B001,AsterVale,False,False,False,False,False,,0.0,0.0,0.0,2026-06-02 00:00:00+00:00,value_under_200,True,
M1-P027-SE-R1,B003,ArcticLoom,False,False,False,False,False,,0.0,0.0,0.0,2026-06-02 00:00:00+00:00,value_under_200,True,
M1-P027-SE-R1,B005,Eucalune,False,False,False,False,False,,0.0,0.0,0.0,2026-06-02 00:00:00+00:00,value_under_200,True,
M1-P027-SE-R1,B004,RestNest,True,True,False,False,False,2.0,0.0,0.0,0.0,2026-06-02 00:00:00+00:00,value_under_200,True,
M1-P027-SE-R1,B002,Serein Sleep,True,True,False,False,False,1.0,0.0,0.0,0.0,2026-06-02 00:00:00+00:00,value_under_200,True,
M1-P027-SE-R2,B005,Eucalune,False,False,False,False,False,,0.0,0.0,0.0,2026-06-03 00:00:00+00:00,value_under_200,True,
M1-P027-SE-R2,B002,Serein Sleep,False,False,False,False,False,,0.0,0.0,0.0,2026-06-03 00:00:00+00:00,value_under_200,True,
M1-P027-SE-R2,B003,ArcticLoom,True,True,False,False,False,2.0,0.0,0.0,0.0,2026-06-03 00:00:00+00:00,value_under_200,True,
M1-P027-SE-R2,B004,RestNest,True,True,False,False,False,1.0,0.0,0.0,0.0,2026-06-03 00:00:00+00:00,value_under_200,True,
M1-P027-SE-R2,B001,AsterVale,True,True,False,False,False,3.0,0.0,0.0,0.0,2026-06-03 00:00:00+00:00,value_under_200,True,
M1-P028-AN-R1,B004,RestNest,False,False,False,False,False,,0.0,0.0,0.0,2026-06-04 00:00:00+00:00,value_under_200,True,
M1-P028-AN-R1,B002,Serein Sleep,True,True,False,False,False,2.0,0.0,0.0,0.0,2026-06-04 00:00:00+00:00,value_under_200,True,
M1-P028-AN-R1,B003,ArcticLoom,True,True,True,False,False,1.0,0.0,0.0,0.0,2026-06-04 00:00:00+00:00,value_under_200,True,
M1-P028-AN-R1,B001,AsterVale,False,False,False,False,False,,0.0,0.0,0.0,2026-06-04 00:00:00+00:00,value_under_200,True,
M1-P028-AN-R1,B005,Eucalune,False,False,False,False,False,,0.0,0.0,0.0,2026-06-04 00:00:00+00:00,value_under_200,True,
M1-P028-AN-R2,B002,Serein Sleep,True,True,False,False,False,3.0,0.0,0.0,0.0,2026-06-05 00:00:00+00:00,value_under_200,True,
M1-P028-AN-R2,B001,AsterVale,False,False,False,False,False,,0.0,0.0,0.0,2026-06-05 00:00:00+00:00,value_under_200,True,
M1-P028-AN-R2,B004,RestNest,True,False,False,False,False,4.0,0.0,0.0,0.0,2026-06-05 00:00:00+00:00,value_under_200,True,
M1-P028-AN-R2,B005,Eucalune,True,True,True,False,False,1.0,0.0,0.0,0.0,2026-06-05 00:00:00+00:00,value_under_200,True,
M1-P028-AN-R2,B003,ArcticLoom,True,True,False,False,False,2.0,0.0,0.0,0.0,2026-06-05 00:00:00+00:00,value_under_200,True,
M1-P028-CH-R1,B005,Eucalune,True,True,True,True,False,1.0,0.0,0.0,0.0,2026-06-02 00:00:00+00:00,value_under_200,True,
M1-P028-CH-R1,B001,AsterVale,False,False,False,False,False,,0.0,0.0,0.0,2026-06-02 00:00:00+00:00,value_under_200,True,
M1-P028-CH-R1,B002,Serein Sleep,False,False,False,False,False,,0.0,0.0,0.0,2026-06-02 00:00:00+00:00,value_under_200,True,
M1-P028-CH-R1,B004,RestNest,True,True,False,False,False,3.0,0.0,0.0,0.0,2026-06-02 00:00:00+00:00,value_under_200,True,
M1-P028-CH-R1,B003,ArcticLoom,True,True,False,False,False,2.0,0.0,0.0,0.0,2026-06-02 00:00:00+00:00,value_under_200,True,
M1-P028-CH-R2,B002,Serein Sleep,True,True,True,True,False,1.0,0.0,0.0,0.0,2026-06-03 00:00:00+00:00,value_under_200,True,
M1-P028-CH-R2,B004,RestNest,False,False,False,False,False,,0.0,0.0,0.0,2026-06-03 00:00:00+00:00,value_under_200,True,
M1-P028-CH-R2,B001,AsterVale,True,False,False,False,False,5.0,0.0,0.0,0.0,2026-06-03 00:00:00+00:00,value_under_200,True,
M1-P028-CH-R2,B005,Eucalune,True,True,False,False,False,2.0,0.0,0.0,0.0,2026-06-03 00:00:00+00:00,value_under_200,True,
M1-P028-CH-R2,B003,ArcticLoom,True,True,False,False,False,3.0,0.0,0.0,0.0,2026-06-03 00:00:00+00:00,value_under_200,True,
M1-P029-AN-R1,B004,RestNest,True,True,False,False,False,3.0,0.0,0.0,0.0,2026-06-05 00:00:00+00:00,sensitive_skin,True,
M1-P029-AN-R1,B003,ArcticLoom,True,True,False,False,False,2.0,0.0,0.0,0.0,2026-06-05 00:00:00+00:00,sensitive_skin,True,
M1-P029-AN-R1,B001,AsterVale,False,False,False,False,False,,0.0,0.0,0.0,2026-06-05 00:00:00+00:00,sensitive_skin,True,
M1-P029-AN-R1,B005,Eucalune,True,False,False,False,False,4.0,0.0,0.0,0.0,2026-06-05 00:00:00+00:00,sensitive_skin,True,
M1-P029-AN-R1,B002,Serein Sleep,True,True,True,True,False,1.0,0.0,0.0,0.0,2026-06-05 00:00:00+00:00,sensitive_skin,True,
M1-P029-AN-R2,B003,ArcticLoom,False,False,False,False,False,,0.0,0.0,0.0,2026-06-06 00:00:00+00:00,sensitive_skin,True,
M1-P029-AN-R2,B001,AsterVale,True,True,False,False,False,2.0,0.0,0.0,0.0,2026-06-06 00:00:00+00:00,sensitive_skin,True,
M1-P029-AN-R2,B005,Eucalune,False,False,False,False,False,,0.0,0.0,0.0,2026-06-06 00:00:00+00:00,sensitive_skin,True,
M1-P029-AN-R2,B004,RestNest,False,False,False,False,False,,0.0,0.0,0.0,2026-06-06 00:00:00+00:00,sensitive_skin,True,
M1-P029-AN-R2,B002,Serein Sleep,True,True,True,True,False,1.0,0.0,0.0,0.0,2026-06-06 00:00:00+00:00,sensitive_skin,True,
M1-P029-CH-R1,B004,RestNest,True,True,False,False,False,3.0,0.0,0.0,0.0,2026-06-03 00:00:00+00:00,sensitive_skin,True,
M1-P029-CH-R1,B003,ArcticLoom,True,True,False,False,False,2.0,0.0,0.0,0.0,2026-06-03 00:00:00+00:00,sensitive_skin,True,
M1-P029-CH-R1,B002,Serein Sleep,True,True,True,True,False,1.0,0.0,0.0,0.0,2026-06-03 00:00:00+00:00,sensitive_skin,True,
M1-P029-CH-R1,B001,AsterVale,False,False,False,False,False,,0.0,0.0,0.0,2026-06-03 00:00:00+00:00,sensitive_skin,True,
M1-P029-CH-R1,B005,Eucalune,True,False,False,False,False,4.0,0.0,0.0,0.0,2026-06-03 00:00:00+00:00,sensitive_skin,True,
M1-P029-CH-R2,B001,AsterVale,False,False,False,False,False,,0.0,0.0,0.0,2026-06-04 00:00:00+00:00,sensitive_skin,True,
M1-P029-CH-R2,B002,Serein Sleep,True,True,True,False,False,1.0,0.0,0.0,0.0,2026-06-04 00:00:00+00:00,sensitive_skin,True,
M1-P029-CH-R2,B003,ArcticLoom,True,True,False,False,False,3.0,0.0,0.0,0.0,2026-06-04 00:00:00+00:00,sensitive_skin,True,
M1-P029-CH-R2,B005,Eucalune,True,True,True,False,False,2.0,0.0,0.0,0.0,2026-06-04 00:00:00+00:00,sensitive_skin,True,
M1-P029-CH-R2,B004,RestNest,False,False,False,False,False,,0.0,0.0,0.0,2026-06-04 00:00:00+00:00,sensitive_skin,True,
M1-P029-SE-R1,B004,RestNest,False,False,False,False,False,,0.0,0.0,0.0,2026-06-04 00:00:00+00:00,sensitive_skin,True,
M1-P029-SE-R1,B001,AsterVale,True,True,True,False,False,2.0,0.0,0.0,0.0,2026-06-04 00:00:00+00:00,sensitive_skin,True,
M1-P029-SE-R1,B003,ArcticLoom,False,False,False,False,False,,0.0,0.0,0.0,2026-06-04 00:00:00+00:00,sensitive_skin,True,
M1-P029-SE-R1,B005,Eucalune,False,False,False,False,False,,0.0,0.0,0.0,2026-06-04 00:00:00+00:00,sensitive_skin,True,
M1-P029-SE-R1,B002,Serein Sleep,True,True,True,True,False,1.0,0.0,0.0,0.0,2026-06-04 00:00:00+00:00,sensitive_skin,True,
M1-P029-SE-R2,B005,Eucalune,True,True,False,False,False,2.0,0.0,0.0,0.0,2026-06-05 00:00:00+00:00,sensitive_skin,True,
M1-P029-SE-R2,B001,AsterVale,False,False,False,False,False,,0.0,0.0,0.0,2026-06-05 00:00:00+00:00,sensitive_skin,True,
M1-P029-SE-R2,B004,RestNest,True,True,False,False,False,3.0,0.0,0.0,0.0,2026-06-05 00:00:00+00:00,sensitive_skin,True,
M1-P029-SE-R2,B002,Serein Sleep,True,True,True,True,False,1.0,0.0,0.0,0.0,2026-06-05 00:00:00+00:00,sensitive_skin,True,
M1-P029-SE-R2,B003,ArcticLoom,False,False,False,False,False,,0.0,0.0,0.0,2026-06-05 00:00:00+00:00,sensitive_skin,True,
M1-P030-AN-R2,B003,ArcticLoom,True,True,False,False,False,1.0,0.0,0.0,0.0,2026-06-07 00:00:00+00:00,sensitive_skin,True,
M1-P030-AN-R2,B004,RestNest,False,False,False,False,False,,0.0,0.0,0.0,2026-06-07 00:00:00+00:00,sensitive_skin,True,
M1-P030-AN-R2,B001,AsterVale,False,False,False,False,False,,0.0,0.0,0.0,2026-06-07 00:00:00+00:00,sensitive_skin,True,
M1-P030-AN-R2,B005,Eucalune,False,False,False,False,False,,0.0,0.0,0.0,2026-06-07 00:00:00+00:00,sensitive_skin,True,
M1-P030-AN-R2,B002,Serein Sleep,True,True,False,False,False,2.0,0.0,0.0,0.0,2026-06-07 00:00:00+00:00,sensitive_skin,True,
M1-P030-CH-R1,B002,Serein Sleep,True,True,True,False,False,1.0,0.0,0.0,0.0,2026-06-04 00:00:00+00:00,sensitive_skin,True,
M1-P030-CH-R1,B001,AsterVale,False,False,False,False,False,,0.0,0.0,0.0,2026-06-04 00:00:00+00:00,sensitive_skin,True,
M1-P030-CH-R1,B004,RestNest,False,False,False,False,False,,0.0,0.0,0.0,2026-06-04 00:00:00+00:00,sensitive_skin,True,
M1-P030-CH-R1,B003,ArcticLoom,True,True,False,False,False,3.0,0.0,0.0,0.0,2026-06-04 00:00:00+00:00,sensitive_skin,True,
M1-P030-CH-R1,B005,Eucalune,True,True,False,False,False,2.0,0.0,0.0,0.0,2026-06-04 00:00:00+00:00,sensitive_skin,True,
M1-P031-AN-R2,B002,Serein Sleep,False,False,False,False,False,,0.0,0.0,0.0,2026-06-08 00:00:00+00:00,sensitive_skin,True,
M1-P031-AN-R2,B004,RestNest,False,False,False,False,False,,0.0,0.0,0.0,2026-06-08 00:00:00+00:00,sensitive_skin,True,
M1-P031-AN-R2,B005,Eucalune,True,True,True,False,False,1.0,0.0,0.0,0.0,2026-06-08 00:00:00+00:00,sensitive_skin,True,
M1-P031-AN-R2,B001,AsterVale,False,False,False,False,False,,0.0,0.0,0.0,2026-06-08 00:00:00+00:00,sensitive_skin,True,
M1-P031-AN-R2,B003,ArcticLoom,True,True,False,False,False,2.0,0.0,0.0,0.0,2026-06-08 00:00:00+00:00,sensitive_skin,True,
M1-P031-CH-R1,B001,AsterVale,True,True,False,False,False,3.0,0.0,0.0,0.0,2026-06-05 00:00:00+00:00,sensitive_skin,True,
M1-P031-CH-R1,B002,Serein Sleep,False,False,False,False,False,,0.0,0.0,0.0,2026-06-05 00:00:00+00:00,sensitive_skin,True,
M1-P031-CH-R1,B004,RestNest,True,True,True,False,False,1.0,0.0,0.0,0.0,2026-06-05 00:00:00+00:00,sensitive_skin,True,
M1-P031-CH-R1,B005,Eucalune,True,True,False,False,False,2.0,0.0,0.0,0.0,2026-06-05 00:00:00+00:00,sensitive_skin,True,
M1-P031-CH-R1,B003,ArcticLoom,False,False,False,False,False,,0.0,0.0,0.0,2026-06-05 00:00:00+00:00,sensitive_skin,True,
M1-P031-CH-R2,B004,RestNest,True,True,False,False,False,3.0,0.0,0.0,0.0,2026-06-06 00:00:00+00:00,sensitive_skin,True,
M1-P031-CH-R2,B002,Serein Sleep,True,True,True,True,False,1.0,0.0,0.0,0.0,2026-06-06 00:00:00+00:00,sensitive_skin,True,
M1-P031-CH-R2,B003,ArcticLoom,True,True,False,False,False,2.0,0.0,0.0,0.0,2026-06-06 00:00:00+00:00,sensitive_skin,True,
M1-P031-CH-R2,B005,Eucalune,False,False,False,False,False,,0.0,0.0,0.0,2026-06-06 00:00:00+00:00,sensitive_skin,True,
M1-P031-CH-R2,B001,AsterVale,False,False,False,False,False,,0.0,0.0,0.0,2026-06-06 00:00:00+00:00,sensitive_skin,True,
M1-P031-SE-R1,B002,Serein Sleep,False,False,False,False,False,,0.0,0.0,0.0,2026-06-06 00:00:00+00:00,sensitive_skin,True,
M1-P031-SE-R1,B004,RestNest,False,False,False,False,False,,0.0,0.0,0.0,2026-06-06 00:00:00+00:00,sensitive_skin,True,
M1-P031-SE-R1,B005,Eucalune,True,True,False,False,False,1.0,0.0,0.0,0.0,2026-06-06 00:00:00+00:00,sensitive_skin,True,
M1-P031-SE-R1,B003,ArcticLoom,True,True,False,False,False,2.0,0.0,0.0,0.0,2026-06-06 00:00:00+00:00,sensitive_skin,True,
M1-P031-SE-R1,B001,AsterVale,False,False,False,False,False,,0.0,0.0,0.0,2026-06-06 00:00:00+00:00,sensitive_skin,True,
M1-P031-SE-R2,B005,Eucalune,True,True,False,False,False,3.0,0.0,0.0,0.0,2026-06-07 00:00:00+00:00,sensitive_skin,True,
M1-P031-SE-R2,B003,ArcticLoom,False,False,False,False,False,,0.0,0.0,0.0,2026-06-07 00:00:00+00:00,sensitive_skin,True,
M1-P031-SE-R2,B002,Serein Sleep,True,True,False,False,False,2.0,0.0,0.0,0.0,2026-06-07 00:00:00+00:00,sensitive_skin,True,
M1-P031-SE-R2,B001,AsterVale,False,False,False,False,False,,0.0,0.0,0.0,2026-06-07 00:00:00+00:00,sensitive_skin,True,
M1-P031-SE-R2,B004,RestNest,True,True,True,False,False,1.0,0.0,0.0,0.0,2026-06-07 00:00:00+00:00,sensitive_skin,True,
M1-P032-AN-R2,B003,ArcticLoom,True,True,True,True,False,1.0,0.0,0.0,0.0,2026-06-02 00:00:00+00:00,sensitive_skin,True,
M1-P032-AN-R2,B002,Serein Sleep,False,False,False,False,False,,0.0,0.0,0.0,2026-06-02 00:00:00+00:00,sensitive_skin,True,
M1-P032-AN-R2,B001,AsterVale,True,False,False,False,False,4.0,0.0,0.0,0.0,2026-06-02 00:00:00+00:00,sensitive_skin,True,
M1-P032-AN-R2,B005,Eucalune,True,True,False,False,False,3.0,0.0,0.0,0.0,2026-06-02 00:00:00+00:00,sensitive_skin,True,
M1-P032-AN-R2,B004,RestNest,True,False,False,False,False,2.0,0.0,0.0,0.0,2026-06-02 00:00:00+00:00,sensitive_skin,True,
M1-P032-CH-R1,B004,RestNest,False,False,False,False,False,,0.0,0.0,0.0,2026-06-06 00:00:00+00:00,sensitive_skin,True,
M1-P032-CH-R1,B003,ArcticLoom,False,False,False,False,False,,0.0,0.0,0.0,2026-06-06 00:00:00+00:00,sensitive_skin,True,
M1-P032-CH-R1,B001,AsterVale,True,True,False,False,False,3.0,0.0,0.0,0.0,2026-06-06 00:00:00+00:00,sensitive_skin,True,
M1-P032-CH-R1,B002,Serein Sleep,True,True,False,False,False,2.0,0.0,0.0,0.0,2026-06-06 00:00:00+00:00,sensitive_skin,True,
M1-P032-CH-R1,B005,Eucalune,True,True,True,True,False,1.0,0.0,0.0,0.0,2026-06-06 00:00:00+00:00,sensitive_skin,True,
M1-P032-CH-R2,B004,RestNest,True,True,True,False,False,2.0,0.0,0.0,0.0,2026-06-07 00:00:00+00:00,sensitive_skin,True,
M1-P032-CH-R2,B005,Eucalune,True,True,False,False,False,3.0,0.0,0.0,0.0,2026-06-07 00:00:00+00:00,sensitive_skin,True,
M1-P032-CH-R2,B001,AsterVale,False,False,False,False,False,,0.0,0.0,0.0,2026-06-07 00:00:00+00:00,sensitive_skin,True,
M1-P032-CH-R2,B002,Serein Sleep,True,True,True,True,False,1.0,0.0,0.0,0.0,2026-06-07 00:00:00+00:00,sensitive_skin,True,
M1-P032-CH-R2,B003,ArcticLoom,False,False,False,False,False,,0.0,0.0,0.0,2026-06-07 00:00:00+00:00,sensitive_skin,True,
M1-P032-SE-R1,B004,RestNest,False,False,False,False,False,,0.0,0.0,0.0,2026-06-07 00:00:00+00:00,sensitive_skin,True,
M1-P032-SE-R1,B005,Eucalune,False,False,False,False,False,,0.0,0.0,0.0,2026-06-07 00:00:00+00:00,sensitive_skin,True,
M1-P032-SE-R1,B001,AsterVale,False,False,False,False,False,,0.0,0.0,0.0,2026-06-07 00:00:00+00:00,sensitive_skin,True,
M1-P032-SE-R1,B003,ArcticLoom,True,True,True,False,False,2.0,0.0,0.0,0.0,2026-06-07 00:00:00+00:00,sensitive_skin,True,
M1-P032-SE-R1,B002,Serein Sleep,True,True,True,True,False,1.0,0.0,0.0,0.0,2026-06-07 00:00:00+00:00,sensitive_skin,True,
M1-P032-SE-R2,B003,ArcticLoom,True,True,True,True,False,1.0,0.0,0.0,0.0,2026-06-08 00:00:00+00:00,sensitive_skin,True,
M1-P032-SE-R2,B001,AsterVale,False,False,False,False,False,,0.0,0.0,0.0,2026-06-08 00:00:00+00:00,sensitive_skin,True,
M1-P032-SE-R2,B002,Serein Sleep,True,True,False,False,False,3.0,0.0,0.0,0.0,2026-06-08 00:00:00+00:00,sensitive_skin,True,
M1-P032-SE-R2,B005,Eucalune,True,True,True,False,False,2.0,0.0,0.0,0.0,2026-06-08 00:00:00+00:00,sensitive_skin,True,
M1-P032-SE-R2,B004,RestNest,False,False,False,False,False,,0.0,0.0,0.0,2026-06-08 00:00:00+00:00,sensitive_skin,True,
M1-P033-AN-R1,B004,RestNest,True,True,True,True,False,1.0,0.0,0.0,0.0,2026-06-02 00:00:00+00:00,eco_friendly,True,
M1-P033-AN-R1,B003,ArcticLoom,True,True,True,False,False,2.0,0.0,0.0,0.0,2026-06-02 00:00:00+00:00,eco_friendly,True,
M1-P033-AN-R1,B002,Serein Sleep,True,False,False,False,False,4.0,0.0,0.0,0.0,2026-06-02 00:00:00+00:00,eco_friendly,True,
M1-P033-AN-R1,B001,AsterVale,False,False,False,False,False,,0.0,0.0,0.0,2026-06-02 00:00:00+00:00,eco_friendly,True,
M1-P033-AN-R1,B005,Eucalune,True,True,False,False,False,3.0,0.0,0.0,0.0,2026-06-02 00:00:00+00:00,eco_friendly,True,
M1-P033-AN-R2,B004,RestNest,True,True,False,False,False,2.0,0.0,0.0,0.0,2026-06-03 00:00:00+00:00,eco_friendly,True,
M1-P033-AN-R2,B002,Serein Sleep,True,True,True,True,False,1.0,0.0,0.0,0.0,2026-06-03 00:00:00+00:00,eco_friendly,True,
M1-P033-AN-R2,B003,ArcticLoom,False,False,False,False,False,,0.0,0.0,0.0,2026-06-03 00:00:00+00:00,eco_friendly,True,
M1-P033-AN-R2,B001,AsterVale,False,False,False,False,False,,0.0,0.0,0.0,2026-06-03 00:00:00+00:00,eco_friendly,True,
M1-P033-AN-R2,B005,Eucalune,False,False,False,False,False,,0.0,0.0,0.0,2026-06-03 00:00:00+00:00,eco_friendly,True,
M1-P033-CH-R1,B005,Eucalune,True,True,False,False,False,3.0,0.0,0.0,0.0,2026-06-07 00:00:00+00:00,eco_friendly,True,
M1-P033-CH-R1,B004,RestNest,True,False,False,False,False,4.0,0.0,0.0,0.0,2026-06-07 00:00:00+00:00,eco_friendly,True,
M1-P033-CH-R1,B001,AsterVale,False,False,False,False,False,,0.0,0.0,0.0,2026-06-07 00:00:00+00:00,eco_friendly,True,
M1-P033-CH-R1,B003,ArcticLoom,True,True,True,True,False,1.0,0.0,0.0,0.0,2026-06-07 00:00:00+00:00,eco_friendly,True,
M1-P033-CH-R1,B002,Serein Sleep,True,True,False,False,False,2.0,0.0,0.0,0.0,2026-06-07 00:00:00+00:00,eco_friendly,True,
M1-P033-CH-R2,B002,Serein Sleep,False,False,False,False,False,,0.0,0.0,0.0,2026-06-08 00:00:00+00:00,eco_friendly,True,
M1-P033-CH-R2,B001,AsterVale,True,False,False,False,False,4.0,0.0,0.0,0.0,2026-06-08 00:00:00+00:00,eco_friendly,True,
M1-P033-CH-R2,B003,ArcticLoom,True,True,False,False,False,3.0,0.0,0.0,0.0,2026-06-08 00:00:00+00:00,eco_friendly,True,
M1-P033-CH-R2,B005,Eucalune,True,True,False,False,False,1.0,0.0,0.0,0.0,2026-06-08 00:00:00+00:00,eco_friendly,True,
M1-P033-CH-R2,B004,RestNest,True,True,False,False,False,2.0,0.0,0.0,0.0,2026-06-08 00:00:00+00:00,eco_friendly,True,
M1-P033-SE-R2,B002,Serein Sleep,True,True,True,True,False,1.0,0.0,0.0,0.0,2026-06-02 00:00:00+00:00,eco_friendly,True,
M1-P033-SE-R2,B001,AsterVale,False,False,False,False,False,,0.0,0.0,0.0,2026-06-02 00:00:00+00:00,eco_friendly,True,
M1-P033-SE-R2,B003,ArcticLoom,True,True,False,False,False,2.0,0.0,0.0,0.0,2026-06-02 00:00:00+00:00,eco_friendly,True,
M1-P033-SE-R2,B004,RestNest,False,False,False,False,False,,0.0,0.0,0.0,2026-06-02 00:00:00+00:00,eco_friendly,True,
M1-P033-SE-R2,B005,Eucalune,False,False,False,False,False,,0.0,0.0,0.0,2026-06-02 00:00:00+00:00,eco_friendly,True,
M1-P034-AN-R1,B005,Eucalune,False,False,False,False,False,,0.0,0.0,0.0,2026-06-03 00:00:00+00:00,eco_friendly,True,
M1-P034-AN-R1,B001,AsterVale,False,False,False,False,False,,0.0,0.0,0.0,2026-06-03 00:00:00+00:00,eco_friendly,True,
M1-P034-AN-R1,B002,Serein Sleep,True,True,True,False,False,1.0,0.0,0.0,0.0,2026-06-03 00:00:00+00:00,eco_friendly,True,
M1-P034-AN-R1,B004,RestNest,True,True,True,False,False,2.0,0.0,0.0,0.0,2026-06-03 00:00:00+00:00,eco_friendly,True,
M1-P034-AN-R1,B003,ArcticLoom,False,False,False,False,False,,0.0,0.0,0.0,2026-06-03 00:00:00+00:00,eco_friendly,True,
M1-P034-AN-R2,B003,ArcticLoom,False,False,False,False,False,,0.0,0.0,0.0,2026-06-04 00:00:00+00:00,eco_friendly,True,
M1-P034-AN-R2,B002,Serein Sleep,True,True,False,False,False,1.0,0.0,0.0,0.0,2026-06-04 00:00:00+00:00,eco_friendly,True,
M1-P034-AN-R2,B005,Eucalune,True,True,False,False,False,2.0,0.0,0.0,0.0,2026-06-04 00:00:00+00:00,eco_friendly,True,
M1-P034-AN-R2,B001,AsterVale,False,False,False,False,False,,0.0,0.0,0.0,2026-06-04 00:00:00+00:00,eco_friendly,True,
M1-P034-AN-R2,B004,RestNest,False,False,False,False,False,,0.0,0.0,0.0,2026-06-04 00:00:00+00:00,eco_friendly,True,
M1-P034-CH-R1,B001,AsterVale,False,False,False,False,False,,0.0,0.0,0.0,2026-06-08 00:00:00+00:00,eco_friendly,True,
M1-P034-CH-R1,B004,RestNest,True,True,False,False,False,3.0,0.0,0.0,0.0,2026-06-08 00:00:00+00:00,eco_friendly,True,
M1-P034-CH-R1,B002,Serein Sleep,False,False,False,False,False,,0.0,0.0,0.0,2026-06-08 00:00:00+00:00,eco_friendly,True,
M1-P034-CH-R1,B003,ArcticLoom,True,True,True,False,False,2.0,0.0,0.0,0.0,2026-06-08 00:00:00+00:00,eco_friendly,True,
M1-P034-CH-R1,B005,Eucalune,True,True,True,False,False,1.0,0.0,0.0,0.0,2026-06-08 00:00:00+00:00,eco_friendly,True,
M1-P034-CH-R2,B001,AsterVale,False,False,False,False,False,,0.0,0.0,0.0,2026-06-02 00:00:00+00:00,eco_friendly,True,
M1-P034-CH-R2,B005,Eucalune,True,True,True,False,False,2.0,0.0,0.0,0.0,2026-06-02 00:00:00+00:00,eco_friendly,True,
M1-P034-CH-R2,B002,Serein Sleep,True,True,True,True,False,1.0,0.0,0.0,0.0,2026-06-02 00:00:00+00:00,eco_friendly,True,
M1-P034-CH-R2,B003,ArcticLoom,True,False,False,False,False,4.0,0.0,0.0,0.0,2026-06-02 00:00:00+00:00,eco_friendly,True,
M1-P034-CH-R2,B004,RestNest,True,True,False,False,False,3.0,0.0,0.0,0.0,2026-06-02 00:00:00+00:00,eco_friendly,True,
M1-P034-SE-R2,B004,RestNest,False,False,False,False,False,,0.0,0.0,0.0,2026-06-03 00:00:00+00:00,eco_friendly,True,
M1-P034-SE-R2,B005,Eucalune,True,False,False,False,False,3.0,0.0,0.0,0.0,2026-06-03 00:00:00+00:00,eco_friendly,True,
M1-P034-SE-R2,B003,ArcticLoom,True,True,True,False,False,2.0,0.0,0.0,0.0,2026-06-03 00:00:00+00:00,eco_friendly,True,
M1-P034-SE-R2,B001,AsterVale,False,False,False,False,False,,0.0,0.0,0.0,2026-06-03 00:00:00+00:00,eco_friendly,True,
M1-P034-SE-R2,B002,Serein Sleep,True,True,False,False,False,1.0,0.0,0.0,0.0,2026-06-03 00:00:00+00:00,eco_friendly,True,
M1-P035-AN-R1,B005,Eucalune,True,True,False,False,False,2.0,0.0,0.0,0.0,2026-06-04 00:00:00+00:00,eco_friendly,True,
M1-P035-AN-R1,B003,ArcticLoom,True,True,False,False,False,1.0,0.0,0.0,0.0,2026-06-04 00:00:00+00:00,eco_friendly,True,
M1-P035-AN-R1,B004,RestNest,False,False,False,False,False,,0.0,0.0,0.0,2026-06-04 00:00:00+00:00,eco_friendly,True,
M1-P035-AN-R1,B001,AsterVale,False,False,False,False,False,,0.0,0.0,0.0,2026-06-04 00:00:00+00:00,eco_friendly,True,
M1-P035-AN-R1,B002,Serein Sleep,False,False,False,False,False,,0.0,0.0,0.0,2026-06-04 00:00:00+00:00,eco_friendly,True,
M1-P035-AN-R2,B001,AsterVale,False,False,False,False,False,,0.0,0.0,0.0,2026-06-05 00:00:00+00:00,eco_friendly,True,
M1-P035-AN-R2,B002,Serein Sleep,True,True,False,False,False,3.0,0.0,0.0,0.0,2026-06-05 00:00:00+00:00,eco_friendly,True,
M1-P035-AN-R2,B003,ArcticLoom,True,True,True,True,False,1.0,0.0,0.0,0.0,2026-06-05 00:00:00+00:00,eco_friendly,True,
M1-P035-AN-R2,B005,Eucalune,True,True,False,False,False,2.0,0.0,0.0,0.0,2026-06-05 00:00:00+00:00,eco_friendly,True,
M1-P035-AN-R2,B004,RestNest,False,False,False,False,False,,0.0,0.0,0.0,2026-06-05 00:00:00+00:00,eco_friendly,True,
M1-P035-CH-R1,B005,Eucalune,True,False,False,False,False,4.0,0.0,0.0,0.0,2026-06-02 00:00:00+00:00,eco_friendly,True,
M1-P035-CH-R1,B001,AsterVale,False,False,False,False,False,,0.0,0.0,0.0,2026-06-02 00:00:00+00:00,eco_friendly,True,
M1-P035-CH-R1,B004,RestNest,True,True,False,False,False,1.0,0.0,0.0,0.0,2026-06-02 00:00:00+00:00,eco_friendly,True,
M1-P035-CH-R1,B002,Serein Sleep,True,True,False,False,False,2.0,0.0,0.0,0.0,2026-06-02 00:00:00+00:00,eco_friendly,True,
M1-P035-CH-R1,B003,ArcticLoom,True,True,False,False,False,3.0,0.0,0.0,0.0,2026-06-02 00:00:00+00:00,eco_friendly,True,
M1-P035-SE-R1,B003,ArcticLoom,True,True,False,False,False,2.0,0.0,0.0,0.0,2026-06-03 00:00:00+00:00,eco_friendly,True,
M1-P035-SE-R1,B002,Serein Sleep,False,False,False,False,False,,0.0,0.0,0.0,2026-06-03 00:00:00+00:00,eco_friendly,True,
M1-P035-SE-R1,B001,AsterVale,False,False,False,False,False,,0.0,0.0,0.0,2026-06-03 00:00:00+00:00,eco_friendly,True,
M1-P035-SE-R1,B005,Eucalune,True,True,False,False,False,1.0,0.0,0.0,0.0,2026-06-03 00:00:00+00:00,eco_friendly,True,
M1-P035-SE-R1,B004,RestNest,False,False,False,False,False,,0.0,0.0,0.0,2026-06-03 00:00:00+00:00,eco_friendly,True,
M1-P035-SE-R2,B004,RestNest,True,True,True,False,False,2.0,0.0,0.0,0.0,2026-06-04 00:00:00+00:00,eco_friendly,True,
M1-P035-SE-R2,B002,Serein Sleep,True,True,True,True,False,1.0,0.0,0.0,0.0,2026-06-04 00:00:00+00:00,eco_friendly,True,
M1-P035-SE-R2,B003,ArcticLoom,False,False,False,False,False,,0.0,0.0,0.0,2026-06-04 00:00:00+00:00,eco_friendly,True,
M1-P035-SE-R2,B005,Eucalune,True,True,False,False,False,3.0,0.0,0.0,0.0,2026-06-04 00:00:00+00:00,eco_friendly,True,
M1-P035-SE-R2,B001,AsterVale,False,False,False,False,False,,0.0,0.0,0.0,2026-06-04 00:00:00+00:00,eco_friendly,True,
M1-P036-AN-R1,B001,AsterVale,False,False,False,False,False,,0.0,0.0,0.0,2026-06-05 00:00:00+00:00,eco_friendly,True,
M1-P036-AN-R1,B005,Eucalune,False,False,False,False,False,,0.0,0.0,0.0,2026-06-05 00:00:00+00:00,eco_friendly,True,
M1-P036-AN-R1,B002,Serein Sleep,False,False,False,False,False,,0.0,0.0,0.0,2026-06-05 00:00:00+00:00,eco_friendly,True,
M1-P036-AN-R1,B004,RestNest,True,True,True,False,False,1.0,0.0,0.0,0.0,2026-06-05 00:00:00+00:00,eco_friendly,True,
M1-P036-AN-R1,B003,ArcticLoom,True,True,False,False,False,2.0,0.0,0.0,0.0,2026-06-05 00:00:00+00:00,eco_friendly,True,
M1-P036-AN-R2,B002,Serein Sleep,True,True,False,False,False,2.0,0.0,0.0,0.0,2026-06-06 00:00:00+00:00,eco_friendly,True,
M1-P036-AN-R2,B004,RestNest,True,True,False,False,False,1.0,0.0,0.0,0.0,2026-06-06 00:00:00+00:00,eco_friendly,True,
M1-P036-AN-R2,B003,ArcticLoom,False,False,False,False,False,,0.0,0.0,0.0,2026-06-06 00:00:00+00:00,eco_friendly,True,
M1-P036-AN-R2,B005,Eucalune,True,True,True,False,False,3.0,0.0,0.0,0.0,2026-06-06 00:00:00+00:00,eco_friendly,True,
M1-P036-AN-R2,B001,AsterVale,True,False,False,False,False,4.0,0.0,0.0,0.0,2026-06-06 00:00:00+00:00,eco_friendly,True,
M1-P036-CH-R2,B001,AsterVale,False,False,False,False,False,,0.0,0.0,0.0,2026-06-04 00:00:00+00:00,eco_friendly,True,
M1-P036-CH-R2,B002,Serein Sleep,True,True,True,True,False,1.0,0.0,0.0,0.0,2026-06-04 00:00:00+00:00,eco_friendly,True,
M1-P036-CH-R2,B003,ArcticLoom,False,False,False,False,False,,0.0,0.0,0.0,2026-06-04 00:00:00+00:00,eco_friendly,True,
M1-P036-CH-R2,B004,RestNest,False,False,False,False,False,,0.0,0.0,0.0,2026-06-04 00:00:00+00:00,eco_friendly,True,
M1-P036-CH-R2,B005,Eucalune,True,True,False,False,False,2.0,0.0,0.0,0.0,2026-06-04 00:00:00+00:00,eco_friendly,True,
M1-P036-SE-R1,B001,AsterVale,False,False,False,False,False,,0.0,0.0,0.0,2026-06-04 00:00:00+00:00,eco_friendly,True,
M1-P036-SE-R1,B005,Eucalune,True,True,True,True,False,1.0,0.0,0.0,0.0,2026-06-04 00:00:00+00:00,eco_friendly,True,
M1-P036-SE-R1,B002,Serein Sleep,True,True,False,False,False,3.0,0.0,0.0,0.0,2026-06-04 00:00:00+00:00,eco_friendly,True,
M1-P036-SE-R1,B003,ArcticLoom,True,True,False,False,False,2.0,0.0,0.0,0.0,2026-06-04 00:00:00+00:00,eco_friendly,True,
M1-P036-SE-R1,B004,RestNest,False,False,False,False,False,,0.0,0.0,0.0,2026-06-04 00:00:00+00:00,eco_friendly,True,
M1-P036-SE-R2,B002,Serein Sleep,True,True,False,False,False,1.0,0.0,0.0,0.0,2026-06-05 00:00:00+00:00,eco_friendly,True,
M1-P036-SE-R2,B004,RestNest,False,False,False,False,False,,0.0,0.0,0.0,2026-06-05 00:00:00+00:00,eco_friendly,True,
M1-P036-SE-R2,B005,Eucalune,False,False,False,False,False,,0.0,0.0,0.0,2026-06-05 00:00:00+00:00,eco_friendly,True,
M1-P036-SE-R2,B003,ArcticLoom,True,True,False,False,False,2.0,0.0,0.0,0.0,2026-06-05 00:00:00+00:00,eco_friendly,True,
M1-P036-SE-R2,B001,AsterVale,False,False,False,False,False,,0.0,0.0,0.0,2026-06-05 00:00:00+00:00,eco_friendly,True,
M1-P037-AN-R1,B004,RestNest,True,True,True,True,False,1.0,0.0,0.0,0.0,2026-06-06 00:00:00+00:00,couples_temperature,True,
M1-P037-AN-R1,B003,ArcticLoom,True,True,False,False,False,2.0,0.0,0.0,0.0,2026-06-06 00:00:00+00:00,couples_temperature,True,
M1-P037-AN-R1,B001,AsterVale,False,False,False,False,False,,0.0,0.0,0.0,2026-06-06 00:00:00+00:00,couples_temperature,True,
M1-P037-AN-R1,B002,Serein Sleep,True,True,False,False,False,3.0,0.0,0.0,0.0,2026-06-06 00:00:00+00:00,couples_temperature,True,
M1-P037-AN-R1,B005,Eucalune,False,False,False,False,False,,0.0,0.0,0.0,2026-06-06 00:00:00+00:00,couples_temperature,True,
M1-P037-AN-R2,B002,Serein Sleep,True,True,False,False,False,2.0,0.0,0.0,0.0,2026-06-07 00:00:00+00:00,category_best,True,
M1-P037-AN-R2,B004,RestNest,True,True,False,False,False,3.0,0.0,0.0,0.0,2026-06-07 00:00:00+00:00,couples_temperature,True,
M1-P037-AN-R2,B005,Eucalune,False,False,False,False,False,,0.0,0.0,0.0,2026-06-07 00:00:00+00:00,couples_temperature,True,
M1-P037-AN-R2,B001,AsterVale,False,False,False,False,False,,0.0,0.0,0.0,2026-06-07 00:00:00+00:00,couples_temperature,True,
M1-P037-AN-R2,B003,ArcticLoom,True,True,True,True,False,1.0,0.0,0.0,0.0,2026-06-07 00:00:00+00:00,couples_temperature,True,
M1-P037-CH-R2,B004,RestNest,True,True,False,False,False,2.0,0.0,0.0,0.0,2026-06-05 00:00:00+00:00,couples_temperature,True,
M1-P037-CH-R2,B001,AsterVale,False,False,False,False,False,,0.0,0.0,0.0,2026-06-05 00:00:00+00:00,couples_temperature,True,
M1-P037-CH-R2,B002,Serein Sleep,True,True,True,True,False,1.0,0.0,0.0,0.0,2026-06-05 00:00:00+00:00,couples_temperature,True,
M1-P037-CH-R2,B003,ArcticLoom,False,False,False,False,False,,0.0,0.0,0.0,2026-06-05 00:00:00+00:00,couples_temperature,True,
M1-P037-CH-R2,B005,Eucalune,True,True,False,False,False,3.0,0.0,0.0,0.0,2026-06-05 00:00:00+00:00,couples_temperature,True,
M1-P037-SE-R1,B001,AsterVale,False,False,False,False,False,,0.0,0.0,0.0,2026-06-05 00:00:00+00:00,couples_temperature,True,
M1-P037-SE-R1,B003,ArcticLoom,True,True,False,False,False,2.0,0.0,0.0,0.0,2026-06-05 00:00:00+00:00,couples_temperature,True,
M1-P037-SE-R1,B005,Eucalune,True,True,True,True,False,1.0,0.0,0.0,0.0,2026-06-05 00:00:00+00:00,couples_temperature,True,
M1-P037-SE-R1,B004,RestNest,True,True,True,False,False,3.0,0.0,0.0,0.0,2026-06-05 00:00:00+00:00,couples_temperature,True,
M1-P037-SE-R1,B002,Serein Sleep,False,False,False,False,False,,0.0,0.0,0.0,2026-06-05 00:00:00+00:00,couples_temperature,True,
M1-P037-SE-R2,B005,Eucalune,True,True,True,False,False,2.0,0.0,0.0,0.0,2026-06-06 00:00:00+00:00,couples_temperature,True,
M1-P037-SE-R2,B002,Serein Sleep,False,False,False,False,False,,0.0,0.0,0.0,2026-06-06 00:00:00+00:00,couples_temperature,True,
M1-P037-SE-R2,B003,ArcticLoom,False,False,False,False,False,,0.0,0.0,0.0,2026-06-06 00:00:00+00:00,couples_temperature,True,
M1-P037-SE-R2,B001,AsterVale,False,False,False,False,False,,0.0,0.0,0.0,2026-06-06 00:00:00+00:00,couples_temperature,True,
M1-P037-SE-R2,B004,RestNest,True,True,True,True,False,1.0,0.0,0.0,0.0,2026-06-06 00:00:00+00:00,couples_temperature,True,
M1-P038-AN-R1,B003,ArcticLoom,False,False,False,False,False,,0.0,0.0,0.0,2026-06-07 00:00:00+00:00,couples_temperature,True,
M1-P038-AN-R1,B001,AsterVale,False,False,False,False,False,,0.0,0.0,0.0,2026-06-07 00:00:00+00:00,couples_temperature,True,
M1-P038-AN-R1,B005,Eucalune,False,False,False,False,False,,0.0,0.0,0.0,2026-06-07 00:00:00+00:00,couples_temperature,True,
M1-P038-AN-R1,B002,Serein Sleep,True,True,False,False,False,2.0,0.0,0.0,0.0,2026-06-07 00:00:00+00:00,couples_temperature,True,
M1-P038-AN-R1,B004,RestNest,True,True,True,True,False,1.0,0.0,0.0,0.0,2026-06-07 00:00:00+00:00,couples_temperature,True,
M1-P038-AN-R2,B003,ArcticLoom,True,True,False,False,False,2.0,0.0,0.0,0.0,2026-06-08 00:00:00+00:00,couples_temperature,True,
M1-P038-AN-R2,B002,Serein Sleep,False,False,False,False,False,,0.0,0.0,0.0,2026-06-08 00:00:00+00:00,couples_temperature,True,
M1-P038-AN-R2,B001,AsterVale,False,False,False,False,False,,0.0,0.0,0.0,2026-06-08 00:00:00+00:00,couples_temperature,True,
M1-P038-AN-R2,B005,Eucalune,True,True,True,True,False,1.0,0.0,0.0,0.0,2026-06-08 00:00:00+00:00,couples_temperature,True,
M1-P038-AN-R2,B004,RestNest,False,False,False,False,False,,0.0,0.0,0.0,2026-06-08 00:00:00+00:00,couples_temperature,True,
M1-P038-CH-R1,B001,AsterVale,True,True,False,False,False,3.0,0.0,0.0,0.0,2026-06-05 00:00:00+00:00,couples_temperature,True,
M1-P038-CH-R1,B003,ArcticLoom,False,False,False,False,False,,0.0,0.0,0.0,2026-06-05 00:00:00+00:00,couples_temperature,True,
M1-P038-CH-R1,B002,Serein Sleep,True,True,True,True,False,1.0,0.0,0.0,0.0,2026-06-05 00:00:00+00:00,couples_temperature,True,
M1-P038-CH-R1,B004,RestNest,False,False,False,False,False,,0.0,0.0,0.0,2026-06-05 00:00:00+00:00,couples_temperature,True,
M1-P038-CH-R1,B005,Eucalune,True,True,True,False,False,2.0,0.0,0.0,0.0,2026-06-05 00:00:00+00:00,couples_temperature,True,
M1-P038-CH-R2,B001,AsterVale,True,True,False,False,False,3.0,0.0,0.0,0.0,2026-06-06 00:00:00+00:00,couples_temperature,True,
M1-P038-CH-R2,B005,Eucalune,False,False,False,False,False,,0.0,0.0,0.0,2026-06-06 00:00:00+00:00,couples_temperature,True,
M1-P038-CH-R2,B002,Serein Sleep,True,True,True,False,False,2.0,0.0,0.0,0.0,2026-06-06 00:00:00+00:00,couples_temperature,True,
M1-P038-CH-R2,B004,RestNest,False,False,False,False,False,,0.0,0.0,0.0,2026-06-06 00:00:00+00:00,couples_temperature,True,
M1-P038-CH-R2,B003,ArcticLoom,True,True,True,False,False,1.0,0.0,0.0,0.0,2026-06-06 00:00:00+00:00,couples_temperature,True,
M1-P038-SE-R1,B002,Serein Sleep,True,True,False,False,False,3.0,0.0,0.0,0.0,2026-06-06 00:00:00+00:00,couples_temperature,True,
M1-P038-SE-R1,B001,AsterVale,False,False,False,False,False,,0.0,0.0,0.0,2026-06-06 00:00:00+00:00,couples_temperature,True,
M1-P038-SE-R1,B003,ArcticLoom,True,True,True,True,False,1.0,0.0,0.0,0.0,2026-06-06 00:00:00+00:00,couples_temperature,True,
M1-P038-SE-R1,B004,RestNest,True,False,False,False,False,4.0,0.0,0.0,0.0,2026-06-06 00:00:00+00:00,couples_temperature,True,
M1-P038-SE-R1,B005,Eucalune,True,True,False,False,False,2.0,0.0,0.0,0.0,2026-06-06 00:00:00+00:00,couples_temperature,True,
M1-P038-SE-R2,B001,AsterVale,False,False,False,False,False,,0.0,0.0,0.0,2026-06-07 00:00:00+00:00,couples_temperature,True,
M1-P038-SE-R2,B004,RestNest,True,True,False,False,False,3.0,0.0,0.0,0.0,2026-06-07 00:00:00+00:00,couples_temperature,True,
M1-P038-SE-R2,B002,Serein Sleep,True,True,True,True,False,1.0,0.0,0.0,0.0,2026-06-07 00:00:00+00:00,couples_temperature,True,
M1-P038-SE-R2,B005,Eucalune,True,True,False,False,False,2.0,0.0,0.0,0.0,2026-06-07 00:00:00+00:00,couples_temperature,True,
M1-P038-SE-R2,B003,ArcticLoom,True,True,True,False,False,4.0,0.0,0.0,0.0,2026-06-07 00:00:00+00:00,couples_temperature,True,
M1-P039-AN-R1,B002,Serein Sleep,True,True,True,False,False,2.0,0.0,0.0,0.0,2026-06-08 00:00:00+00:00,couples_temperature,True,
M1-P039-AN-R1,B003,ArcticLoom,False,False,False,False,False,,0.0,0.0,0.0,2026-06-08 00:00:00+00:00,couples_temperature,True,
M1-P039-AN-R1,B001,AsterVale,False,False,False,False,False,,0.0,0.0,0.0,2026-06-08 00:00:00+00:00,couples_temperature,True,
M1-P039-AN-R1,B005,Eucalune,True,True,True,False,False,1.0,0.0,0.0,0.0,2026-06-08 00:00:00+00:00,couples_temperature,True,
M1-P039-AN-R1,B004,RestNest,False,False,False,False,False,,0.0,0.0,0.0,2026-06-08 00:00:00+00:00,couples_temperature,True,
M1-P039-AN-R2,B002,Serein Sleep,True,True,False,False,False,1.0,0.0,0.0,0.0,2026-06-02 00:00:00+00:00,couples_temperature,True,
M1-P039-AN-R2,B005,Eucalune,False,False,False,False,False,,0.0,0.0,0.0,2026-06-02 00:00:00+00:00,couples_temperature,True,
M1-P039-AN-R2,B004,RestNest,False,False,False,False,False,,0.0,0.0,0.0,2026-06-02 00:00:00+00:00,couples_temperature,True,
M1-P039-AN-R2,B003,ArcticLoom,True,True,False,False,False,2.0,0.0,0.0,0.0,2026-06-02 00:00:00+00:00,couples_temperature,True,
M1-P039-AN-R2,B001,AsterVale,False,False,False,False,False,,0.0,0.0,0.0,2026-06-02 00:00:00+00:00,couples_temperature,True,
M1-P039-CH-R1,B002,Serein Sleep,True,True,False,False,False,2.0,0.0,0.0,0.0,2026-06-06 00:00:00+00:00,couples_temperature,True,
M1-P039-CH-R1,B003,ArcticLoom,True,True,True,False,False,1.0,0.0,0.0,0.0,2026-06-06 00:00:00+00:00,couples_temperature,True,
M1-P039-CH-R1,B001,AsterVale,False,False,False,False,False,,0.0,0.0,0.0,2026-06-06 00:00:00+00:00,couples_temperature,True,
M1-P039-CH-R1,B004,RestNest,False,False,False,False,False,,0.0,0.0,0.0,2026-06-06 00:00:00+00:00,couples_temperature,True,
M1-P039-CH-R1,B005,Eucalune,False,False,False,False,False,,0.0,0.0,0.0,2026-06-06 00:00:00+00:00,couples_temperature,True,
M1-P039-CH-R2,B005,Eucalune,True,True,False,False,False,3.0,0.0,0.0,0.0,2026-06-07 00:00:00+00:00,couples_temperature,True,
M1-P039-CH-R2,B003,ArcticLoom,True,True,True,True,False,1.0,0.0,0.0,0.0,2026-06-07 00:00:00+00:00,couples_temperature,True,
M1-P039-CH-R2,B004,RestNest,True,True,True,False,False,2.0,0.0,0.0,0.0,2026-06-07 00:00:00+00:00,couples_temperature,True,
M1-P039-CH-R2,B001,AsterVale,False,False,False,False,False,,0.0,0.0,0.0,2026-06-07 00:00:00+00:00,couples_temperature,True,
M1-P039-CH-R2,B002,Serein Sleep,True,False,False,False,False,4.0,0.0,0.0,0.0,2026-06-07 00:00:00+00:00,couples_temperature,True,
M1-P039-SE-R1,B001,AsterVale,False,False,False,False,False,,0.0,0.0,0.0,2026-06-07 00:00:00+00:00,couples_temperature,True,
M1-P039-SE-R1,B002,Serein Sleep,False,False,False,False,False,,0.0,0.0,0.0,2026-06-07 00:00:00+00:00,couples_temperature,True,
M1-P039-SE-R1,B003,ArcticLoom,True,True,False,False,False,1.0,0.0,0.0,0.0,2026-06-07 00:00:00+00:00,couples_temperature,True,
M1-P039-SE-R1,B004,RestNest,True,True,False,False,False,3.0,0.0,0.0,0.0,2026-06-07 00:00:00+00:00,couples_temperature,True,
M1-P039-SE-R1,B005,Eucalune,True,True,False,False,False,2.0,0.0,0.0,0.0,2026-06-07 00:00:00+00:00,couples_temperature,True,
M1-P039-SE-R2,B005,Eucalune,True,True,False,False,False,2.0,0.0,0.0,0.0,2026-06-08 00:00:00+00:00,couples_temperature,True,
M1-P039-SE-R2,B004,RestNest,False,False,False,False,False,,0.0,0.0,0.0,2026-06-08 00:00:00+00:00,couples_temperature,True,
M1-P039-SE-R2,B002,Serein Sleep,True,True,True,False,False,1.0,0.0,0.0,0.0,2026-06-08 00:00:00+00:00,couples_temperature,True,
M1-P039-SE-R2,B001,AsterVale,False,False,False,False,False,,0.0,0.0,0.0,2026-06-08 00:00:00+00:00,couples_temperature,True,
M1-P039-SE-R2,B003,ArcticLoom,False,False,False,False,False,,0.0,0.0,0.0,2026-06-08 00:00:00+00:00,couples_temperature,True,
M1-P040-AN-R1,B004,RestNest,False,False,False,False,False,,0.0,0.0,0.0,2026-06-02 00:00:00+00:00,couples_temperature,True,
M1-P040-AN-R1,B003,ArcticLoom,True,True,False,False,False,2.0,0.0,0.0,0.0,2026-06-02 00:00:00+00:00,couples_temperature,True,
M1-P040-AN-R1,B002,Serein Sleep,True,True,False,False,False,3.0,0.0,0.0,0.0,2026-06-02 00:00:00+00:00,couples_temperature,True,
M1-P040-AN-R1,B001,AsterVale,False,False,False,False,False,,0.0,0.0,0.0,2026-06-02 00:00:00+00:00,couples_temperature,True,
M1-P040-AN-R1,B005,Eucalune,True,True,True,True,False,1.0,0.0,0.0,0.0,2026-06-02 00:00:00+00:00,couples_temperature,True,
M1-P040-AN-R2,B003,ArcticLoom,False,False,False,False,False,,0.0,0.0,0.0,2026-06-03 00:00:00+00:00,couples_temperature,True,
M1-P040-AN-R2,B002,Serein Sleep,False,False,False,False,False,,0.0,0.0,0.0,2026-06-03 00:00:00+00:00,couples_temperature,True,
M1-P040-AN-R2,B005,Eucalune,True,True,False,False,False,1.0,0.0,0.0,0.0,2026-06-03 00:00:00+00:00,couples_temperature,True,
M1-P040-AN-R2,B004,RestNest,True,True,False,False,False,2.0,0.0,0.0,0.0,2026-06-03 00:00:00+00:00,couples_temperature,True,
M1-P040-AN-R2,B001,AsterVale,False,False,False,False,False,,0.0,0.0,0.0,2026-06-03 00:00:00+00:00,couples_temperature,True,
M1-P040-CH-R1,B005,Eucalune,True,True,True,False,False,2.0,0.0,0.0,0.0,2026-06-07 00:00:00+00:00,couples_temperature,True,
M1-P040-CH-R1,B004,RestNest,True,False,False,False,False,4.0,0.0,0.0,0.0,2026-06-07 00:00:00+00:00,couples_temperature,True,
M1-P040-CH-R1,B002,Serein Sleep,True,True,True,True,False,1.0,0.0,0.0,0.0,2026-06-07 00:00:00+00:00,couples_temperature,True,
M1-P040-CH-R1,B001,AsterVale,True,True,False,False,False,3.0,0.0,0.0,0.0,2026-06-07 00:00:00+00:00,couples_temperature,True,
M1-P040-CH-R1,B003,ArcticLoom,False,False,False,False,False,,0.0,0.0,0.0,2026-06-07 00:00:00+00:00,couples_temperature,True,
M1-P040-CH-R2,B004,RestNest,False,False,False,False,False,,0.0,0.0,0.0,2026-06-08 00:00:00+00:00,couples_temperature,True,
M1-P040-CH-R2,B005,Eucalune,True,True,True,True,False,1.0,0.0,0.0,0.0,2026-06-08 00:00:00+00:00,couples_temperature,True,
M1-P040-CH-R2,B001,AsterVale,False,False,False,False,False,,0.0,0.0,0.0,2026-06-08 00:00:00+00:00,couples_temperature,True,
M1-P040-CH-R2,B002,Serein Sleep,True,True,False,False,False,3.0,0.0,0.0,0.0,2026-06-08 00:00:00+00:00,couples_temperature,True,
M1-P040-CH-R2,B003,ArcticLoom,True,True,False,False,False,2.0,0.0,0.0,0.0,2026-06-08 00:00:00+00:00,couples_temperature,True,
M1-P040-SE-R1,B001,AsterVale,False,False,False,False,False,,0.0,0.0,0.0,2026-06-08 00:00:00+00:00,couples_temperature,True,
M1-P040-SE-R1,B005,Eucalune,True,True,False,False,False,3.0,0.0,0.0,0.0,2026-06-08 00:00:00+00:00,couples_temperature,True,
M1-P040-SE-R1,B002,Serein Sleep,False,False,False,False,False,,0.0,0.0,0.0,2026-06-08 00:00:00+00:00,couples_temperature,True,
M1-P040-SE-R1,B003,ArcticLoom,True,True,False,False,False,1.0,0.0,0.0,0.0,2026-06-08 00:00:00+00:00,couples_temperature,True,
M1-P040-SE-R1,B004,RestNest,True,True,False,False,False,2.0,0.0,0.0,0.0,2026-06-08 00:00:00+00:00,couples_temperature,True,
M1-P040-SE-R2,B005,Eucalune,False,False,False,False,False,,0.0,0.0,0.0,2026-06-02 00:00:00+00:00,couples_temperature,True,
M1-P040-SE-R2,B001,AsterVale,False,False,False,False,False,,0.0,0.0,0.0,2026-06-02 00:00:00+00:00,couples_temperature,True,
M1-P040-SE-R2,B003,ArcticLoom,True,True,False,False,False,3.0,0.0,0.0,0.0,2026-06-02 00:00:00+00:00,couples_temperature,True,
M1-P040-SE-R2,B004,RestNest,True,True,True,False,False,2.0,0.0,0.0,0.0,2026-06-02 00:00:00+00:00,couples_temperature,True,
M1-P040-SE-R2,B002,Serein Sleep,True,True,True,True,False,1.0,0.0,0.0,0.0,2026-06-02 00:00:00+00:00,couples_temperature,True,
M1-P041-AN-R1,B003,ArcticLoom,False,False,False,False,False,,0.0,0.0,0.0,2026-06-03 00:00:00+00:00,care_durability,True,
M1-P041-AN-R1,B001,AsterVale,False,False,False,False,False,,0.0,0.0,0.0,2026-06-03 00:00:00+00:00,care_durability,True,
M1-P041-AN-R1,B002,Serein Sleep,True,True,False,False,False,2.0,0.0,0.0,0.0,2026-06-03 00:00:00+00:00,care_durability,True,
M1-P041-AN-R1,B005,Eucalune,True,True,True,True,False,1.0,0.0,0.0,0.0,2026-06-03 00:00:00+00:00,care_durability,True,
M1-P041-AN-R1,B004,RestNest,True,True,False,False,False,3.0,0.0,0.0,0.0,2026-06-03 00:00:00+00:00,care_durability,True,
M1-P041-AN-R2,B001,AsterVale,False,False,False,False,False,,0.0,0.0,0.0,2026-06-04 00:00:00+00:00,care_durability,True,
M1-P041-AN-R2,B003,ArcticLoom,True,True,True,False,False,1.0,0.0,0.0,0.0,2026-06-04 00:00:00+00:00,care_durability,True,
M1-P041-AN-R2,B005,Eucalune,False,False,False,False,False,,0.0,0.0,0.0,2026-06-04 00:00:00+00:00,care_durability,True,
M1-P041-AN-R2,B002,Serein Sleep,True,True,False,False,False,2.0,0.0,0.0,0.0,2026-06-04 00:00:00+00:00,care_durability,True,
M1-P041-AN-R2,B004,RestNest,True,True,False,False,False,3.0,0.0,0.0,0.0,2026-06-04 00:00:00+00:00,care_durability,True,
M1-P041-CH-R1,B005,Eucalune,False,False,False,False,False,,0.0,0.0,0.0,2026-06-08 00:00:00+00:00,care_durability,True,
M1-P041-CH-R1,B002,Serein Sleep,True,True,True,True,False,1.0,0.0,0.0,0.0,2026-06-08 00:00:00+00:00,care_durability,True,
M1-P041-CH-R1,B004,RestNest,True,True,False,False,False,2.0,0.0,0.0,0.0,2026-06-08 00:00:00+00:00,care_durability,True,
M1-P041-CH-R1,B001,AsterVale,False,False,False,False,False,,0.0,0.0,0.0,2026-06-08 00:00:00+00:00,care_durability,True,
M1-P041-CH-R1,B003,ArcticLoom,False,False,False,False,False,,0.0,0.0,0.0,2026-06-08 00:00:00+00:00,care_durability,True,
M1-P041-CH-R2,B003,ArcticLoom,False,False,False,False,False,,0.0,0.0,0.0,2026-06-02 00:00:00+00:00,care_durability,True,
M1-P041-CH-R2,B001,AsterVale,False,False,False,False,False,,0.0,0.0,0.0,2026-06-02 00:00:00+00:00,care_durability,True,
M1-P041-CH-R2,B004,RestNest,False,False,False,False,False,,0.0,0.0,0.0,2026-06-02 00:00:00+00:00,care_durability,True,
M1-P041-CH-R2,B005,Eucalune,True,True,False,False,False,2.0,0.0,0.0,0.0,2026-06-02 00:00:00+00:00,care_durability,True,
M1-P041-CH-R2,B002,Serein Sleep,True,True,False,False,False,1.0,0.0,0.0,0.0,2026-06-02 00:00:00+00:00,care_durability,True,
M1-P041-SE-R2,B003,ArcticLoom,True,True,False,False,False,1.0,0.0,0.0,0.0,2026-06-03 00:00:00+00:00,care_durability,True,
M1-P041-SE-R2,B001,AsterVale,False,False,False,False,False,,0.0,0.0,0.0,2026-06-03 00:00:00+00:00,care_durability,True,
M1-P041-SE-R2,B002,Serein Sleep,True,True,False,False,False,2.0,0.0,0.0,0.0,2026-06-03 00:00:00+00:00,care_durability,True,
M1-P041-SE-R2,B005,Eucalune,True,True,False,False,False,3.0,0.0,0.0,0.0,2026-06-03 00:00:00+00:00,care_durability,True,
M1-P041-SE-R2,B004,RestNest,True,False,False,False,False,4.0,0.0,0.0,0.0,2026-06-03 00:00:00+00:00,care_durability,True,
M1-P042-AN-R1,B001,AsterVale,False,False,False,False,False,,0.0,0.0,0.0,2026-06-04 00:00:00+00:00,care_durability,True,
M1-P042-AN-R1,B002,Serein Sleep,False,False,False,False,False,,0.0,0.0,0.0,2026-06-04 00:00:00+00:00,care_durability,True,
M1-P042-AN-R1,B004,RestNest,True,True,True,False,False,2.0,0.0,0.0,0.0,2026-06-04 00:00:00+00:00,care_durability,True,
M1-P042-AN-R1,B005,Eucalune,True,True,False,False,False,3.0,0.0,0.0,0.0,2026-06-04 00:00:00+00:00,care_durability,True,
M1-P042-AN-R1,B003,ArcticLoom,True,True,True,True,False,1.0,0.0,0.0,0.0,2026-06-04 00:00:00+00:00,care_durability,True,
M1-P042-AN-R2,B002,Serein Sleep,False,False,False,False,False,,0.0,0.0,0.0,2026-06-05 00:00:00+00:00,care_durability,True,
M1-P042-AN-R2,B005,Eucalune,True,True,True,False,False,2.0,0.0,0.0,0.0,2026-06-05 00:00:00+00:00,care_durability,True,
M1-P042-AN-R2,B004,RestNest,True,True,True,False,False,1.0,0.0,0.0,0.0,2026-06-05 00:00:00+00:00,care_durability,True,
M1-P042-AN-R2,B003,ArcticLoom,True,True,False,False,False,3.0,0.0,0.0,0.0,2026-06-05 00:00:00+00:00,care_durability,True,
M1-P042-AN-R2,B001,AsterVale,False,False,False,False,False,,0.0,0.0,0.0,2026-06-05 00:00:00+00:00,care_durability,True,
M1-P042-CH-R1,B001,AsterVale,False,False,False,False,False,,0.0,0.0,0.0,2026-06-02 00:00:00+00:00,care_durability,True,
M1-P042-CH-R1,B004,RestNest,True,False,False,False,False,4.0,0.0,0.0,0.0,2026-06-02 00:00:00+00:00,care_durability,True,
M1-P042-CH-R1,B005,Eucalune,True,True,True,True,False,1.0,0.0,0.0,0.0,2026-06-02 00:00:00+00:00,care_durability,True,
M1-P042-CH-R1,B002,Serein Sleep,True,True,False,False,False,3.0,0.0,0.0,0.0,2026-06-02 00:00:00+00:00,care_durability,True,
M1-P042-CH-R1,B003,ArcticLoom,True,True,False,False,False,2.0,0.0,0.0,0.0,2026-06-02 00:00:00+00:00,care_durability,True,
M1-P042-CH-R2,B004,RestNest,False,False,False,False,False,,0.0,0.0,0.0,2026-06-03 00:00:00+00:00,care_durability,True,
M1-P042-CH-R2,B003,ArcticLoom,True,True,False,False,False,2.0,0.0,0.0,0.0,2026-06-03 00:00:00+00:00,care_durability,True,
M1-P042-CH-R2,B005,Eucalune,False,False,False,False,False,,0.0,0.0,0.0,2026-06-03 00:00:00+00:00,care_durability,True,
M1-P042-CH-R2,B001,AsterVale,False,False,False,False,False,,0.0,0.0,0.0,2026-06-03 00:00:00+00:00,care_durability,True,
M1-P042-CH-R2,B002,Serein Sleep,True,True,True,True,False,1.0,0.0,0.0,0.0,2026-06-03 00:00:00+00:00,care_durability,True,
M1-P042-SE-R1,B001,AsterVale,False,False,False,False,False,,0.0,0.0,0.0,2026-06-03 00:00:00+00:00,care_durability,True,
M1-P042-SE-R1,B004,RestNest,True,True,True,True,False,1.0,0.0,0.0,0.0,2026-06-03 00:00:00+00:00,care_durability,True,
M1-P042-SE-R1,B005,Eucalune,False,False,False,False,False,,0.0,0.0,0.0,2026-06-03 00:00:00+00:00,care_durability,True,
M1-P042-SE-R1,B003,ArcticLoom,False,False,False,False,False,,0.0,0.0,0.0,2026-06-03 00:00:00+00:00,care_durability,True,
M1-P042-SE-R1,B002,Serein Sleep,True,True,True,False,False,2.0,0.0,0.0,0.0,2026-06-03 00:00:00+00:00,care_durability,True,
M1-P042-SE-R2,B005,Eucalune,False,False,False,False,False,,0.0,0.0,0.0,2026-06-04 00:00:00+00:00,care_durability,True,
M1-P042-SE-R2,B002,Serein Sleep,True,True,True,True,False,1.0,0.0,0.0,0.0,2026-06-04 00:00:00+00:00,care_durability,True,
M1-P042-SE-R2,B004,RestNest,False,False,False,False,False,,0.0,0.0,0.0,2026-06-04 00:00:00+00:00,care_durability,True,
M1-P042-SE-R2,B003,ArcticLoom,True,True,False,False,False,2.0,0.0,0.0,0.0,2026-06-04 00:00:00+00:00,care_durability,True,
M1-P042-SE-R2,B001,AsterVale,False,False,False,False,False,,0.0,0.0,0.0,2026-06-04 00:00:00+00:00,care_durability,True,
M1-P043-AN-R1,B002,Serein Sleep,True,True,True,True,False,1.0,0.0,0.0,0.0,2026-06-05 00:00:00+00:00,care_durability,True,
M1-P043-AN-R1,B001,AsterVale,False,False,False,False,False,,0.0,0.0,0.0,2026-06-05 00:00:00+00:00,care_durability,True,
M1-P043-AN-R1,B005,Eucalune,True,True,False,False,False,2.0,0.0,0.0,0.0,2026-06-05 00:00:00+00:00,care_durability,True,
M1-P043-AN-R1,B003,ArcticLoom,True,True,False,False,False,3.0,0.0,0.0,0.0,2026-06-05 00:00:00+00:00,care_durability,True,
M1-P043-AN-R1,B004,RestNest,False,False,False,False,False,,0.0,0.0,0.0,2026-06-05 00:00:00+00:00,care_durability,True,
M1-P043-AN-R2,B003,ArcticLoom,True,True,True,True,False,1.0,0.0,0.0,0.0,2026-06-06 00:00:00+00:00,care_durability,True,
M1-P043-AN-R2,B001,AsterVale,False,False,False,False,False,,0.0,0.0,0.0,2026-06-06 00:00:00+00:00,care_durability,True,
M1-P043-AN-R2,B002,Serein Sleep,True,True,False,False,False,2.0,0.0,0.0,0.0,2026-06-06 00:00:00+00:00,care_durability,True,
M1-P043-AN-R2,B004,RestNest,False,False,False,False,False,,0.0,0.0,0.0,2026-06-06 00:00:00+00:00,care_durability,True,
M1-P043-AN-R2,B005,Eucalune,False,False,False,False,False,,0.0,0.0,0.0,2026-06-06 00:00:00+00:00,care_durability,True,
M1-P043-CH-R1,B002,Serein Sleep,True,True,True,False,False,1.0,0.0,0.0,0.0,2026-06-03 00:00:00+00:00,care_durability,True,
M1-P043-CH-R1,B003,ArcticLoom,True,True,False,False,False,3.0,0.0,0.0,0.0,2026-06-03 00:00:00+00:00,care_durability,True,
M1-P043-CH-R1,B005,Eucalune,True,True,False,False,False,2.0,0.0,0.0,0.0,2026-06-03 00:00:00+00:00,care_durability,True,
M1-P043-CH-R1,B001,AsterVale,False,False,False,False,False,,0.0,0.0,0.0,2026-06-03 00:00:00+00:00,care_durability,True,
M1-P043-CH-R1,B004,RestNest,False,False,False,False,False,,0.0,0.0,0.0,2026-06-03 00:00:00+00:00,care_durability,True,
M1-P043-CH-R2,B004,RestNest,True,True,True,True,False,1.0,0.0,0.0,0.0,2026-06-04 00:00:00+00:00,care_durability,True,
M1-P043-CH-R2,B002,Serein Sleep,True,True,False,False,False,2.0,0.0,0.0,0.0,2026-06-04 00:00:00+00:00,care_durability,True,
M1-P043-CH-R2,B005,Eucalune,False,False,False,False,False,,0.0,0.0,0.0,2026-06-04 00:00:00+00:00,care_durability,True,
M1-P043-CH-R2,B001,AsterVale,False,False,False,False,False,,0.0,0.0,0.0,2026-06-04 00:00:00+00:00,care_durability,True,
M1-P043-CH-R2,B003,ArcticLoom,True,True,False,False,False,3.0,0.0,0.0,0.0,2026-06-04 00:00:00+00:00,care_durability,True,
M1-P043-SE-R1,B001,AsterVale,False,False,False,False,False,,0.0,0.0,0.0,2026-06-04 00:00:00+00:00,care_durability,True,
M1-P043-SE-R1,B004,RestNest,True,True,True,False,False,4.0,0.0,0.0,0.0,2026-06-04 00:00:00+00:00,care_durability,True,
M1-P043-SE-R1,B002,Serein Sleep,True,True,False,False,False,1.0,0.0,0.0,0.0,2026-06-04 00:00:00+00:00,care_durability,True,
M1-P043-SE-R1,B003,ArcticLoom,True,True,False,False,False,3.0,0.0,0.0,0.0,2026-06-04 00:00:00+00:00,care_durability,True,
M1-P043-SE-R1,B005,Eucalune,True,True,False,False,False,2.0,0.0,0.0,0.0,2026-06-04 00:00:00+00:00,care_durability,True,
M1-P043-SE-R2,B001,AsterVale,False,False,False,False,False,,0.0,0.0,0.0,2026-06-05 00:00:00+00:00,care_durability,True,
M1-P043-SE-R2,B003,ArcticLoom,True,True,False,False,False,1.0,0.0,0.0,0.0,2026-06-05 00:00:00+00:00,care_durability,True,
M1-P043-SE-R2,B005,Eucalune,False,False,False,False,False,,0.0,0.0,0.0,2026-06-05 00:00:00+00:00,care_durability,True,
M1-P043-SE-R2,B002,Serein Sleep,True,True,True,False,False,2.0,0.0,0.0,0.0,2026-06-05 00:00:00+00:00,care_durability,True,
M1-P043-SE-R2,B004,RestNest,False,False,False,False,False,,0.0,0.0,0.0,2026-06-05 00:00:00+00:00,care_durability,True,
M1-P044-AN-R1,B003,ArcticLoom,False,False,False,False,False,,0.0,0.0,0.0,2026-06-06 00:00:00+00:00,care_durability,True,
M1-P044-AN-R1,B005,Eucalune,True,True,True,True,False,1.0,0.0,0.0,0.0,2026-06-06 00:00:00+00:00,care_durability,True,
M1-P044-AN-R1,B001,AsterVale,False,False,False,False,False,,0.0,0.0,0.0,2026-06-06 00:00:00+00:00,care_durability,True,
M1-P044-AN-R1,B002,Serein Sleep,False,False,False,False,False,,0.0,0.0,0.0,2026-06-06 00:00:00+00:00,care_durability,True,
M1-P044-AN-R1,B004,RestNest,True,True,False,False,False,2.0,0.0,0.0,0.0,2026-06-06 00:00:00+00:00,care_durability,True,
M1-P044-CH-R1,B003,ArcticLoom,True,True,False,False,False,1.0,0.0,0.0,0.0,2026-06-04 00:00:00+00:00,care_durability,True,
M1-P044-CH-R1,B002,Serein Sleep,False,False,False,False,False,,0.0,0.0,0.0,2026-06-04 00:00:00+00:00,care_durability,True,
M1-P044-CH-R1,B001,AsterVale,True,True,True,False,False,3.0,0.0,0.0,0.0,2026-06-04 00:00:00+00:00,care_durability,True,
M1-P044-CH-R1,B004,RestNest,False,False,False,False,False,,0.0,0.0,0.0,2026-06-04 00:00:00+00:00,care_durability,True,
M1-P044-CH-R1,B005,Eucalune,True,True,False,False,False,2.0,0.0,0.0,0.0,2026-06-04 00:00:00+00:00,care_durability,True,
M1-P044-CH-R2,B004,RestNest,False,False,False,False,False,,0.0,0.0,0.0,2026-06-05 00:00:00+00:00,care_durability,True,
M1-P044-CH-R2,B002,Serein Sleep,True,True,True,True,False,1.0,0.0,0.0,0.0,2026-06-05 00:00:00+00:00,care_durability,True,
M1-P044-CH-R2,B001,AsterVale,False,False,False,False,False,,0.0,0.0,0.0,2026-06-05 00:00:00+00:00,care_durability,True,
M1-P044-CH-R2,B003,ArcticLoom,False,False,False,False,False,,0.0,0.0,0.0,2026-06-05 00:00:00+00:00,care_durability,True,
M1-P044-CH-R2,B005,Eucalune,True,True,True,False,False,2.0,0.0,0.0,0.0,2026-06-05 00:00:00+00:00,care_durability,True,
M1-P044-SE-R1,B004,RestNest,True,True,False,False,False,2.0,0.0,0.0,0.0,2026-06-05 00:00:00+00:00,care_durability,True,
M1-P044-SE-R1,B002,Serein Sleep,True,True,True,True,False,1.0,0.0,0.0,0.0,2026-06-05 00:00:00+00:00,care_durability,True,
M1-P044-SE-R1,B005,Eucalune,True,True,False,False,False,3.0,0.0,0.0,0.0,2026-06-05 00:00:00+00:00,care_durability,True,
M1-P044-SE-R1,B003,ArcticLoom,False,False,False,False,False,,0.0,0.0,0.0,2026-06-05 00:00:00+00:00,care_durability,True,
M1-P044-SE-R1,B001,AsterVale,False,False,False,False,False,,0.0,0.0,0.0,2026-06-05 00:00:00+00:00,care_durability,True,
M1-P044-SE-R2,B003,ArcticLoom,True,True,False,False,False,2.0,0.0,0.0,0.0,2026-06-06 00:00:00+00:00,care_durability,True,
M1-P044-SE-R2,B001,AsterVale,False,False,False,False,False,,0.0,0.0,0.0,2026-06-06 00:00:00+00:00,care_durability,True,
M1-P044-SE-R2,B005,Eucalune,False,False,False,False,False,,0.0,0.0,0.0,2026-06-06 00:00:00+00:00,care_durability,True,
M1-P044-SE-R2,B002,Serein Sleep,True,True,True,True,False,1.0,0.0,0.0,0.0,2026-06-06 00:00:00+00:00,care_durability,True,
M1-P044-SE-R2,B004,RestNest,False,False,False,False,False,,0.0,0.0,0.0,2026-06-06 00:00:00+00:00,care_durability,True,
M1-P045-AN-R1,B005,Eucalune,True,False,False,False,False,4.0,0.0,0.0,0.0,2026-06-07 00:00:00+00:00,purchase_decision,True,
M1-P045-AN-R1,B003,ArcticLoom,True,True,False,False,False,2.0,0.0,0.0,0.0,2026-06-07 00:00:00+00:00,purchase_decision,True,
M1-P045-AN-R1,B002,Serein Sleep,True,True,True,False,False,1.0,0.0,0.0,0.0,2026-06-07 00:00:00+00:00,purchase_decision,True,
M1-P045-AN-R1,B001,AsterVale,False,False,False,False,False,,0.0,0.0,0.0,2026-06-07 00:00:00+00:00,purchase_decision,True,
M1-P045-AN-R1,B004,RestNest,True,True,False,False,False,3.0,0.0,0.0,0.0,2026-06-07 00:00:00+00:00,purchase_decision,True,
M1-P045-AN-R2,B001,AsterVale,False,False,False,False,False,,0.0,0.0,0.0,2026-06-08 00:00:00+00:00,purchase_decision,True,
M1-P045-AN-R2,B003,ArcticLoom,True,True,False,False,False,2.0,0.0,0.0,0.0,2026-06-08 00:00:00+00:00,purchase_decision,True,
M1-P045-AN-R2,B005,Eucalune,True,True,True,True,False,1.0,0.0,0.0,0.0,2026-06-08 00:00:00+00:00,purchase_decision,True,
M1-P045-AN-R2,B002,Serein Sleep,False,False,False,False,False,,0.0,0.0,0.0,2026-06-08 00:00:00+00:00,purchase_decision,True,
M1-P045-AN-R2,B004,RestNest,False,False,False,False,False,,0.0,0.0,0.0,2026-06-08 00:00:00+00:00,purchase_decision,True,
M1-P045-CH-R1,B005,Eucalune,False,False,False,False,False,,0.0,0.0,0.0,2026-06-05 00:00:00+00:00,purchase_decision,True,
M1-P045-CH-R1,B003,ArcticLoom,True,True,True,True,False,1.0,0.0,0.0,0.0,2026-06-05 00:00:00+00:00,purchase_decision,True,
M1-P045-CH-R1,B001,AsterVale,False,False,False,False,False,,0.0,0.0,0.0,2026-06-05 00:00:00+00:00,purchase_decision,True,
M1-P045-CH-R1,B004,RestNest,False,False,False,False,False,,0.0,0.0,0.0,2026-06-05 00:00:00+00:00,purchase_decision,True,
M1-P045-CH-R1,B002,Serein Sleep,True,True,False,False,False,2.0,0.0,0.0,0.0,2026-06-05 00:00:00+00:00,purchase_decision,True,
M1-P045-CH-R2,B004,RestNest,False,False,False,False,False,,0.0,0.0,0.0,2026-06-06 00:00:00+00:00,purchase_decision,True,
M1-P045-CH-R2,B001,AsterVale,False,False,False,False,False,,0.0,0.0,0.0,2026-06-06 00:00:00+00:00,purchase_decision,True,
M1-P045-CH-R2,B003,ArcticLoom,True,True,True,True,False,1.0,0.0,0.0,0.0,2026-06-06 00:00:00+00:00,purchase_decision,True,
M1-P045-CH-R2,B005,Eucalune,False,False,False,False,False,,0.0,0.0,0.0,2026-06-06 00:00:00+00:00,purchase_decision,True,
M1-P045-CH-R2,B002,Serein Sleep,True,True,False,False,False,2.0,0.0,0.0,0.0,2026-06-06 00:00:00+00:00,purchase_decision,True,
M1-P045-SE-R1,B004,RestNest,True,True,True,True,False,1.0,0.0,0.0,0.0,2026-06-06 00:00:00+00:00,purchase_decision,True,
M1-P045-SE-R1,B001,AsterVale,False,False,False,False,False,,0.0,0.0,0.0,2026-06-06 00:00:00+00:00,purchase_decision,True,
M1-P045-SE-R1,B002,Serein Sleep,True,True,True,False,False,2.0,0.0,0.0,0.0,2026-06-06 00:00:00+00:00,purchase_decision,True,
M1-P045-SE-R1,B005,Eucalune,False,False,False,False,False,,0.0,0.0,0.0,2026-06-06 00:00:00+00:00,purchase_decision,True,
M1-P045-SE-R1,B003,ArcticLoom,True,True,False,False,False,3.0,0.0,0.0,0.0,2026-06-06 00:00:00+00:00,purchase_decision,True,
M1-P045-SE-R2,B003,ArcticLoom,True,True,False,False,False,3.0,0.0,0.0,0.0,2026-06-07 00:00:00+00:00,purchase_decision,True,
M1-P045-SE-R2,B001,AsterVale,False,False,False,False,False,,0.0,0.0,0.0,2026-06-07 00:00:00+00:00,purchase_decision,True,
M1-P045-SE-R2,B002,Serein Sleep,True,True,True,True,False,1.0,0.0,0.0,0.0,2026-06-07 00:00:00+00:00,purchase_decision,True,
M1-P045-SE-R2,B004,RestNest,False,False,False,False,False,,0.0,0.0,0.0,2026-06-07 00:00:00+00:00,purchase_decision,True,
M1-P045-SE-R2,B005,Eucalune,True,True,True,False,False,2.0,0.0,0.0,0.0,2026-06-07 00:00:00+00:00,purchase_decision,True,
M1-P046-AN-R1,B002,Serein Sleep,True,True,False,False,False,1.0,0.0,0.0,0.0,2026-06-08 00:00:00+00:00,purchase_decision,True,
M1-P046-AN-R1,B003,ArcticLoom,False,False,False,False,False,,0.0,0.0,0.0,2026-06-08 00:00:00+00:00,purchase_decision,True,
M1-P046-AN-R1,B004,RestNest,True,True,False,False,False,2.0,0.0,0.0,0.0,2026-06-08 00:00:00+00:00,purchase_decision,True,
M1-P046-AN-R1,B005,Eucalune,False,False,False,False,False,,0.0,0.0,0.0,2026-06-08 00:00:00+00:00,purchase_decision,True,
M1-P046-AN-R1,B001,AsterVale,False,False,False,False,False,,0.0,0.0,0.0,2026-06-08 00:00:00+00:00,purchase_decision,True,
M1-P046-AN-R2,B005,Eucalune,True,True,False,False,False,3.0,0.0,0.0,0.0,2026-06-02 00:00:00+00:00,purchase_decision,True,
M1-P046-AN-R2,B001,AsterVale,False,False,False,False,False,,0.0,0.0,0.0,2026-06-02 00:00:00+00:00,purchase_decision,True,
M1-P046-AN-R2,B004,RestNest,True,True,True,False,False,1.0,0.0,0.0,0.0,2026-06-02 00:00:00+00:00,purchase_decision,True,
M1-P046-AN-R2,B003,ArcticLoom,True,True,True,False,False,2.0,0.0,0.0,0.0,2026-06-02 00:00:00+00:00,purchase_decision,True,
M1-P046-AN-R2,B002,Serein Sleep,False,False,False,False,False,,0.0,0.0,0.0,2026-06-02 00:00:00+00:00,purchase_decision,True,
M1-P046-CH-R2,B004,RestNest,True,True,False,False,False,3.0,0.0,0.0,0.0,2026-06-07 00:00:00+00:00,purchase_decision,True,
M1-P046-CH-R2,B003,ArcticLoom,False,False,False,False,False,,0.0,0.0,0.0,2026-06-07 00:00:00+00:00,purchase_decision,True,
M1-P046-CH-R2,B005,Eucalune,True,True,True,False,False,2.0,0.0,0.0,0.0,2026-06-07 00:00:00+00:00,purchase_decision,True,
M1-P046-CH-R2,B001,AsterVale,False,False,False,False,False,,0.0,0.0,0.0,2026-06-07 00:00:00+00:00,purchase_decision,True,
M1-P046-CH-R2,B002,Serein Sleep,True,True,True,True,False,1.0,0.0,0.0,0.0,2026-06-07 00:00:00+00:00,purchase_decision,True,
M1-P046-SE-R1,B003,ArcticLoom,True,True,False,False,False,2.0,0.0,0.0,0.0,2026-06-07 00:00:00+00:00,purchase_decision,True,
M1-P046-SE-R1,B004,RestNest,True,True,True,False,False,1.0,0.0,0.0,0.0,2026-06-07 00:00:00+00:00,purchase_decision,True,
M1-P046-SE-R1,B002,Serein Sleep,False,False,False,False,False,,0.0,0.0,0.0,2026-06-07 00:00:00+00:00,purchase_decision,True,
M1-P046-SE-R1,B005,Eucalune,False,False,False,False,False,,0.0,0.0,0.0,2026-06-07 00:00:00+00:00,purchase_decision,True,
M1-P046-SE-R1,B001,AsterVale,False,False,False,False,False,,0.0,0.0,0.0,2026-06-07 00:00:00+00:00,purchase_decision,True,
M1-P046-SE-R2,B004,RestNest,True,True,False,False,False,3.0,0.0,0.0,0.0,2026-06-08 00:00:00+00:00,purchase_decision,True,
M1-P046-SE-R2,B002,Serein Sleep,True,True,True,True,False,1.0,0.0,0.0,0.0,2026-06-08 00:00:00+00:00,purchase_decision,True,
M1-P046-SE-R2,B003,ArcticLoom,True,False,False,False,False,4.0,0.0,0.0,0.0,2026-06-08 00:00:00+00:00,purchase_decision,True,
M1-P046-SE-R2,B001,AsterVale,False,False,False,False,False,,0.0,0.0,0.0,2026-06-08 00:00:00+00:00,purchase_decision,True,
M1-P046-SE-R2,B005,Eucalune,True,True,False,False,False,2.0,0.0,0.0,0.0,2026-06-08 00:00:00+00:00,purchase_decision,True,
M1-P047-AN-R2,B004,RestNest,True,True,False,False,False,3.0,0.0,0.0,0.0,2026-06-03 00:00:00+00:00,purchase_decision,True,
M1-P047-AN-R2,B003,ArcticLoom,True,True,False,False,False,2.0,0.0,0.0,0.0,2026-06-03 00:00:00+00:00,purchase_decision,True,
M1-P047-AN-R2,B002,Serein Sleep,True,True,True,True,False,1.0,0.0,0.0,0.0,2026-06-03 00:00:00+00:00,purchase_decision,True,
M1-P047-AN-R2,B005,Eucalune,False,False,False,False,False,,0.0,0.0,0.0,2026-06-03 00:00:00+00:00,purchase_decision,True,
M1-P047-AN-R2,B001,AsterVale,False,False,False,False,False,,0.0,0.0,0.0,2026-06-03 00:00:00+00:00,purchase_decision,True,
M1-P047-CH-R1,B005,Eucalune,True,True,True,False,False,2.0,0.0,0.0,0.0,2026-06-07 00:00:00+00:00,purchase_decision,True,
M1-P047-CH-R1,B004,RestNest,False,False,False,False,False,,0.0,0.0,0.0,2026-06-07 00:00:00+00:00,purchase_decision,True,
M1-P047-CH-R1,B001,AsterVale,False,False,False,False,False,,0.0,0.0,0.0,2026-06-07 00:00:00+00:00,purchase_decision,True,
M1-P047-CH-R1,B003,ArcticLoom,True,True,True,True,False,1.0,0.0,0.0,0.0,2026-06-07 00:00:00+00:00,purchase_decision,True,
M1-P047-CH-R1,B002,Serein Sleep,False,False,False,False,False,,0.0,0.0,0.0,2026-06-07 00:00:00+00:00,purchase_decision,True,
M1-P047-CH-R2,B002,Serein Sleep,True,True,True,False,False,1.0,0.0,0.0,0.0,2026-06-08 00:00:00+00:00,purchase_decision,True,
M1-P047-CH-R2,B005,Eucalune,True,True,False,False,False,3.0,0.0,0.0,0.0,2026-06-08 00:00:00+00:00,purchase_decision,True,
M1-P047-CH-R2,B003,ArcticLoom,True,True,True,False,False,2.0,0.0,0.0,0.0,2026-06-08 00:00:00+00:00,purchase_decision,True,
M1-P047-CH-R2,B004,RestNest,False,False,False,False,False,,0.0,0.0,0.0,2026-06-08 00:00:00+00:00,purchase_decision,True,
M1-P047-CH-R2,B001,AsterVale,False,False,False,False,False,,0.0,0.0,0.0,2026-06-08 00:00:00+00:00,purchase_decision,True,
M1-P047-SE-R1,B001,AsterVale,False,False,False,False,False,,0.0,0.0,0.0,2026-06-08 00:00:00+00:00,purchase_decision,True,
M1-P047-SE-R1,B004,RestNest,True,True,True,False,False,2.0,0.0,0.0,0.0,2026-06-08 00:00:00+00:00,purchase_decision,True,
M1-P047-SE-R1,B005,Eucalune,True,False,False,False,False,4.0,0.0,0.0,0.0,2026-06-08 00:00:00+00:00,purchase_decision,True,
M1-P047-SE-R1,B003,ArcticLoom,True,True,True,True,False,1.0,0.0,0.0,0.0,2026-06-08 00:00:00+00:00,purchase_decision,True,
M1-P047-SE-R1,B002,Serein Sleep,True,True,False,False,False,3.0,0.0,0.0,0.0,2026-06-08 00:00:00+00:00,purchase_decision,True,
M1-P047-SE-R2,B004,RestNest,False,False,False,False,False,,0.0,0.0,0.0,2026-06-02 00:00:00+00:00,purchase_decision,True,
M1-P047-SE-R2,B003,ArcticLoom,True,True,True,True,False,1.0,0.0,0.0,0.0,2026-06-02 00:00:00+00:00,purchase_decision,True,
M1-P047-SE-R2,B005,Eucalune,True,True,False,False,False,3.0,0.0,0.0,0.0,2026-06-02 00:00:00+00:00,purchase_decision,True,
M1-P047-SE-R2,B002,Serein Sleep,True,True,False,False,False,2.0,0.0,0.0,0.0,2026-06-02 00:00:00+00:00,purchase_decision,True,
M1-P047-SE-R2,B001,AsterVale,False,False,False,False,False,,0.0,0.0,0.0,2026-06-02 00:00:00+00:00,purchase_decision,True,
M1-P048-AN-R1,B001,AsterVale,True,True,True,True,False,1.0,0.0,0.0,0.0,2026-06-03 00:00:00+00:00,purchase_decision,True,
M1-P048-AN-R1,B003,ArcticLoom,True,False,False,False,False,4.0,0.0,0.0,0.0,2026-06-03 00:00:00+00:00,purchase_decision,True,
M1-P048-AN-R1,B004,RestNest,True,True,False,False,False,2.0,0.0,0.0,0.0,2026-06-03 00:00:00+00:00,purchase_decision,True,
M1-P048-AN-R1,B005,Eucalune,True,False,False,False,False,5.0,0.0,0.0,0.0,2026-06-03 00:00:00+00:00,purchase_decision,True,
M1-P048-AN-R1,B002,Serein Sleep,True,True,False,False,False,3.0,0.0,0.0,0.0,2026-06-03 00:00:00+00:00,purchase_decision,True,
M1-P048-AN-R2,B005,Eucalune,True,True,False,False,False,3.0,0.0,0.0,0.0,2026-06-04 00:00:00+00:00,purchase_decision,True,
M1-P048-AN-R2,B003,ArcticLoom,False,False,False,False,False,,0.0,0.0,0.0,2026-06-04 00:00:00+00:00,purchase_decision,True,
M1-P048-AN-R2,B001,AsterVale,False,False,False,False,False,,0.0,0.0,0.0,2026-06-04 00:00:00+00:00,purchase_decision,True,
M1-P048-AN-R2,B002,Serein Sleep,True,False,False,False,False,2.0,0.0,0.0,0.0,2026-06-04 00:00:00+00:00,purchase_decision,True,
M1-P048-AN-R2,B004,RestNest,True,True,True,False,False,1.0,0.0,0.0,0.0,2026-06-04 00:00:00+00:00,purchase_decision,True,
M1-P048-CH-R1,B003,ArcticLoom,False,False,False,False,False,,0.0,0.0,0.0,2026-06-08 00:00:00+00:00,purchase_decision,True,
M1-P048-CH-R1,B005,Eucalune,True,True,False,False,False,1.0,0.0,0.0,0.0,2026-06-08 00:00:00+00:00,purchase_decision,True,
M1-P048-CH-R1,B002,Serein Sleep,True,True,False,False,False,2.0,0.0,0.0,0.0,2026-06-08 00:00:00+00:00,purchase_decision,True,
M1-P048-CH-R1,B004,RestNest,False,False,False,False,False,,0.0,0.0,0.0,2026-06-08 00:00:00+00:00,purchase_decision,True,
M1-P048-CH-R1,B001,AsterVale,False,False,False,False,False,,0.0,0.0,0.0,2026-06-08 00:00:00+00:00,purchase_decision,True,
M1-P048-CH-R2,B002,Serein Sleep,True,True,True,True,False,1.0,0.0,0.0,0.0,2026-06-02 00:00:00+00:00,purchase_decision,True,
M1-P048-CH-R2,B003,ArcticLoom,True,True,True,False,False,2.0,0.0,0.0,0.0,2026-06-02 00:00:00+00:00,purchase_decision,True,
M1-P048-CH-R2,B004,RestNest,False,False,False,False,False,,0.0,0.0,0.0,2026-06-02 00:00:00+00:00,purchase_decision,True,
M1-P048-CH-R2,B005,Eucalune,False,False,False,False,False,,0.0,0.0,0.0,2026-06-02 00:00:00+00:00,purchase_decision,True,
M1-P048-CH-R2,B001,AsterVale,False,False,False,False,False,,0.0,0.0,0.0,2026-06-02 00:00:00+00:00,purchase_decision,True,
M1-P048-SE-R1,B003,ArcticLoom,True,True,True,False,False,1.0,0.0,0.0,0.0,2026-06-02 00:00:00+00:00,purchase_decision,True,
M1-P048-SE-R1,B001,AsterVale,False,False,False,False,False,,0.0,0.0,0.0,2026-06-02 00:00:00+00:00,purchase_decision,True,
M1-P048-SE-R1,B004,RestNest,True,True,False,False,False,3.0,0.0,0.0,0.0,2026-06-02 00:00:00+00:00,purchase_decision,True,
M1-P048-SE-R1,B005,Eucalune,False,False,False,False,False,,0.0,0.0,0.0,2026-06-02 00:00:00+00:00,purchase_decision,True,
M1-P048-SE-R1,B002,Serein Sleep,True,True,False,False,False,2.0,0.0,0.0,0.0,2026-06-02 00:00:00+00:00,purchase_decision,True,
M1-P048-SE-R2,B003,ArcticLoom,True,True,True,False,False,1.0,0.0,0.0,0.0,2026-06-03 00:00:00+00:00,purchase_decision,True,
M1-P048-SE-R2,B002,Serein Sleep,True,True,False,False,False,2.0,0.0,0.0,0.0,2026-06-03 00:00:00+00:00,purchase_decision,True,
M1-P048-SE-R2,B001,AsterVale,False,False,False,False,False,,0.0,0.0,0.0,2026-06-03 00:00:00+00:00,purchase_decision,True,
M1-P048-SE-R2,B005,Eucalune,False,False,False,False,False,,0.0,0.0,0.0,2026-06-03 00:00:00+00:00,purchase_decision,True,
M1-P048-SE-R2,B004,RestNest,True,True,False,False,False,3.0,0.0,0.0,0.0,2026-06-03 00:00:00+00:00,purchase_decision,True,
M1-P049-AN-R1,B002,Serein Sleep,False,False,False,False,False,,0.0,0.0,0.0,2026-06-04 00:00:00+00:00,branded_overview,True,
M1-P049-AN-R1,B003,ArcticLoom,False,False,False,False,False,,0.0,0.0,0.0,2026-06-04 00:00:00+00:00,branded_overview,True,
M1-P049-AN-R1,B001,AsterVale,True,True,True,False,False,1.0,1.0,1.0,0.0,2026-06-04 00:00:00+00:00,branded_overview,True,
M1-P049-AN-R1,B005,Eucalune,False,False,False,False,False,,0.0,0.0,0.0,2026-06-04 00:00:00+00:00,branded_overview,True,
M1-P049-AN-R1,B004,RestNest,False,False,False,False,False,,0.0,0.0,0.0,2026-06-04 00:00:00+00:00,branded_overview,True,
M1-P049-AN-R2,B005,Eucalune,False,False,False,False,False,,0.0,0.0,0.0,2026-06-05 00:00:00+00:00,branded_overview,True,
M1-P049-AN-R2,B004,RestNest,False,False,False,False,False,,0.0,0.0,0.0,2026-06-05 00:00:00+00:00,branded_overview,True,
M1-P049-AN-R2,B002,Serein Sleep,True,True,False,False,False,2.0,0.0,0.0,0.0,2026-06-05 00:00:00+00:00,branded_overview,True,
M1-P049-AN-R2,B001,AsterVale,True,True,False,False,False,1.0,1.0,1.0,1.0,2026-06-05 00:00:00+00:00,branded_overview,True,
M1-P049-AN-R2,B003,ArcticLoom,False,False,False,False,False,,0.0,0.0,0.0,2026-06-05 00:00:00+00:00,branded_overview,True,
M1-P049-CH-R1,B002,Serein Sleep,True,True,True,True,False,1.0,0.0,0.0,0.0,2026-06-02 00:00:00+00:00,branded_overview,True,
M1-P049-CH-R1,B001,AsterVale,True,True,False,False,False,2.0,1.0,0.0,1.0,2026-06-02 00:00:00+00:00,branded_overview,True,
M1-P049-CH-R1,B003,ArcticLoom,False,False,False,False,False,,0.0,0.0,0.0,2026-06-02 00:00:00+00:00,branded_overview,True,
M1-P049-CH-R1,B005,Eucalune,False,False,False,False,False,,0.0,0.0,0.0,2026-06-02 00:00:00+00:00,branded_overview,True,
M1-P049-CH-R1,B004,RestNest,False,False,False,False,False,,0.0,0.0,0.0,2026-06-02 00:00:00+00:00,branded_overview,True,
M1-P049-CH-R2,B005,Eucalune,False,False,False,False,False,,0.0,0.0,0.0,2026-06-03 00:00:00+00:00,branded_overview,True,
M1-P049-CH-R2,B001,AsterVale,True,True,True,True,False,1.0,0.0,0.0,0.0,2026-06-03 00:00:00+00:00,branded_overview,True,
M1-P049-CH-R2,B003,ArcticLoom,True,True,True,False,False,2.0,0.0,0.0,0.0,2026-06-03 00:00:00+00:00,branded_overview,True,
M1-P049-CH-R2,B004,RestNest,True,True,False,False,False,3.0,0.0,0.0,0.0,2026-06-03 00:00:00+00:00,branded_overview,True,
M1-P049-CH-R2,B002,Serein Sleep,False,False,False,False,False,,0.0,0.0,0.0,2026-06-03 00:00:00+00:00,branded_overview,True,
M1-P049-SE-R1,B005,Eucalune,False,False,False,False,False,,0.0,0.0,0.0,2026-06-03 00:00:00+00:00,branded_overview,True,
M1-P049-SE-R1,B004,RestNest,False,False,False,False,False,,0.0,0.0,0.0,2026-06-03 00:00:00+00:00,branded_overview,True,
M1-P049-SE-R1,B001,AsterVale,True,True,False,False,False,1.0,1.0,1.0,0.0,2026-06-03 00:00:00+00:00,branded_overview,True,
M1-P049-SE-R1,B003,ArcticLoom,True,True,False,False,False,2.0,0.0,0.0,0.0,2026-06-03 00:00:00+00:00,branded_overview,True,
M1-P049-SE-R1,B002,Serein Sleep,False,False,False,False,False,,0.0,0.0,0.0,2026-06-03 00:00:00+00:00,branded_overview,True,
M1-P049-SE-R2,B004,RestNest,False,False,False,False,False,,0.0,0.0,0.0,2026-06-04 00:00:00+00:00,branded_overview,True,
M1-P049-SE-R2,B002,Serein Sleep,False,False,False,False,False,,0.0,0.0,0.0,2026-06-04 00:00:00+00:00,branded_overview,True,
M1-P049-SE-R2,B001,AsterVale,True,True,True,True,False,1.0,1.0,1.0,1.0,2026-06-04 00:00:00+00:00,branded_overview,True,
M1-P049-SE-R2,B005,Eucalune,True,True,False,False,False,2.0,0.0,0.0,0.0,2026-06-04 00:00:00+00:00,branded_overview,True,
M1-P049-SE-R2,B003,ArcticLoom,True,True,False,False,False,3.0,0.0,0.0,0.0,2026-06-04 00:00:00+00:00,branded_overview,True,
M1-P050-AN-R1,B005,Eucalune,False,False,False,False,False,,0.0,0.0,0.0,2026-06-05 00:00:00+00:00,branded_overview,True,
M1-P050-AN-R1,B001,AsterVale,True,True,False,False,False,1.0,1.0,0.0,0.0,2026-06-05 00:00:00+00:00,branded_overview,True,
M1-P050-AN-R1,B003,ArcticLoom,True,True,False,False,False,2.0,0.0,0.0,0.0,2026-06-05 00:00:00+00:00,branded_overview,True,
M1-P050-AN-R1,B004,RestNest,True,True,False,False,False,3.0,0.0,0.0,0.0,2026-06-05 00:00:00+00:00,branded_overview,True,
M1-P050-AN-R1,B002,Serein Sleep,False,False,False,False,False,,0.0,0.0,0.0,2026-06-05 00:00:00+00:00,branded_overview,True,
M1-P050-AN-R2,B005,Eucalune,True,True,False,False,False,2.0,0.0,0.0,0.0,2026-06-06 00:00:00+00:00,branded_overview,True,
M1-P050-AN-R2,B001,AsterVale,True,True,True,False,False,1.0,1.0,1.0,1.0,2026-06-06 00:00:00+00:00,branded_overview,True,
M1-P050-AN-R2,B004,RestNest,False,False,False,False,False,,0.0,0.0,0.0,2026-06-06 00:00:00+00:00,branded_overview,True,
M1-P050-AN-R2,B003,ArcticLoom,False,False,False,False,False,,0.0,0.0,0.0,2026-06-06 00:00:00+00:00,branded_overview,True,
M1-P050-AN-R2,B002,Serein Sleep,False,False,False,False,False,,0.0,0.0,0.0,2026-06-06 00:00:00+00:00,branded_overview,True,
M1-P050-CH-R1,B003,ArcticLoom,False,False,False,False,False,,0.0,0.0,0.0,2026-06-03 00:00:00+00:00,branded_overview,True,
M1-P050-CH-R1,B004,RestNest,True,True,False,False,False,3.0,0.0,0.0,0.0,2026-06-03 00:00:00+00:00,branded_overview,True,
M1-P050-CH-R1,B002,Serein Sleep,True,True,False,False,False,2.0,0.0,0.0,0.0,2026-06-03 00:00:00+00:00,branded_overview,True,
M1-P050-CH-R1,B005,Eucalune,False,False,False,False,False,,0.0,0.0,0.0,2026-06-03 00:00:00+00:00,branded_overview,True,
M1-P050-CH-R1,B001,AsterVale,True,True,True,True,False,1.0,1.0,0.0,0.0,2026-06-03 00:00:00+00:00,branded_overview,True,
M1-P050-SE-R1,B004,RestNest,False,False,False,False,False,,0.0,0.0,0.0,2026-06-04 00:00:00+00:00,branded_overview,True,
M1-P050-SE-R1,B003,ArcticLoom,True,True,False,False,False,3.0,0.0,0.0,0.0,2026-06-04 00:00:00+00:00,branded_overview,True,
M1-P050-SE-R1,B005,Eucalune,True,True,False,False,False,2.0,0.0,0.0,0.0,2026-06-04 00:00:00+00:00,branded_overview,True,
M1-P050-SE-R1,B001,AsterVale,True,True,True,True,False,1.0,1.0,1.0,0.0,2026-06-04 00:00:00+00:00,branded_overview,True,
M1-P050-SE-R1,B002,Serein Sleep,False,False,False,False,False,,0.0,0.0,0.0,2026-06-04 00:00:00+00:00,category_best,True,
M1-P050-SE-R2,B001,AsterVale,True,True,True,True,False,1.0,1.0,0.0,1.0,2026-06-05 00:00:00+00:00,branded_overview,True,
M1-P050-SE-R2,B003,ArcticLoom,True,True,True,False,False,2.0,0.0,0.0,0.0,2026-06-05 00:00:00+00:00,branded_overview,True,
M1-P050-SE-R2,B004,RestNest,True,True,False,False,False,3.0,0.0,0.0,0.0,2026-06-05 00:00:00+00:00,branded_overview,True,
M1-P050-SE-R2,B005,Eucalune,False,False,False,False,False,,0.0,0.0,0.0,2026-06-05 00:00:00+00:00,branded_overview,True,
M1-P050-SE-R2,B002,Serein Sleep,False,False,False,False,False,,0.0,0.0,0.0,2026-06-05 00:00:00+00:00,branded_overview,True,
M1-P051-AN-R1,B002,Serein Sleep,False,False,False,False,False,,0.0,0.0,0.0,2026-06-06 00:00:00+00:00,branded_overview,True,
M1-P051-AN-R1,B005,Eucalune,False,False,False,False,False,,0.0,0.0,0.0,2026-06-06 00:00:00+00:00,branded_overview,True,
M1-P051-AN-R1,B001,AsterVale,True,True,True,True,False,1.0,0.0,0.0,0.0,2026-06-06 00:00:00+00:00,branded_overview,True,
M1-P051-AN-R1,B003,ArcticLoom,True,True,False,False,False,2.0,0.0,0.0,0.0,2026-06-06 00:00:00+00:00,branded_overview,True,
M1-P051-AN-R1,B004,RestNest,False,False,False,False,False,,0.0,0.0,0.0,2026-06-06 00:00:00+00:00,branded_overview,True,
M1-P051-AN-R2,B005,Eucalune,False,False,False,False,False,,0.0,0.0,0.0,2026-06-07 00:00:00+00:00,branded_overview,True,
M1-P051-AN-R2,B001,AsterVale,True,True,True,False,False,1.0,1.0,0.0,0.0,2026-06-07 00:00:00+00:00,branded_overview,True,
M1-P051-AN-R2,B002,Serein Sleep,True,True,False,False,False,3.0,0.0,0.0,0.0,2026-06-07 00:00:00+00:00,branded_overview,True,
M1-P051-AN-R2,B004,RestNest,False,False,False,False,False,,0.0,0.0,0.0,2026-06-07 00:00:00+00:00,branded_overview,True,
M1-P051-AN-R2,B003,ArcticLoom,True,True,False,False,False,2.0,0.0,0.0,0.0,2026-06-07 00:00:00+00:00,branded_overview,True,
M1-P051-CH-R1,B005,Eucalune,False,False,False,False,False,,0.0,0.0,0.0,2026-06-04 00:00:00+00:00,branded_overview,True,
M1-P051-CH-R1,B002,Serein Sleep,True,True,True,False,False,2.0,0.0,0.0,0.0,2026-06-04 00:00:00+00:00,branded_overview,True,
M1-P051-CH-R1,B003,ArcticLoom,False,False,False,False,False,,0.0,0.0,0.0,2026-06-04 00:00:00+00:00,branded_overview,True,
M1-P051-CH-R1,B004,RestNest,True,True,False,False,False,3.0,0.0,0.0,0.0,2026-06-04 00:00:00+00:00,branded_overview,True,
M1-P051-CH-R1,B001,AsterVale,True,True,True,True,False,1.0,1.0,0.0,1.0,2026-06-04 00:00:00+00:00,branded_overview,True,
M1-P051-CH-R2,B002,Serein Sleep,True,True,False,False,False,3.0,0.0,0.0,0.0,2026-06-05 00:00:00+00:00,branded_overview,True,
M1-P051-CH-R2,B003,ArcticLoom,True,True,True,False,False,2.0,0.0,0.0,0.0,2026-06-05 00:00:00+00:00,branded_overview,True,
M1-P051-CH-R2,B001,AsterVale,True,True,False,False,False,1.0,1.0,1.0,0.0,2026-06-05 00:00:00+00:00,branded_overview,True,
M1-P051-CH-R2,B004,RestNest,True,False,False,False,False,4.0,0.0,0.0,0.0,2026-06-05 00:00:00+00:00,branded_overview,True,
M1-P051-CH-R2,B005,Eucalune,False,False,False,False,False,,0.0,0.0,0.0,2026-06-05 00:00:00+00:00,branded_overview,True,
M1-P051-SE-R1,B004,RestNest,False,False,False,False,False,,0.0,0.0,0.0,2026-06-05 00:00:00+00:00,branded_overview,True,
M1-P051-SE-R1,B002,Serein Sleep,True,True,True,False,False,1.0,0.0,0.0,0.0,2026-06-05 00:00:00+00:00,branded_overview,True,
M1-P051-SE-R1,B001,AsterVale,True,True,False,False,False,3.0,1.0,1.0,0.0,2026-06-05 00:00:00+00:00,branded_overview,True,
M1-P051-SE-R1,B005,Eucalune,True,True,True,False,False,2.0,0.0,0.0,0.0,2026-06-05 00:00:00+00:00,branded_overview,True,
M1-P051-SE-R1,B003,ArcticLoom,False,False,False,False,False,,0.0,0.0,0.0,2026-06-05 00:00:00+00:00,branded_overview,True,
M1-P052-AN-R1,B002,Serein Sleep,False,False,False,False,False,,0.0,0.0,0.0,2026-06-07 00:00:00+00:00,branded_overview,True,
M1-P052-AN-R1,B004,RestNest,False,False,False,False,False,,0.0,0.0,0.0,2026-06-07 00:00:00+00:00,branded_overview,True,
M1-P052-AN-R1,B005,Eucalune,True,True,False,False,False,2.0,0.0,0.0,0.0,2026-06-07 00:00:00+00:00,branded_overview,True,
M1-P052-AN-R1,B003,ArcticLoom,True,True,False,False,False,3.0,0.0,0.0,0.0,2026-06-07 00:00:00+00:00,branded_overview,True,
M1-P052-AN-R1,B001,AsterVale,True,True,True,True,False,1.0,1.0,0.0,0.0,2026-06-07 00:00:00+00:00,branded_overview,True,
M1-P052-AN-R2,B001,AsterVale,True,True,False,False,False,1.0,0.0,0.0,0.0,2026-06-08 00:00:00+00:00,branded_overview,True,
M1-P052-AN-R2,B002,Serein Sleep,False,False,False,False,False,,0.0,0.0,0.0,2026-06-08 00:00:00+00:00,branded_overview,True,
M1-P052-AN-R2,B003,ArcticLoom,True,True,False,False,False,2.0,0.0,0.0,0.0,2026-06-08 00:00:00+00:00,branded_overview,True,
M1-P052-AN-R2,B004,RestNest,True,True,False,False,False,3.0,0.0,0.0,0.0,2026-06-08 00:00:00+00:00,branded_overview,True,
M1-P052-AN-R2,B005,Eucalune,False,False,False,False,False,,0.0,0.0,0.0,2026-06-08 00:00:00+00:00,branded_overview,True,
M1-P052-CH-R1,B003,ArcticLoom,False,False,False,False,False,,0.0,0.0,0.0,2026-06-05 00:00:00+00:00,branded_overview,True,
M1-P052-CH-R1,B002,Serein Sleep,False,False,False,False,False,,0.0,0.0,0.0,2026-06-05 00:00:00+00:00,branded_overview,True,
M1-P052-CH-R1,B005,Eucalune,True,True,True,False,False,2.0,0.0,0.0,0.0,2026-06-05 00:00:00+00:00,branded_overview,True,
M1-P052-CH-R1,B004,RestNest,False,False,False,False,False,,0.0,0.0,0.0,2026-06-05 00:00:00+00:00,branded_overview,True,
M1-P052-CH-R1,B001,AsterVale,True,True,False,False,False,1.0,1.0,0.0,1.0,2026-06-05 00:00:00+00:00,branded_overview,True,
M1-P052-CH-R2,B003,ArcticLoom,True,True,False,False,False,2.0,0.0,0.0,0.0,2026-06-06 00:00:00+00:00,branded_overview,True,
M1-P052-CH-R2,B005,Eucalune,True,True,False,False,False,3.0,0.0,0.0,0.0,2026-06-06 00:00:00+00:00,branded_overview,True,
M1-P052-CH-R2,B004,RestNest,False,False,False,False,False,,0.0,0.0,0.0,2026-06-06 00:00:00+00:00,branded_overview,True,
M1-P052-CH-R2,B001,AsterVale,True,True,True,False,False,1.0,1.0,1.0,1.0,2026-06-06 00:00:00+00:00,branded_overview,True,
M1-P052-CH-R2,B002,Serein Sleep,False,False,False,False,False,,0.0,0.0,0.0,2026-06-06 00:00:00+00:00,branded_overview,True,
M1-P052-SE-R1,B002,Serein Sleep,True,True,True,True,False,1.0,0.0,0.0,0.0,2026-06-06 00:00:00+00:00,branded_overview,True,
M1-P052-SE-R1,B001,AsterVale,True,True,True,False,False,2.0,1.0,1.0,0.0,2026-06-06 00:00:00+00:00,branded_overview,True,
M1-P052-SE-R1,B003,ArcticLoom,False,False,False,False,False,,0.0,0.0,0.0,2026-06-06 00:00:00+00:00,branded_overview,True,
M1-P052-SE-R1,B004,RestNest,False,False,False,False,False,,0.0,0.0,0.0,2026-06-06 00:00:00+00:00,branded_overview,True,
M1-P052-SE-R1,B005,Eucalune,False,False,False,False,False,,0.0,0.0,0.0,2026-06-06 00:00:00+00:00,branded_overview,True,
M1-P053-AN-R2,B005,Eucalune,False,False,False,False,False,,0.0,0.0,0.0,2026-06-02 00:00:00+00:00,branded_comparison,True,
M1-P053-AN-R2,B003,ArcticLoom,False,False,False,False,False,,0.0,0.0,0.0,2026-06-02 00:00:00+00:00,branded_comparison,True,
M1-P053-AN-R2,B001,AsterVale,True,True,False,False,False,1.0,1.0,0.0,0.0,2026-06-02 00:00:00+00:00,branded_comparison,True,
M1-P053-AN-R2,B002,Serein Sleep,True,True,True,False,False,2.0,0.0,0.0,0.0,2026-06-02 00:00:00+00:00,branded_comparison,True,
M1-P053-AN-R2,B004,RestNest,False,False,False,False,False,,0.0,0.0,0.0,2026-06-02 00:00:00+00:00,branded_comparison,True,
M1-P053-CH-R1,B002,Serein Sleep,False,False,False,False,False,,0.0,0.0,0.0,2026-06-06 00:00:00+00:00,branded_comparison,True,
M1-P053-CH-R1,B003,ArcticLoom,False,False,False,False,False,,0.0,0.0,0.0,2026-06-06 00:00:00+00:00,branded_comparison,True,
M1-P053-CH-R1,B005,Eucalune,True,True,True,False,False,2.0,0.0,0.0,0.0,2026-06-06 00:00:00+00:00,branded_comparison,True,
M1-P053-CH-R1,B004,RestNest,False,False,False,False,False,,0.0,0.0,0.0,2026-06-06 00:00:00+00:00,branded_comparison,True,
M1-P053-CH-R1,B001,AsterVale,True,True,True,True,False,1.0,1.0,1.0,0.0,2026-06-06 00:00:00+00:00,branded_comparison,True,
M1-P053-CH-R2,B004,RestNest,False,False,False,False,False,,0.0,0.0,0.0,2026-06-07 00:00:00+00:00,branded_comparison,True,
M1-P053-CH-R2,B002,Serein Sleep,False,False,False,False,False,,0.0,0.0,0.0,2026-06-07 00:00:00+00:00,branded_comparison,True,
M1-P053-CH-R2,B001,AsterVale,True,True,False,False,False,1.0,1.0,0.0,0.0,2026-06-07 00:00:00+00:00,branded_comparison,True,
M1-P053-CH-R2,B003,ArcticLoom,True,True,True,False,False,2.0,0.0,0.0,0.0,2026-06-07 00:00:00+00:00,branded_comparison,True,
M1-P053-CH-R2,B005,Eucalune,False,False,False,False,False,,0.0,0.0,0.0,2026-06-07 00:00:00+00:00,branded_comparison,True,
M1-P053-SE-R1,B003,ArcticLoom,False,False,False,False,False,,0.0,0.0,0.0,2026-06-07 00:00:00+00:00,branded_comparison,True,
M1-P053-SE-R1,B001,AsterVale,True,True,True,True,False,1.0,1.0,1.0,0.0,2026-06-07 00:00:00+00:00,branded_comparison,True,
M1-P053-SE-R1,B002,Serein Sleep,False,False,False,False,False,,0.0,0.0,0.0,2026-06-07 00:00:00+00:00,branded_comparison,True,
M1-P053-SE-R1,B004,RestNest,True,True,False,False,False,2.0,0.0,0.0,0.0,2026-06-07 00:00:00+00:00,category_best,True,
M1-P053-SE-R1,B005,Eucalune,True,True,False,False,False,3.0,0.0,0.0,0.0,2026-06-07 00:00:00+00:00,branded_comparison,True,
M1-P053-SE-R2,B001,AsterVale,True,True,False,False,False,1.0,1.0,0.0,0.0,2026-06-08 00:00:00+00:00,branded_comparison,True,
M1-P053-SE-R2,B005,Eucalune,False,False,False,False,False,,0.0,0.0,0.0,2026-06-08 00:00:00+00:00,branded_comparison,True,
M1-P053-SE-R2,B003,ArcticLoom,False,False,False,False,False,,0.0,0.0,0.0,2026-06-08 00:00:00+00:00,branded_comparison,True,
M1-P053-SE-R2,B002,Serein Sleep,False,False,False,False,False,,0.0,0.0,0.0,2026-06-08 00:00:00+00:00,branded_comparison,True,
M1-P053-SE-R2,B004,RestNest,True,True,False,False,False,2.0,0.0,0.0,0.0,2026-06-08 00:00:00+00:00,branded_comparison,True,
M1-P054-AN-R1,B001,AsterVale,True,True,False,False,False,1.0,1.0,1.0,0.0,2026-06-02 00:00:00+00:00,branded_comparison,True,
M1-P054-AN-R1,B003,ArcticLoom,True,True,False,False,False,3.0,0.0,0.0,0.0,2026-06-02 00:00:00+00:00,branded_comparison,True,
M1-P054-AN-R1,B005,Eucalune,False,False,False,False,False,,0.0,0.0,0.0,2026-06-02 00:00:00+00:00,branded_comparison,True,
M1-P054-AN-R1,B004,RestNest,False,False,False,False,False,,0.0,0.0,0.0,2026-06-02 00:00:00+00:00,branded_comparison,True,
M1-P054-AN-R1,B002,Serein Sleep,True,True,False,False,False,2.0,0.0,0.0,0.0,2026-06-02 00:00:00+00:00,branded_comparison,True,
M1-P054-AN-R2,B002,Serein Sleep,False,False,False,False,False,,0.0,0.0,0.0,2026-06-03 00:00:00+00:00,branded_comparison,True,
M1-P054-AN-R2,B001,AsterVale,True,True,False,False,False,1.0,1.0,1.0,1.0,2026-06-03 00:00:00+00:00,branded_comparison,True,
M1-P054-AN-R2,B003,ArcticLoom,True,True,False,False,False,2.0,0.0,0.0,0.0,2026-06-03 00:00:00+00:00,branded_comparison,True,
M1-P054-AN-R2,B004,RestNest,False,False,False,False,False,,0.0,0.0,0.0,2026-06-03 00:00:00+00:00,branded_comparison,True,
M1-P054-AN-R2,B005,Eucalune,False,False,False,False,False,,0.0,0.0,0.0,2026-06-03 00:00:00+00:00,branded_comparison,True,
M1-P054-CH-R1,B001,AsterVale,True,True,True,False,False,1.0,1.0,0.0,0.0,2026-06-07 00:00:00+00:00,branded_comparison,True,
M1-P054-CH-R1,B002,Serein Sleep,False,False,False,False,False,,0.0,0.0,0.0,2026-06-07 00:00:00+00:00,branded_comparison,True,
M1-P054-CH-R1,B003,ArcticLoom,True,True,False,False,False,2.0,0.0,0.0,0.0,2026-06-07 00:00:00+00:00,branded_comparison,True,
M1-P054-CH-R1,B005,Eucalune,False,False,False,False,False,,0.0,0.0,0.0,2026-06-07 00:00:00+00:00,branded_comparison,True,
M1-P054-CH-R1,B004,RestNest,False,False,False,False,False,,0.0,0.0,0.0,2026-06-07 00:00:00+00:00,branded_comparison,True,
M1-P054-SE-R1,B001,AsterVale,True,True,False,False,False,1.0,1.0,0.0,1.0,2026-06-08 00:00:00+00:00,branded_comparison,True,
M1-P054-SE-R1,B002,Serein Sleep,False,False,False,False,False,,0.0,0.0,0.0,2026-06-08 00:00:00+00:00,branded_comparison,True,
M1-P054-SE-R1,B005,Eucalune,False,False,False,False,False,,0.0,0.0,0.0,2026-06-08 00:00:00+00:00,branded_comparison,True,
M1-P054-SE-R1,B004,RestNest,False,False,False,False,False,,0.0,0.0,0.0,2026-06-08 00:00:00+00:00,branded_comparison,True,
M1-P054-SE-R1,B003,ArcticLoom,False,False,False,False,False,,0.0,0.0,0.0,2026-06-08 00:00:00+00:00,branded_comparison,True,
M1-P054-SE-R2,B004,RestNest,True,True,False,False,False,3.0,0.0,0.0,0.0,2026-06-02 00:00:00+00:00,branded_comparison,True,
M1-P054-SE-R2,B002,Serein Sleep,False,False,False,False,False,,0.0,0.0,0.0,2026-06-02 00:00:00+00:00,branded_comparison,True,
M1-P054-SE-R2,B003,ArcticLoom,False,False,False,False,False,,0.0,0.0,0.0,2026-06-02 00:00:00+00:00,branded_comparison,True,
M1-P054-SE-R2,B001,AsterVale,True,True,False,False,False,1.0,1.0,1.0,0.0,2026-06-02 00:00:00+00:00,branded_comparison,True,
M1-P054-SE-R2,B005,Eucalune,True,True,False,False,False,2.0,0.0,0.0,0.0,2026-06-02 00:00:00+00:00,branded_comparison,True,
M1-P055-AN-R1,B005,Eucalune,False,False,False,False,False,,0.0,0.0,0.0,2026-06-03 00:00:00+00:00,branded_comparison,True,
M1-P055-AN-R1,B004,RestNest,True,True,False,False,False,3.0,0.0,0.0,0.0,2026-06-03 00:00:00+00:00,category_best,True,
M1-P055-AN-R1,B001,AsterVale,True,True,False,False,False,1.0,1.0,0.0,0.0,2026-06-03 00:00:00+00:00,branded_comparison,True,
M1-P055-AN-R1,B002,Serein Sleep,True,True,True,False,False,2.0,0.0,0.0,0.0,2026-06-03 00:00:00+00:00,branded_comparison,True,
M1-P055-AN-R1,B003,ArcticLoom,False,False,False,False,False,,0.0,0.0,0.0,2026-06-03 00:00:00+00:00,branded_comparison,True,
M1-P055-AN-R2,B003,ArcticLoom,False,False,False,False,False,,0.0,0.0,0.0,2026-06-04 00:00:00+00:00,branded_comparison,True,
M1-P055-AN-R2,B005,Eucalune,False,False,False,False,False,,0.0,0.0,0.0,2026-06-04 00:00:00+00:00,branded_comparison,True,
M1-P055-AN-R2,B002,Serein Sleep,False,False,False,False,False,,0.0,0.0,0.0,2026-06-04 00:00:00+00:00,branded_comparison,True,
M1-P055-AN-R2,B004,RestNest,True,True,False,False,False,2.0,0.0,0.0,0.0,2026-06-04 00:00:00+00:00,branded_comparison,True,
M1-P055-AN-R2,B001,AsterVale,True,True,False,False,False,1.0,1.0,0.0,0.0,2026-06-04 00:00:00+00:00,branded_comparison,True,
M1-P055-CH-R1,B002,Serein Sleep,True,True,False,False,False,2.0,0.0,0.0,0.0,2026-06-08 00:00:00+00:00,branded_comparison,True,
M1-P055-CH-R1,B004,RestNest,True,False,False,False,False,4.0,0.0,0.0,0.0,2026-06-08 00:00:00+00:00,branded_comparison,True,
M1-P055-CH-R1,B001,AsterVale,True,True,True,True,False,1.0,1.0,0.0,0.0,2026-06-08 00:00:00+00:00,branded_comparison,True,
M1-P055-CH-R1,B005,Eucalune,False,False,False,False,False,,0.0,0.0,0.0,2026-06-08 00:00:00+00:00,branded_comparison,True,
M1-P055-CH-R1,B003,ArcticLoom,True,True,False,False,False,3.0,0.0,0.0,0.0,2026-06-08 00:00:00+00:00,branded_comparison,True,
M1-P055-CH-R2,B004,RestNest,False,False,False,False,False,,0.0,0.0,0.0,2026-06-02 00:00:00+00:00,branded_comparison,True,
M1-P055-CH-R2,B003,ArcticLoom,False,False,False,False,False,,0.0,0.0,0.0,2026-06-02 00:00:00+00:00,branded_comparison,True,
M1-P055-CH-R2,B002,Serein Sleep,True,True,True,False,False,2.0,0.0,0.0,0.0,2026-06-02 00:00:00+00:00,branded_comparison,True,
M1-P055-CH-R2,B005,Eucalune,False,False,False,False,False,,0.0,0.0,0.0,2026-06-02 00:00:00+00:00,branded_comparison,True,
M1-P055-CH-R2,B001,AsterVale,True,True,False,False,False,1.0,1.0,0.0,0.0,2026-06-02 00:00:00+00:00,branded_comparison,True,
M1-P055-SE-R1,B001,AsterVale,True,True,True,True,False,1.0,0.0,1.0,0.0,2026-06-02 00:00:00+00:00,branded_comparison,True,
M1-P055-SE-R1,B004,RestNest,True,True,False,False,False,3.0,0.0,0.0,0.0,2026-06-02 00:00:00+00:00,branded_comparison,True,
M1-P055-SE-R1,B003,ArcticLoom,True,True,False,False,False,2.0,0.0,0.0,0.0,2026-06-02 00:00:00+00:00,branded_comparison,True,
M1-P055-SE-R1,B002,Serein Sleep,True,False,False,False,False,4.0,0.0,0.0,0.0,2026-06-02 00:00:00+00:00,branded_comparison,True,
M1-P055-SE-R1,B005,Eucalune,False,False,False,False,False,,0.0,0.0,0.0,2026-06-02 00:00:00+00:00,branded_comparison,True,
M1-P055-SE-R2,B002,Serein Sleep,True,True,False,False,False,3.0,0.0,0.0,0.0,2026-06-03 00:00:00+00:00,branded_comparison,True,
M1-P055-SE-R2,B005,Eucalune,True,True,True,False,False,2.0,0.0,0.0,0.0,2026-06-03 00:00:00+00:00,branded_comparison,True,
M1-P055-SE-R2,B003,ArcticLoom,False,False,False,False,False,,0.0,0.0,0.0,2026-06-03 00:00:00+00:00,branded_comparison,True,
M1-P055-SE-R2,B004,RestNest,False,False,False,False,False,,0.0,0.0,0.0,2026-06-03 00:00:00+00:00,branded_comparison,True,
M1-P055-SE-R2,B001,AsterVale,True,True,True,True,False,1.0,1.0,1.0,0.0,2026-06-03 00:00:00+00:00,branded_comparison,True,
M1-P056-AN-R1,B003,ArcticLoom,True,True,False,False,False,2.0,0.0,0.0,0.0,2026-06-04 00:00:00+00:00,branded_comparison,True,
M1-P056-AN-R1,B005,Eucalune,False,False,False,False,False,,0.0,0.0,0.0,2026-06-04 00:00:00+00:00,branded_comparison,True,
M1-P056-AN-R1,B002,Serein Sleep,False,False,False,False,False,,0.0,0.0,0.0,2026-06-04 00:00:00+00:00,branded_comparison,True,
M1-P056-AN-R1,B004,RestNest,False,False,False,False,False,,0.0,0.0,0.0,2026-06-04 00:00:00+00:00,branded_comparison,True,
M1-P056-AN-R1,B001,AsterVale,True,False,False,False,False,5.0,1.0,1.0,0.0,2026-06-04 00:00:00+00:00,branded_comparison,True,
M1-P056-AN-R2,B005,Eucalune,False,False,False,False,False,,0.0,0.0,0.0,2026-06-05 00:00:00+00:00,branded_comparison,True,
M1-P056-AN-R2,B004,RestNest,False,False,False,False,False,,0.0,0.0,0.0,2026-06-05 00:00:00+00:00,branded_comparison,True,
M1-P056-AN-R2,B001,AsterVale,True,True,True,True,False,1.0,1.0,1.0,0.0,2026-06-05 00:00:00+00:00,branded_comparison,True,
M1-P056-AN-R2,B003,ArcticLoom,False,False,False,False,False,,0.0,0.0,0.0,2026-06-05 00:00:00+00:00,branded_comparison,True,
M1-P056-AN-R2,B002,Serein Sleep,True,True,False,False,False,2.0,0.0,0.0,0.0,2026-06-05 00:00:00+00:00,branded_comparison,True,
M1-P056-CH-R1,B002,Serein Sleep,True,True,True,True,False,1.0,0.0,0.0,0.0,2026-06-02 00:00:00+00:00,branded_comparison,True,
M1-P056-CH-R1,B001,AsterVale,True,True,False,False,False,2.0,1.0,1.0,0.0,2026-06-02 00:00:00+00:00,branded_comparison,True,
M1-P056-CH-R1,B004,RestNest,False,False,False,False,False,,0.0,0.0,0.0,2026-06-02 00:00:00+00:00,branded_comparison,True,
M1-P056-CH-R1,B003,ArcticLoom,False,False,False,False,False,,0.0,0.0,0.0,2026-06-02 00:00:00+00:00,branded_comparison,True,
M1-P056-CH-R1,B005,Eucalune,False,False,False,False,False,,0.0,0.0,0.0,2026-06-02 00:00:00+00:00,branded_comparison,True,
M1-P056-CH-R2,B004,RestNest,False,False,False,False,False,,0.0,0.0,0.0,2026-06-03 00:00:00+00:00,branded_comparison,True,
M1-P056-CH-R2,B005,Eucalune,True,True,False,False,False,2.0,0.0,0.0,0.0,2026-06-03 00:00:00+00:00,branded_comparison,True,
M1-P056-CH-R2,B002,Serein Sleep,False,False,False,False,False,,0.0,0.0,0.0,2026-06-03 00:00:00+00:00,branded_comparison,True,
M1-P056-CH-R2,B003,ArcticLoom,False,False,False,False,False,,0.0,0.0,0.0,2026-06-03 00:00:00+00:00,branded_comparison,True,
M1-P056-CH-R2,B001,AsterVale,True,True,False,False,False,1.0,1.0,0.0,1.0,2026-06-03 00:00:00+00:00,branded_comparison,True,
M1-P056-SE-R1,B003,ArcticLoom,False,False,False,False,False,,0.0,0.0,0.0,2026-06-03 00:00:00+00:00,branded_comparison,True,
M1-P056-SE-R1,B004,RestNest,False,False,False,False,False,,0.0,0.0,0.0,2026-06-03 00:00:00+00:00,branded_comparison,True,
M1-P056-SE-R1,B002,Serein Sleep,True,True,False,False,False,3.0,0.0,0.0,0.0,2026-06-03 00:00:00+00:00,branded_comparison,True,
M1-P056-SE-R1,B001,AsterVale,True,True,True,True,False,1.0,1.0,1.0,0.0,2026-06-03 00:00:00+00:00,branded_comparison,True,
M1-P056-SE-R1,B005,Eucalune,True,True,False,False,False,2.0,0.0,0.0,0.0,2026-06-03 00:00:00+00:00,branded_comparison,True,
M1-P056-SE-R2,B004,RestNest,False,False,False,False,False,,0.0,0.0,0.0,2026-06-04 00:00:00+00:00,branded_comparison,True,
M1-P056-SE-R2,B003,ArcticLoom,False,False,False,False,False,,0.0,0.0,0.0,2026-06-04 00:00:00+00:00,branded_comparison,True,
M1-P056-SE-R2,B001,AsterVale,True,True,False,False,False,1.0,1.0,0.0,0.0,2026-06-04 00:00:00+00:00,branded_comparison,True,
M1-P056-SE-R2,B002,Serein Sleep,True,True,False,False,False,2.0,0.0,0.0,0.0,2026-06-04 00:00:00+00:00,branded_comparison,True,
M1-P056-SE-R2,B005,Eucalune,False,False,False,False,False,,0.0,0.0,0.0,2026-06-04 00:00:00+00:00,branded_comparison,True,
M1-P057-AN-R1,B004,RestNest,False,False,False,False,False,,0.0,0.0,0.0,2026-06-05 00:00:00+00:00,branded_suitability,True,
M1-P057-AN-R1,B001,AsterVale,True,True,True,False,False,1.0,1.0,1.0,1.0,2026-06-05 00:00:00+00:00,branded_suitability,True,
M1-P057-AN-R1,B003,ArcticLoom,True,True,True,False,False,2.0,0.0,0.0,0.0,2026-06-05 00:00:00+00:00,branded_suitability,True,
M1-P057-AN-R1,B005,Eucalune,True,True,False,False,False,3.0,0.0,0.0,0.0,2026-06-05 00:00:00+00:00,branded_suitability,True,
M1-P057-AN-R1,B002,Serein Sleep,False,False,False,False,False,,0.0,0.0,0.0,2026-06-05 00:00:00+00:00,branded_suitability,True,
M1-P057-AN-R2,B003,ArcticLoom,False,False,False,False,False,,0.0,0.0,0.0,2026-06-06 00:00:00+00:00,branded_suitability,True,
M1-P057-AN-R2,B004,RestNest,True,True,False,False,False,2.0,0.0,0.0,0.0,2026-06-06 00:00:00+00:00,branded_suitability,True,
M1-P057-AN-R2,B002,Serein Sleep,True,True,False,False,False,3.0,0.0,0.0,0.0,2026-06-06 00:00:00+00:00,branded_suitability,True,
M1-P057-AN-R2,B001,AsterVale,True,True,True,True,False,1.0,1.0,1.0,1.0,2026-06-06 00:00:00+00:00,branded_suitability,True,
M1-P057-AN-R2,B005,Eucalune,True,False,False,False,False,4.0,0.0,0.0,0.0,2026-06-06 00:00:00+00:00,branded_suitability,True,
M1-P057-CH-R1,B004,RestNest,False,False,False,False,False,,0.0,0.0,0.0,2026-06-03 00:00:00+00:00,branded_suitability,True,
M1-P057-CH-R1,B001,AsterVale,True,True,True,False,False,3.0,1.0,0.0,0.0,2026-06-03 00:00:00+00:00,branded_suitability,True,
M1-P057-CH-R1,B003,ArcticLoom,True,True,False,False,False,2.0,0.0,0.0,0.0,2026-06-03 00:00:00+00:00,branded_suitability,True,
M1-P057-CH-R1,B005,Eucalune,False,False,False,False,False,,0.0,0.0,0.0,2026-06-03 00:00:00+00:00,branded_suitability,True,
M1-P057-CH-R1,B002,Serein Sleep,True,True,True,True,False,1.0,0.0,0.0,0.0,2026-06-03 00:00:00+00:00,branded_suitability,True,
M1-P057-CH-R2,B004,RestNest,False,False,False,False,False,,0.0,0.0,0.0,2026-06-04 00:00:00+00:00,branded_suitability,True,
M1-P057-CH-R2,B001,AsterVale,True,True,True,True,False,1.0,0.0,0.0,0.0,2026-06-04 00:00:00+00:00,branded_suitability,True,
M1-P057-CH-R2,B005,Eucalune,False,False,False,False,False,,0.0,0.0,0.0,2026-06-04 00:00:00+00:00,branded_suitability,True,
M1-P057-CH-R2,B003,ArcticLoom,False,False,False,False,False,,0.0,0.0,0.0,2026-06-04 00:00:00+00:00,branded_suitability,True,
M1-P057-CH-R2,B002,Serein Sleep,False,False,False,False,False,,0.0,0.0,0.0,2026-06-04 00:00:00+00:00,branded_suitability,True,
M1-P057-SE-R1,B001,AsterVale,True,True,True,False,False,1.0,1.0,0.0,0.0,2026-06-04 00:00:00+00:00,branded_suitability,True,
M1-P057-SE-R1,B005,Eucalune,True,True,False,False,False,3.0,0.0,0.0,0.0,2026-06-04 00:00:00+00:00,branded_suitability,True,
M1-P057-SE-R1,B004,RestNest,False,False,False,False,False,,0.0,0.0,0.0,2026-06-04 00:00:00+00:00,branded_suitability,True,
M1-P057-SE-R1,B003,ArcticLoom,True,True,False,False,False,2.0,0.0,0.0,0.0,2026-06-04 00:00:00+00:00,branded_suitability,True,
M1-P057-SE-R1,B002,Serein Sleep,False,False,False,False,False,,0.0,0.0,0.0,2026-06-04 00:00:00+00:00,branded_suitability,True,
M1-P057-SE-R2,B004,RestNest,False,False,False,False,False,,0.0,0.0,0.0,2026-06-05 00:00:00+00:00,branded_suitability,True,
M1-P057-SE-R2,B005,Eucalune,False,False,False,False,False,,0.0,0.0,0.0,2026-06-05 00:00:00+00:00,branded_suitability,True,
M1-P057-SE-R2,B002,Serein Sleep,False,False,False,False,False,,0.0,0.0,0.0,2026-06-05 00:00:00+00:00,branded_suitability,True,
M1-P057-SE-R2,B003,ArcticLoom,False,False,False,False,False,,0.0,0.0,0.0,2026-06-05 00:00:00+00:00,branded_suitability,True,
M1-P057-SE-R2,B001,AsterVale,True,True,True,True,False,1.0,1.0,0.0,0.0,2026-06-05 00:00:00+00:00,branded_suitability,True,
M1-P058-AN-R1,B002,Serein Sleep,False,False,False,False,False,,0.0,0.0,0.0,2026-06-06 00:00:00+00:00,branded_suitability,True,
M1-P058-AN-R1,B001,AsterVale,True,True,True,False,False,1.0,0.0,0.0,0.0,2026-06-06 00:00:00+00:00,branded_suitability,True,
M1-P058-AN-R1,B003,ArcticLoom,False,False,False,False,False,,0.0,0.0,0.0,2026-06-06 00:00:00+00:00,branded_suitability,True,
M1-P058-AN-R1,B005,Eucalune,False,False,False,False,False,,0.0,0.0,0.0,2026-06-06 00:00:00+00:00,branded_suitability,True,
M1-P058-AN-R1,B004,RestNest,False,False,False,False,False,,0.0,0.0,0.0,2026-06-06 00:00:00+00:00,branded_suitability,True,
M1-P058-AN-R2,B002,Serein Sleep,False,False,False,False,False,,0.0,0.0,0.0,2026-06-07 00:00:00+00:00,branded_suitability,True,
M1-P058-AN-R2,B004,RestNest,False,False,False,False,False,,0.0,0.0,0.0,2026-06-07 00:00:00+00:00,branded_suitability,True,
M1-P058-AN-R2,B003,ArcticLoom,False,False,False,False,False,,0.0,0.0,0.0,2026-06-07 00:00:00+00:00,branded_suitability,True,
M1-P058-AN-R2,B005,Eucalune,False,False,False,False,False,,0.0,0.0,0.0,2026-06-07 00:00:00+00:00,branded_suitability,True,
M1-P058-AN-R2,B001,AsterVale,True,True,True,True,False,1.0,1.0,1.0,1.0,2026-06-07 00:00:00+00:00,branded_suitability,True,
M1-P058-CH-R1,B005,Eucalune,False,False,False,False,False,,0.0,0.0,0.0,2026-06-04 00:00:00+00:00,branded_suitability,True,
M1-P058-CH-R1,B004,RestNest,False,False,False,False,False,,0.0,0.0,0.0,2026-06-04 00:00:00+00:00,branded_suitability,True,
M1-P058-CH-R1,B001,AsterVale,True,True,False,False,False,1.0,1.0,0.0,0.0,2026-06-04 00:00:00+00:00,branded_suitability,True,
M1-P058-CH-R1,B002,Serein Sleep,True,True,False,False,False,2.0,0.0,0.0,0.0,2026-06-04 00:00:00+00:00,branded_suitability,True,
M1-P058-CH-R1,B003,ArcticLoom,True,True,True,False,False,3.0,0.0,0.0,0.0,2026-06-04 00:00:00+00:00,branded_suitability,True,
M1-P058-CH-R2,B005,Eucalune,False,False,False,False,False,,0.0,0.0,0.0,2026-06-05 00:00:00+00:00,branded_suitability,True,
M1-P058-CH-R2,B001,AsterVale,True,True,False,False,False,1.0,1.0,1.0,0.0,2026-06-05 00:00:00+00:00,branded_suitability,True,
M1-P058-CH-R2,B002,Serein Sleep,True,True,False,False,False,2.0,0.0,0.0,0.0,2026-06-05 00:00:00+00:00,branded_suitability,True,
M1-P058-CH-R2,B004,RestNest,False,False,False,False,False,,0.0,0.0,0.0,2026-06-05 00:00:00+00:00,branded_suitability,True,
M1-P058-CH-R2,B003,ArcticLoom,False,False,False,False,False,,0.0,0.0,0.0,2026-06-05 00:00:00+00:00,branded_suitability,True,
M1-P058-SE-R1,B005,Eucalune,True,False,False,False,False,4.0,0.0,0.0,0.0,2026-06-05 00:00:00+00:00,branded_suitability,True,
M1-P058-SE-R1,B001,AsterVale,True,True,False,False,False,1.0,1.0,1.0,1.0,2026-06-05 00:00:00+00:00,branded_suitability,True,
M1-P058-SE-R1,B004,RestNest,False,False,False,False,False,,0.0,0.0,0.0,2026-06-05 00:00:00+00:00,branded_suitability,True,
M1-P058-SE-R1,B003,ArcticLoom,True,True,True,False,False,2.0,0.0,0.0,0.0,2026-06-05 00:00:00+00:00,branded_suitability,True,
M1-P058-SE-R1,B002,Serein Sleep,True,True,False,False,False,3.0,0.0,0.0,0.0,2026-06-05 00:00:00+00:00,branded_suitability,True,
M1-P058-SE-R2,B001,AsterVale,True,True,False,False,False,1.0,1.0,0.0,1.0,2026-06-06 00:00:00+00:00,branded_suitability,True,
M1-P058-SE-R2,B002,Serein Sleep,False,False,False,False,False,,0.0,0.0,0.0,2026-06-06 00:00:00+00:00,branded_suitability,True,
M1-P058-SE-R2,B004,RestNest,False,False,False,False,False,,0.0,0.0,0.0,2026-06-06 00:00:00+00:00,branded_suitability,True,
M1-P058-SE-R2,B005,Eucalune,True,True,False,False,False,2.0,0.0,0.0,0.0,2026-06-06 00:00:00+00:00,branded_suitability,True,
M1-P058-SE-R2,B003,ArcticLoom,True,True,True,False,False,3.0,0.0,0.0,0.0,2026-06-06 00:00:00+00:00,branded_suitability,True,
M1-P059-AN-R2,B005,Eucalune,True,True,False,False,False,2.0,0.0,0.0,0.0,2026-06-08 00:00:00+00:00,branded_suitability,True,
M1-P059-AN-R2,B003,ArcticLoom,False,False,False,False,False,,0.0,0.0,0.0,2026-06-08 00:00:00+00:00,branded_suitability,True,
M1-P059-AN-R2,B004,RestNest,False,False,False,False,False,,0.0,0.0,0.0,2026-06-08 00:00:00+00:00,branded_suitability,True,
M1-P059-AN-R2,B001,AsterVale,True,True,False,False,False,1.0,0.0,0.0,1.0,2026-06-08 00:00:00+00:00,branded_suitability,True,
M1-P059-AN-R2,B002,Serein Sleep,True,True,False,False,False,3.0,0.0,0.0,0.0,2026-06-08 00:00:00+00:00,branded_suitability,True,
M1-P059-CH-R1,B001,AsterVale,True,True,False,False,False,1.0,1.0,1.0,0.0,2026-06-05 00:00:00+00:00,branded_suitability,True,
M1-P059-CH-R1,B003,ArcticLoom,False,False,False,False,False,,0.0,0.0,0.0,2026-06-05 00:00:00+00:00,branded_suitability,True,
M1-P059-CH-R1,B004,RestNest,False,False,False,False,False,,0.0,0.0,0.0,2026-06-05 00:00:00+00:00,branded_suitability,True,
M1-P059-CH-R1,B002,Serein Sleep,False,False,False,False,False,,0.0,0.0,0.0,2026-06-05 00:00:00+00:00,branded_suitability,True,
M1-P059-CH-R1,B005,Eucalune,False,False,False,False,False,,0.0,0.0,0.0,2026-06-05 00:00:00+00:00,branded_suitability,True,
M1-P059-CH-R2,B003,ArcticLoom,True,True,True,True,False,1.0,0.0,0.0,0.0,2026-06-06 00:00:00+00:00,branded_suitability,True,
M1-P059-CH-R2,B004,RestNest,False,False,False,False,False,,0.0,0.0,0.0,2026-06-06 00:00:00+00:00,branded_suitability,True,
M1-P059-CH-R2,B005,Eucalune,False,False,False,False,False,,0.0,0.0,0.0,2026-06-06 00:00:00+00:00,branded_suitability,True,
M1-P059-CH-R2,B001,AsterVale,True,True,False,False,False,2.0,0.0,1.0,1.0,2026-06-06 00:00:00+00:00,branded_suitability,True,
M1-P059-CH-R2,B002,Serein Sleep,True,True,False,False,False,3.0,0.0,0.0,0.0,2026-06-06 00:00:00+00:00,branded_suitability,True,
M1-P059-SE-R1,B004,RestNest,False,False,False,False,False,,0.0,0.0,0.0,2026-06-06 00:00:00+00:00,branded_suitability,True,
M1-P059-SE-R1,B003,ArcticLoom,False,False,False,False,False,,0.0,0.0,0.0,2026-06-06 00:00:00+00:00,branded_suitability,True,
M1-P059-SE-R1,B005,Eucalune,False,False,False,False,False,,0.0,0.0,0.0,2026-06-06 00:00:00+00:00,branded_suitability,True,
M1-P059-SE-R1,B001,AsterVale,True,True,False,False,False,1.0,1.0,0.0,0.0,2026-06-06 00:00:00+00:00,branded_suitability,True,
M1-P059-SE-R1,B002,Serein Sleep,False,False,False,False,False,,0.0,0.0,0.0,2026-06-06 00:00:00+00:00,branded_suitability,True,
M1-P059-SE-R2,B005,Eucalune,False,False,False,False,False,,0.0,0.0,0.0,2026-06-07 00:00:00+00:00,branded_suitability,True,
M1-P059-SE-R2,B004,RestNest,False,False,False,False,False,,0.0,0.0,0.0,2026-06-07 00:00:00+00:00,branded_suitability,True,
M1-P059-SE-R2,B001,AsterVale,True,True,False,False,False,1.0,1.0,0.0,0.0,2026-06-07 00:00:00+00:00,branded_suitability,True,
M1-P059-SE-R2,B002,Serein Sleep,False,False,False,False,False,,0.0,0.0,0.0,2026-06-07 00:00:00+00:00,branded_suitability,True,
M1-P059-SE-R2,B003,ArcticLoom,True,True,False,False,False,2.0,0.0,0.0,0.0,2026-06-07 00:00:00+00:00,branded_suitability,True,
M1-P060-AN-R2,B005,Eucalune,True,True,False,False,False,3.0,0.0,0.0,0.0,2026-06-02 00:00:00+00:00,branded_suitability,True,
M1-P060-AN-R2,B004,RestNest,True,False,False,False,False,4.0,0.0,0.0,0.0,2026-06-02 00:00:00+00:00,branded_suitability,True,
M1-P060-AN-R2,B003,ArcticLoom,False,False,False,False,False,,0.0,0.0,0.0,2026-06-02 00:00:00+00:00,branded_suitability,True,
M1-P060-AN-R2,B002,Serein Sleep,True,True,False,False,False,2.0,0.0,0.0,0.0,2026-06-02 00:00:00+00:00,branded_suitability,True,
M1-P060-AN-R2,B001,AsterVale,True,True,True,True,False,1.0,0.0,1.0,0.0,2026-06-02 00:00:00+00:00,branded_suitability,True,
M1-P060-CH-R1,B001,AsterVale,True,True,False,False,False,1.0,1.0,0.0,0.0,2026-06-06 00:00:00+00:00,branded_suitability,True,
M1-P060-CH-R1,B002,Serein Sleep,False,False,False,False,False,,0.0,0.0,0.0,2026-06-06 00:00:00+00:00,branded_suitability,True,
M1-P060-CH-R1,B005,Eucalune,False,False,False,False,False,,0.0,0.0,0.0,2026-06-06 00:00:00+00:00,branded_suitability,True,
M1-P060-CH-R1,B004,RestNest,False,False,False,False,False,,0.0,0.0,0.0,2026-06-06 00:00:00+00:00,branded_suitability,True,
M1-P060-CH-R1,B003,ArcticLoom,True,True,False,False,False,2.0,0.0,0.0,0.0,2026-06-06 00:00:00+00:00,branded_suitability,True,
M1-P060-CH-R2,B002,Serein Sleep,False,False,False,False,False,,0.0,0.0,0.0,2026-06-07 00:00:00+00:00,branded_suitability,True,
M1-P060-CH-R2,B001,AsterVale,True,True,True,False,False,2.0,1.0,0.0,1.0,2026-06-07 00:00:00+00:00,branded_suitability,True,
M1-P060-CH-R2,B003,ArcticLoom,True,True,False,False,False,3.0,0.0,0.0,0.0,2026-06-07 00:00:00+00:00,branded_suitability,True,
M1-P060-CH-R2,B005,Eucalune,True,True,True,True,False,1.0,0.0,0.0,0.0,2026-06-07 00:00:00+00:00,branded_suitability,True,
M1-P060-CH-R2,B004,RestNest,False,False,False,False,False,,0.0,0.0,0.0,2026-06-07 00:00:00+00:00,branded_suitability,True,
M1-P060-SE-R1,B001,AsterVale,True,True,False,False,False,1.0,1.0,1.0,1.0,2026-06-07 00:00:00+00:00,branded_suitability,True,
M1-P060-SE-R1,B005,Eucalune,False,False,False,False,False,,0.0,0.0,0.0,2026-06-07 00:00:00+00:00,branded_suitability,True,
M1-P060-SE-R1,B003,ArcticLoom,False,False,False,False,False,,0.0,0.0,0.0,2026-06-07 00:00:00+00:00,branded_suitability,True,
M1-P060-SE-R1,B002,Serein Sleep,False,False,False,False,False,,0.0,0.0,0.0,2026-06-07 00:00:00+00:00,branded_suitability,True,
M1-P060-SE-R1,B004,RestNest,False,False,False,False,False,,0.0,0.0,0.0,2026-06-07 00:00:00+00:00,branded_suitability,True,
M1-P060-SE-R2,B001,AsterVale,True,True,True,True,False,1.0,1.0,0.0,0.0,2026-06-08 00:00:00+00:00,branded_suitability,True,
M1-P060-SE-R2,B004,RestNest,True,True,False,False,False,3.0,0.0,0.0,0.0,2026-06-08 00:00:00+00:00,branded_suitability,True,
M1-P060-SE-R2,B005,Eucalune,True,True,False,False,False,2.0,0.0,0.0,0.0,2026-06-08 00:00:00+00:00,branded_suitability,True,
M1-P060-SE-R2,B003,ArcticLoom,False,False,False,False,False,,0.0,0.0,0.0,2026-06-08 00:00:00+00:00,branded_suitability,True,
M1-P060-SE-R2,B002,Serein Sleep,False,False,False,False,False,,0.0,0.0,0.0,2026-06-08 00:00:00+00:00,branded_suitability,True,
M1-P061-AN-R1,B003,ArcticLoom,False,False,False,False,False,,0.0,0.0,0.0,2026-06-02 00:00:00+00:00,branded_trust,True,
M1-P061-AN-R1,B001,AsterVale,True,True,False,False,False,3.0,1.0,1.0,1.0,2026-06-02 00:00:00+00:00,branded_trust,True,
M1-P061-AN-R1,B002,Serein Sleep,True,True,False,False,False,1.0,0.0,0.0,0.0,2026-06-02 00:00:00+00:00,branded_trust,True,
M1-P061-AN-R1,B004,RestNest,False,False,False,False,False,,0.0,0.0,0.0,2026-06-02 00:00:00+00:00,branded_trust,True,
M1-P061-AN-R1,B005,Eucalune,True,True,True,False,False,2.0,0.0,0.0,0.0,2026-06-02 00:00:00+00:00,branded_trust,True,
M1-P061-AN-R2,B005,Eucalune,False,False,False,False,False,,0.0,0.0,0.0,2026-06-03 00:00:00+00:00,branded_trust,True,
M1-P061-AN-R2,B001,AsterVale,True,True,False,False,False,1.0,0.0,1.0,1.0,2026-06-03 00:00:00+00:00,branded_trust,True,
M1-P061-AN-R2,B002,Serein Sleep,True,True,True,False,False,2.0,0.0,0.0,0.0,2026-06-03 00:00:00+00:00,branded_trust,True,
M1-P061-AN-R2,B003,ArcticLoom,False,False,False,False,False,,0.0,0.0,0.0,2026-06-03 00:00:00+00:00,branded_trust,True,
M1-P061-AN-R2,B004,RestNest,False,False,False,False,False,,0.0,0.0,0.0,2026-06-03 00:00:00+00:00,branded_trust,True,
M1-P061-CH-R2,B001,AsterVale,True,True,True,True,False,1.0,1.0,1.0,0.0,2026-06-08 00:00:00+00:00,branded_trust,True,
M1-P061-CH-R2,B004,RestNest,False,False,False,False,False,,0.0,0.0,0.0,2026-06-08 00:00:00+00:00,branded_trust,True,
M1-P061-CH-R2,B003,ArcticLoom,False,False,False,False,False,,0.0,0.0,0.0,2026-06-08 00:00:00+00:00,branded_trust,True,
M1-P061-CH-R2,B002,Serein Sleep,False,False,False,False,False,,0.0,0.0,0.0,2026-06-08 00:00:00+00:00,branded_trust,True,
M1-P061-CH-R2,B005,Eucalune,False,False,False,False,False,,0.0,0.0,0.0,2026-06-08 00:00:00+00:00,branded_trust,True,
M1-P061-SE-R1,B004,RestNest,False,False,False,False,False,,0.0,0.0,0.0,2026-06-08 00:00:00+00:00,branded_trust,True,
M1-P061-SE-R1,B003,ArcticLoom,False,False,False,False,False,,0.0,0.0,0.0,2026-06-08 00:00:00+00:00,branded_trust,True,
M1-P061-SE-R1,B005,Eucalune,False,False,False,False,False,,0.0,0.0,0.0,2026-06-08 00:00:00+00:00,branded_trust,True,
M1-P061-SE-R1,B001,AsterVale,True,True,True,False,False,1.0,0.0,1.0,0.0,2026-06-08 00:00:00+00:00,branded_trust,True,
M1-P061-SE-R1,B002,Serein Sleep,True,True,True,False,False,2.0,0.0,0.0,0.0,2026-06-08 00:00:00+00:00,branded_trust,True,
M1-P061-SE-R2,B004,RestNest,False,False,False,False,False,,0.0,0.0,0.0,2026-06-02 00:00:00+00:00,category_best,True,
M1-P061-SE-R2,B002,Serein Sleep,False,False,False,False,False,,0.0,0.0,0.0,2026-06-02 00:00:00+00:00,branded_trust,True,
M1-P061-SE-R2,B005,Eucalune,True,True,False,False,False,3.0,0.0,0.0,0.0,2026-06-02 00:00:00+00:00,branded_trust,True,
M1-P061-SE-R2,B003,ArcticLoom,True,True,False,False,False,2.0,0.0,0.0,0.0,2026-06-02 00:00:00+00:00,branded_trust,True,
M1-P061-SE-R2,B001,AsterVale,True,True,False,False,False,1.0,1.0,0.0,0.0,2026-06-02 00:00:00+00:00,branded_trust,True,
M1-P062-AN-R1,B001,AsterVale,True,True,False,False,False,2.0,1.0,1.0,1.0,2026-06-03 00:00:00+00:00,branded_trust,True,
M1-P062-AN-R1,B002,Serein Sleep,True,True,True,True,False,1.0,0.0,0.0,0.0,2026-06-03 00:00:00+00:00,branded_trust,True,
M1-P062-AN-R1,B004,RestNest,True,True,False,False,False,3.0,0.0,0.0,0.0,2026-06-03 00:00:00+00:00,branded_trust,True,
M1-P062-AN-R1,B005,Eucalune,False,False,False,False,False,,0.0,0.0,0.0,2026-06-03 00:00:00+00:00,branded_trust,True,
M1-P062-AN-R1,B003,ArcticLoom,False,False,False,False,False,,0.0,0.0,0.0,2026-06-03 00:00:00+00:00,branded_trust,True,
M1-P062-AN-R2,B002,Serein Sleep,False,False,False,False,False,,0.0,0.0,0.0,2026-06-04 00:00:00+00:00,branded_trust,True,
M1-P062-AN-R2,B005,Eucalune,True,True,True,False,False,2.0,0.0,0.0,0.0,2026-06-04 00:00:00+00:00,branded_trust,True,
M1-P062-AN-R2,B004,RestNest,True,False,False,False,False,4.0,0.0,0.0,0.0,2026-06-04 00:00:00+00:00,branded_trust,True,
M1-P062-AN-R2,B003,ArcticLoom,True,True,False,False,False,3.0,0.0,0.0,0.0,2026-06-04 00:00:00+00:00,branded_trust,True,
M1-P062-AN-R2,B001,AsterVale,True,True,False,False,False,1.0,1.0,0.0,0.0,2026-06-04 00:00:00+00:00,branded_trust,True,
M1-P062-CH-R1,B001,AsterVale,True,True,False,False,False,1.0,0.0,0.0,0.0,2026-06-08 00:00:00+00:00,branded_trust,True,
M1-P062-CH-R1,B003,ArcticLoom,True,True,False,False,False,2.0,0.0,0.0,0.0,2026-06-08 00:00:00+00:00,branded_trust,True,
M1-P062-CH-R1,B002,Serein Sleep,False,False,False,False,False,,0.0,0.0,0.0,2026-06-08 00:00:00+00:00,branded_trust,True,
M1-P062-CH-R1,B004,RestNest,False,False,False,False,False,,0.0,0.0,0.0,2026-06-08 00:00:00+00:00,branded_trust,True,
M1-P062-CH-R1,B005,Eucalune,True,True,False,False,False,3.0,0.0,0.0,0.0,2026-06-08 00:00:00+00:00,branded_trust,True,
M1-P062-CH-R2,B001,AsterVale,True,True,False,False,False,1.0,1.0,0.0,0.0,2026-06-02 00:00:00+00:00,branded_trust,True,
M1-P062-CH-R2,B002,Serein Sleep,False,False,False,False,False,,0.0,0.0,0.0,2026-06-02 00:00:00+00:00,branded_trust,True,
M1-P062-CH-R2,B005,Eucalune,False,False,False,False,False,,0.0,0.0,0.0,2026-06-02 00:00:00+00:00,branded_trust,True,
M1-P062-CH-R2,B003,ArcticLoom,False,False,False,False,False,,0.0,0.0,0.0,2026-06-02 00:00:00+00:00,branded_trust,True,
M1-P062-CH-R2,B004,RestNest,False,False,False,False,False,,0.0,0.0,0.0,2026-06-02 00:00:00+00:00,branded_trust,True,
M1-P062-SE-R1,B004,RestNest,False,False,False,False,False,,0.0,0.0,0.0,2026-06-02 00:00:00+00:00,branded_trust,True,
M1-P062-SE-R1,B001,AsterVale,True,True,False,False,False,1.0,0.0,0.0,0.0,2026-06-02 00:00:00+00:00,branded_trust,True,
M1-P062-SE-R1,B003,ArcticLoom,False,False,False,False,False,,0.0,0.0,0.0,2026-06-02 00:00:00+00:00,branded_trust,True,
M1-P062-SE-R1,B002,Serein Sleep,True,True,False,False,False,2.0,0.0,0.0,0.0,2026-06-02 00:00:00+00:00,branded_trust,True,
M1-P062-SE-R1,B005,Eucalune,False,False,False,False,False,,0.0,0.0,0.0,2026-06-02 00:00:00+00:00,branded_trust,True,
M1-P062-SE-R2,B004,RestNest,False,False,False,False,False,,0.0,0.0,0.0,2026-06-03 00:00:00+00:00,branded_trust,True,
M1-P062-SE-R2,B001,AsterVale,True,True,False,False,False,1.0,1.0,0.0,0.0,2026-06-03 00:00:00+00:00,branded_trust,True,
M1-P062-SE-R2,B002,Serein Sleep,False,False,False,False,False,,0.0,0.0,0.0,2026-06-03 00:00:00+00:00,branded_trust,True,
M1-P062-SE-R2,B003,ArcticLoom,False,False,False,False,False,,0.0,0.0,0.0,2026-06-03 00:00:00+00:00,branded_trust,True,
M1-P062-SE-R2,B005,Eucalune,False,False,False,False,False,,0.0,0.0,0.0,2026-06-03 00:00:00+00:00,branded_trust,True,
M1-P063-AN-R1,B004,RestNest,False,False,False,False,False,,0.0,0.0,0.0,2026-06-04 00:00:00+00:00,branded_trust,True,
M1-P063-AN-R1,B003,ArcticLoom,False,False,False,False,False,,0.0,0.0,0.0,2026-06-04 00:00:00+00:00,branded_trust,True,
M1-P063-AN-R1,B001,AsterVale,True,True,False,False,False,1.0,1.0,0.0,0.0,2026-06-04 00:00:00+00:00,branded_trust,True,
M1-P063-AN-R1,B002,Serein Sleep,False,False,False,False,False,,0.0,0.0,0.0,2026-06-04 00:00:00+00:00,branded_trust,True,
M1-P063-AN-R1,B005,Eucalune,True,True,False,False,False,2.0,0.0,0.0,0.0,2026-06-04 00:00:00+00:00,branded_trust,True,
M1-P063-AN-R2,B003,ArcticLoom,False,False,False,False,False,,0.0,0.0,0.0,2026-06-05 00:00:00+00:00,branded_trust,True,
M1-P063-AN-R2,B001,AsterVale,True,True,True,True,False,1.0,1.0,1.0,1.0,2026-06-05 00:00:00+00:00,branded_trust,True,
M1-P063-AN-R2,B004,RestNest,False,False,False,False,False,,0.0,0.0,0.0,2026-06-05 00:00:00+00:00,branded_trust,True,
M1-P063-AN-R2,B002,Serein Sleep,True,True,False,False,False,2.0,0.0,0.0,0.0,2026-06-05 00:00:00+00:00,branded_trust,True,
M1-P063-AN-R2,B005,Eucalune,False,False,False,False,False,,0.0,0.0,0.0,2026-06-05 00:00:00+00:00,branded_trust,True,
M1-P063-CH-R1,B004,RestNest,True,True,False,False,False,2.0,0.0,0.0,0.0,2026-06-02 00:00:00+00:00,branded_trust,True,
M1-P063-CH-R1,B003,ArcticLoom,True,True,False,False,False,3.0,0.0,0.0,0.0,2026-06-02 00:00:00+00:00,branded_trust,True,
M1-P063-CH-R1,B001,AsterVale,True,True,True,True,False,1.0,0.0,0.0,1.0,2026-06-02 00:00:00+00:00,branded_trust,True,
M1-P063-CH-R1,B005,Eucalune,False,False,False,False,False,,0.0,0.0,0.0,2026-06-02 00:00:00+00:00,branded_trust,True,
M1-P063-CH-R1,B002,Serein Sleep,False,False,False,False,False,,0.0,0.0,0.0,2026-06-02 00:00:00+00:00,branded_trust,True,
M1-P063-CH-R2,B004,RestNest,False,False,False,False,False,,0.0,0.0,0.0,2026-06-03 00:00:00+00:00,branded_trust,True,
M1-P063-CH-R2,B003,ArcticLoom,True,True,True,True,False,1.0,0.0,0.0,0.0,2026-06-03 00:00:00+00:00,branded_trust,True,
M1-P063-CH-R2,B005,Eucalune,False,False,False,False,False,,0.0,0.0,0.0,2026-06-03 00:00:00+00:00,branded_trust,True,
M1-P063-CH-R2,B001,AsterVale,True,True,False,False,False,2.0,0.0,0.0,0.0,2026-06-03 00:00:00+00:00,branded_trust,True,
M1-P063-CH-R2,B002,Serein Sleep,False,False,False,False,False,,0.0,0.0,0.0,2026-06-03 00:00:00+00:00,branded_trust,True,
M1-P063-SE-R1,B005,Eucalune,True,False,False,False,False,4.0,0.0,0.0,0.0,2026-06-03 00:00:00+00:00,branded_trust,True,
M1-P063-SE-R1,B002,Serein Sleep,True,True,True,False,False,1.0,0.0,0.0,0.0,2026-06-03 00:00:00+00:00,branded_trust,True,
M1-P063-SE-R1,B003,ArcticLoom,True,True,False,False,False,3.0,0.0,0.0,0.0,2026-06-03 00:00:00+00:00,branded_trust,True,
M1-P063-SE-R1,B004,RestNest,False,False,False,False,False,,0.0,0.0,0.0,2026-06-03 00:00:00+00:00,branded_trust,True,
M1-P063-SE-R1,B001,AsterVale,True,True,True,False,False,2.0,1.0,1.0,1.0,2026-06-03 00:00:00+00:00,branded_trust,True,
M1-P063-SE-R2,B003,ArcticLoom,False,False,False,False,False,,0.0,0.0,0.0,2026-06-04 00:00:00+00:00,branded_trust,True,
M1-P063-SE-R2,B002,Serein Sleep,False,False,False,False,False,,0.0,0.0,0.0,2026-06-04 00:00:00+00:00,branded_trust,True,
M1-P063-SE-R2,B005,Eucalune,False,False,False,False,False,,0.0,0.0,0.0,2026-06-04 00:00:00+00:00,branded_trust,True,
M1-P063-SE-R2,B001,AsterVale,True,True,True,True,False,1.0,0.0,0.0,0.0,2026-06-04 00:00:00+00:00,branded_trust,True,
M1-P063-SE-R2,B004,RestNest,True,True,False,False,False,2.0,0.0,0.0,0.0,2026-06-04 00:00:00+00:00,branded_trust,True,
M1-P064-AN-R1,B001,AsterVale,True,True,False,False,False,1.0,1.0,1.0,1.0,2026-06-05 00:00:00+00:00,branded_trust,True,
M1-P064-AN-R1,B004,RestNest,False,False,False,False,False,,0.0,0.0,0.0,2026-06-05 00:00:00+00:00,branded_trust,True,
M1-P064-AN-R1,B003,ArcticLoom,False,False,False,False,False,,0.0,0.0,0.0,2026-06-05 00:00:00+00:00,branded_trust,True,
M1-P064-AN-R1,B005,Eucalune,True,True,False,False,False,2.0,0.0,0.0,0.0,2026-06-05 00:00:00+00:00,branded_trust,True,
M1-P064-AN-R1,B002,Serein Sleep,True,True,False,False,False,3.0,0.0,0.0,0.0,2026-06-05 00:00:00+00:00,branded_trust,True,
M1-P064-AN-R2,B005,Eucalune,False,False,False,False,False,,0.0,0.0,0.0,2026-06-06 00:00:00+00:00,branded_trust,True,
M1-P064-AN-R2,B001,AsterVale,True,True,False,False,False,1.0,1.0,1.0,0.0,2026-06-06 00:00:00+00:00,branded_trust,True,
M1-P064-AN-R2,B004,RestNest,True,True,False,False,False,2.0,0.0,0.0,0.0,2026-06-06 00:00:00+00:00,branded_trust,True,
M1-P064-AN-R2,B003,ArcticLoom,False,False,False,False,False,,0.0,0.0,0.0,2026-06-06 00:00:00+00:00,branded_trust,True,
M1-P064-AN-R2,B002,Serein Sleep,False,False,False,False,False,,0.0,0.0,0.0,2026-06-06 00:00:00+00:00,category_best,True,
M1-P064-CH-R1,B002,Serein Sleep,True,True,False,False,False,2.0,0.0,0.0,0.0,2026-06-03 00:00:00+00:00,branded_trust,True,
M1-P064-CH-R1,B005,Eucalune,False,False,False,False,False,,0.0,0.0,0.0,2026-06-03 00:00:00+00:00,branded_trust,True,
M1-P064-CH-R1,B001,AsterVale,True,True,False,False,False,1.0,1.0,0.0,0.0,2026-06-03 00:00:00+00:00,branded_trust,True,
M1-P064-CH-R1,B003,ArcticLoom,False,False,False,False,False,,0.0,0.0,0.0,2026-06-03 00:00:00+00:00,branded_trust,True,
M1-P064-CH-R1,B004,RestNest,False,False,False,False,False,,0.0,0.0,0.0,2026-06-03 00:00:00+00:00,branded_trust,True,
M1-P064-CH-R2,B003,ArcticLoom,True,True,False,False,False,2.0,0.0,0.0,0.0,2026-06-04 00:00:00+00:00,branded_trust,True,
M1-P064-CH-R2,B004,RestNest,False,False,False,False,False,,0.0,0.0,0.0,2026-06-04 00:00:00+00:00,branded_trust,True,
M1-P064-CH-R2,B002,Serein Sleep,False,False,False,False,False,,0.0,0.0,0.0,2026-06-04 00:00:00+00:00,branded_trust,True,
M1-P064-CH-R2,B001,AsterVale,True,True,False,False,False,1.0,1.0,0.0,0.0,2026-06-04 00:00:00+00:00,branded_trust,True,
M1-P064-CH-R2,B005,Eucalune,True,True,False,False,False,3.0,0.0,0.0,0.0,2026-06-04 00:00:00+00:00,branded_trust,True,
M1-P064-SE-R1,B003,ArcticLoom,False,False,False,False,False,,0.0,0.0,0.0,2026-06-04 00:00:00+00:00,branded_trust,True,
M1-P064-SE-R1,B001,AsterVale,True,True,False,False,False,1.0,1.0,1.0,0.0,2026-06-04 00:00:00+00:00,branded_trust,True,
M1-P064-SE-R1,B005,Eucalune,True,True,False,False,False,2.0,0.0,0.0,0.0,2026-06-04 00:00:00+00:00,branded_trust,True,
M1-P064-SE-R1,B004,RestNest,True,False,False,False,False,4.0,0.0,0.0,0.0,2026-06-04 00:00:00+00:00,branded_trust,True,
M1-P064-SE-R1,B002,Serein Sleep,True,True,False,False,False,3.0,0.0,0.0,0.0,2026-06-04 00:00:00+00:00,branded_trust,True,
M1-P064-SE-R2,B005,Eucalune,False,False,False,False,False,,0.0,0.0,0.0,2026-06-05 00:00:00+00:00,branded_trust,True,
M1-P064-SE-R2,B001,AsterVale,True,True,True,True,False,1.0,1.0,0.0,0.0,2026-06-05 00:00:00+00:00,branded_trust,True,
M1-P064-SE-R2,B004,RestNest,False,False,False,False,False,,0.0,0.0,0.0,2026-06-05 00:00:00+00:00,branded_trust,True,
M1-P064-SE-R2,B002,Serein Sleep,True,True,False,False,False,2.0,0.0,0.0,0.0,2026-06-05 00:00:00+00:00,branded_trust,True,
M1-P064-SE-R2,B003,ArcticLoom,False,False,False,False,False,,0.0,0.0,0.0,2026-06-05 00:00:00+00:00,branded_trust,True,
M2-P001-AN-R1,B003,ArcticLoom,True,True,True,True,False,1.0,0.0,0.0,0.0,2026-07-05 00:00:00+00:00,category_best,True,
M2-P001-AN-R1,B005,Eucalune,True,True,False,False,False,3.0,0.0,0.0,0.0,2026-07-05 00:00:00+00:00,category_best,True,
M2-P001-AN-R1,B001,AsterVale,True,True,True,False,False,2.0,0.0,0.0,0.0,2026-07-05 00:00:00+00:00,category_best,True,
M2-P001-AN-R1,B002,Serein Sleep,False,False,False,False,False,,0.0,0.0,0.0,2026-07-05 00:00:00+00:00,category_best,True,
M2-P001-AN-R1,B004,RestNest,False,False,False,False,False,,0.0,0.0,0.0,2026-07-05 00:00:00+00:00,category_best,True,
M2-P001-AN-R2,B002,Serein Sleep,True,True,False,False,False,1.0,0.0,0.0,0.0,2026-07-06 00:00:00+00:00,category_best,True,
M2-P001-AN-R2,B004,RestNest,True,False,False,False,False,4.0,0.0,0.0,0.0,2026-07-06 00:00:00+00:00,category_best,True,
M2-P001-AN-R2,B005,Eucalune,True,True,False,False,False,3.0,0.0,0.0,0.0,2026-07-06 00:00:00+00:00,category_best,True,
M2-P001-AN-R2,B001,AsterVale,False,False,False,False,False,,0.0,0.0,0.0,2026-07-06 00:00:00+00:00,category_best,True,
M2-P001-AN-R2,B003,ArcticLoom,True,True,False,False,False,2.0,0.0,0.0,0.0,2026-07-06 00:00:00+00:00,category_best,True,
M2-P001-CH-R1,B005,Eucalune,True,True,True,True,False,1.0,0.0,0.0,0.0,2026-07-03 00:00:00+00:00,category_best,True,
M2-P001-CH-R1,B004,RestNest,True,True,False,False,False,3.0,0.0,0.0,0.0,2026-07-03 00:00:00+00:00,category_best,True,
M2-P001-CH-R1,B002,Serein Sleep,False,False,False,False,False,,0.0,0.0,0.0,2026-07-03 00:00:00+00:00,category_best,True,
M2-P001-CH-R1,B003,ArcticLoom,True,True,True,False,False,2.0,0.0,0.0,0.0,2026-07-03 00:00:00+00:00,category_best,True,
M2-P001-CH-R1,B001,AsterVale,True,False,False,False,False,4.0,0.0,0.0,0.0,2026-07-03 00:00:00+00:00,category_best,True,
M2-P001-CH-R2,B004,RestNest,True,True,False,False,False,2.0,0.0,0.0,0.0,2026-07-04 00:00:00+00:00,category_best,True,
M2-P001-CH-R2,B005,Eucalune,True,True,True,True,False,1.0,0.0,0.0,0.0,2026-07-04 00:00:00+00:00,category_best,True,
M2-P001-CH-R2,B001,AsterVale,False,False,False,False,False,,0.0,0.0,0.0,2026-07-04 00:00:00+00:00,category_best,True,
M2-P001-CH-R2,B003,ArcticLoom,False,False,False,False,False,,0.0,0.0,0.0,2026-07-04 00:00:00+00:00,category_best,True,
M2-P001-CH-R2,B002,Serein Sleep,True,True,False,False,False,3.0,0.0,0.0,0.0,2026-07-04 00:00:00+00:00,category_best,True,
M2-P001-SE-R1,B003,ArcticLoom,True,True,False,False,False,2.0,0.0,0.0,0.0,2026-07-04 00:00:00+00:00,category_best,True,
M2-P001-SE-R1,B001,AsterVale,False,False,False,False,False,,0.0,0.0,0.0,2026-07-04 00:00:00+00:00,category_best,True,
M2-P001-SE-R1,B005,Eucalune,False,False,False,False,False,,0.0,0.0,0.0,2026-07-04 00:00:00+00:00,category_best,True,
M2-P001-SE-R1,B004,RestNest,True,True,False,False,False,3.0,0.0,0.0,0.0,2026-07-04 00:00:00+00:00,category_best,True,
M2-P001-SE-R1,B002,Serein Sleep,True,True,True,True,False,1.0,0.0,0.0,0.0,2026-07-04 00:00:00+00:00,category_best,True,
M2-P001-SE-R2,B002,Serein Sleep,True,True,False,False,False,2.0,0.0,0.0,0.0,2026-07-05 00:00:00+00:00,category_best,True,
M2-P001-SE-R2,B005,Eucalune,True,True,False,False,False,3.0,0.0,0.0,0.0,2026-07-05 00:00:00+00:00,category_best,True,
M2-P001-SE-R2,B004,RestNest,False,False,False,False,False,,0.0,0.0,0.0,2026-07-05 00:00:00+00:00,purchase_decision,True,
M2-P001-SE-R2,B003,ArcticLoom,True,True,True,False,False,1.0,0.0,0.0,0.0,2026-07-05 00:00:00+00:00,category_best,True,
M2-P001-SE-R2,B001,AsterVale,False,False,False,False,False,,0.0,0.0,0.0,2026-07-05 00:00:00+00:00,category_best,True,
M2-P002-AN-R1,B001,AsterVale,True,True,False,False,False,2.0,0.0,0.0,0.0,2026-07-06 00:00:00+00:00,category_best,True,
M2-P002-AN-R1,B004,RestNest,True,False,False,False,False,3.0,0.0,0.0,0.0,2026-07-06 00:00:00+00:00,category_best,True,
M2-P002-AN-R1,B002,Serein Sleep,True,True,True,True,False,1.0,0.0,0.0,0.0,2026-07-06 00:00:00+00:00,category_best,True,
M2-P002-AN-R1,B003,ArcticLoom,False,False,False,False,False,,0.0,0.0,0.0,2026-07-06 00:00:00+00:00,category_best,True,
M2-P002-AN-R1,B005,Eucalune,False,False,False,False,False,,0.0,0.0,0.0,2026-07-06 00:00:00+00:00,category_best,True,
M2-P002-AN-R2,B005,Eucalune,False,False,False,False,False,,0.0,0.0,0.0,2026-07-07 00:00:00+00:00,category_best,True,
M2-P002-AN-R2,B002,Serein Sleep,True,True,True,True,False,1.0,0.0,0.0,0.0,2026-07-07 00:00:00+00:00,category_best,True,
M2-P002-AN-R2,B001,AsterVale,False,False,False,False,False,,0.0,0.0,0.0,2026-07-07 00:00:00+00:00,category_best,True,
M2-P002-AN-R2,B004,RestNest,True,True,False,False,False,2.0,0.0,0.0,0.0,2026-07-07 00:00:00+00:00,category_best,True,
M2-P002-AN-R2,B003,ArcticLoom,False,False,False,False,False,,0.0,0.0,0.0,2026-07-07 00:00:00+00:00,category_best,True,
M2-P002-CH-R1,B005,Eucalune,False,False,False,False,False,,0.0,0.0,0.0,2026-07-04 00:00:00+00:00,category_best,True,
M2-P002-CH-R1,B001,AsterVale,False,False,False,False,False,,0.0,0.0,0.0,2026-07-04 00:00:00+00:00,category_best,True,
M2-P002-CH-R1,B003,ArcticLoom,False,False,False,False,False,,0.0,0.0,0.0,2026-07-04 00:00:00+00:00,category_best,True,
M2-P002-CH-R1,B002,Serein Sleep,True,True,True,True,False,1.0,0.0,0.0,0.0,2026-07-04 00:00:00+00:00,category_best,True,
M2-P002-CH-R1,B004,RestNest,True,True,False,False,False,2.0,0.0,0.0,0.0,2026-07-04 00:00:00+00:00,category_best,True,
M2-P002-CH-R2,B005,Eucalune,True,True,False,False,False,3.0,0.0,0.0,0.0,2026-07-05 00:00:00+00:00,category_best,True,
M2-P002-CH-R2,B001,AsterVale,False,False,False,False,False,,0.0,0.0,0.0,2026-07-05 00:00:00+00:00,category_best,True,
M2-P002-CH-R2,B002,Serein Sleep,True,True,False,False,False,1.0,0.0,0.0,0.0,2026-07-05 00:00:00+00:00,category_best,True,
M2-P002-CH-R2,B003,ArcticLoom,False,False,False,False,False,,0.0,0.0,0.0,2026-07-05 00:00:00+00:00,category_best,True,
M2-P002-CH-R2,B004,RestNest,True,True,True,False,False,2.0,0.0,0.0,0.0,2026-07-05 00:00:00+00:00,category_best,True,
M2-P003-AN-R1,B003,ArcticLoom,True,True,False,False,False,3.0,0.0,0.0,0.0,2026-07-07 00:00:00+00:00,category_best,True,
M2-P003-AN-R1,B005,Eucalune,False,False,False,False,False,,0.0,0.0,0.0,2026-07-07 00:00:00+00:00,category_best,True,
M2-P003-AN-R1,B002,Serein Sleep,True,True,False,False,False,2.0,0.0,0.0,0.0,2026-07-07 00:00:00+00:00,category_best,True,
M2-P003-AN-R1,B001,AsterVale,False,False,False,False,False,,0.0,0.0,0.0,2026-07-07 00:00:00+00:00,category_best,True,
M2-P003-AN-R1,B004,RestNest,True,True,True,True,False,1.0,0.0,0.0,0.0,2026-07-07 00:00:00+00:00,category_best,True,
M2-P003-AN-R2,B004,RestNest,False,False,False,False,False,,0.0,0.0,0.0,2026-07-08 00:00:00+00:00,category_best,True,
M2-P003-AN-R2,B002,Serein Sleep,False,False,False,False,False,,0.0,0.0,0.0,2026-07-08 00:00:00+00:00,category_best,True,
M2-P003-AN-R2,B005,Eucalune,True,True,False,False,False,1.0,0.0,0.0,0.0,2026-07-08 00:00:00+00:00,category_best,True,
M2-P003-AN-R2,B001,AsterVale,False,False,False,False,False,,0.0,0.0,0.0,2026-07-08 00:00:00+00:00,category_best,True,
M2-P003-AN-R2,B003,ArcticLoom,True,True,False,False,False,2.0,0.0,0.0,0.0,2026-07-08 00:00:00+00:00,category_best,True,
M2-P003-CH-R1,B005,Eucalune,True,True,True,False,False,2.0,0.0,0.0,0.0,2026-07-05 00:00:00+00:00,category_best,True,
M2-P003-CH-R1,B001,AsterVale,True,True,False,False,False,3.0,0.0,0.0,0.0,2026-07-05 00:00:00+00:00,category_best,True,
M2-P003-CH-R1,B004,RestNest,False,False,False,False,False,,0.0,0.0,0.0,2026-07-05 00:00:00+00:00,category_best,True,
M2-P003-CH-R1,B002,Serein Sleep,False,False,False,False,False,,0.0,0.0,0.0,2026-07-05 00:00:00+00:00,category_best,True,
M2-P003-CH-R1,B003,ArcticLoom,True,True,False,False,False,1.0,0.0,0.0,0.0,2026-07-05 00:00:00+00:00,category_best,True,
M2-P003-CH-R2,B003,ArcticLoom,True,True,True,True,False,1.0,0.0,0.0,0.0,2026-07-06 00:00:00+00:00,category_best,True,
M2-P003-CH-R2,B002,Serein Sleep,False,False,False,False,False,,0.0,0.0,0.0,2026-07-06 00:00:00+00:00,category_best,True,
M2-P003-CH-R2,B005,Eucalune,True,True,False,False,False,2.0,0.0,0.0,0.0,2026-07-06 00:00:00+00:00,category_best,True,
M2-P003-CH-R2,B001,AsterVale,True,False,False,False,False,4.0,0.0,0.0,0.0,2026-07-06 00:00:00+00:00,category_best,True,
M2-P003-CH-R2,B004,RestNest,True,True,False,False,False,3.0,0.0,0.0,0.0,2026-07-06 00:00:00+00:00,category_best,True,
M2-P003-SE-R1,B004,RestNest,False,False,False,False,False,,0.0,0.0,0.0,2026-07-06 00:00:00+00:00,category_best,True,
M2-P003-SE-R1,B002,Serein Sleep,True,True,False,False,False,2.0,0.0,0.0,0.0,2026-07-06 00:00:00+00:00,category_best,True,
M2-P003-SE-R1,B003,ArcticLoom,True,True,False,False,False,1.0,0.0,0.0,0.0,2026-07-06 00:00:00+00:00,category_best,True,
M2-P003-SE-R1,B005,Eucalune,False,False,False,False,False,,0.0,0.0,0.0,2026-07-06 00:00:00+00:00,category_best,True,
M2-P003-SE-R1,B001,AsterVale,False,False,False,False,False,,0.0,0.0,0.0,2026-07-06 00:00:00+00:00,category_best,True,
M2-P003-SE-R2,B005,Eucalune,False,False,False,False,False,,0.0,0.0,0.0,2026-07-07 00:00:00+00:00,category_best,True,
M2-P003-SE-R2,B001,AsterVale,False,False,False,False,False,,0.0,0.0,0.0,2026-07-07 00:00:00+00:00,category_best,True,
M2-P003-SE-R2,B002,Serein Sleep,True,True,True,True,False,1.0,0.0,0.0,0.0,2026-07-07 00:00:00+00:00,category_best,True,
M2-P003-SE-R2,B004,RestNest,True,True,False,False,False,3.0,0.0,0.0,0.0,2026-07-07 00:00:00+00:00,category_best,True,
M2-P003-SE-R2,B003,ArcticLoom,True,True,False,False,False,2.0,0.0,0.0,0.0,2026-07-07 00:00:00+00:00,category_best,True,
M2-P004-AN-R1,B004,RestNest,True,True,False,False,False,3.0,0.0,0.0,0.0,2026-07-08 00:00:00+00:00,category_best,True,
M2-P004-AN-R1,B003,ArcticLoom,True,True,False,False,False,1.0,0.0,0.0,0.0,2026-07-08 00:00:00+00:00,category_best,True,
M2-P004-AN-R1,B005,Eucalune,True,True,False,False,False,2.0,0.0,0.0,0.0,2026-07-08 00:00:00+00:00,category_best,True,
M2-P004-AN-R1,B002,Serein Sleep,False,False,False,False,False,,0.0,0.0,0.0,2026-07-08 00:00:00+00:00,category_best,True,
M2-P004-AN-R1,B001,AsterVale,False,False,False,False,False,,0.0,0.0,0.0,2026-07-08 00:00:00+00:00,category_best,True,
M2-P004-AN-R2,B001,AsterVale,False,False,False,False,False,,0.0,0.0,0.0,2026-07-02 00:00:00+00:00,category_best,True,
M2-P004-AN-R2,B003,ArcticLoom,True,True,True,False,False,2.0,0.0,0.0,0.0,2026-07-02 00:00:00+00:00,category_best,True,
M2-P004-AN-R2,B002,Serein Sleep,True,True,True,False,False,1.0,0.0,0.0,0.0,2026-07-02 00:00:00+00:00,category_best,True,
M2-P004-AN-R2,B005,Eucalune,False,False,False,False,False,,0.0,0.0,0.0,2026-07-02 00:00:00+00:00,category_best,True,
M2-P004-AN-R2,B004,RestNest,True,True,False,False,False,3.0,0.0,0.0,0.0,2026-07-02 00:00:00+00:00,category_best,True,
M2-P004-CH-R1,B003,ArcticLoom,True,True,True,False,False,1.0,0.0,0.0,0.0,2026-07-06 00:00:00+00:00,category_best,True,
M2-P004-CH-R1,B001,AsterVale,True,True,False,False,False,2.0,0.0,0.0,0.0,2026-07-06 00:00:00+00:00,category_best,True,
M2-P004-CH-R1,B005,Eucalune,True,True,False,False,False,3.0,0.0,0.0,0.0,2026-07-06 00:00:00+00:00,category_best,True,
M2-P004-CH-R1,B004,RestNest,True,False,False,False,False,4.0,0.0,0.0,0.0,2026-07-06 00:00:00+00:00,category_best,True,
M2-P004-CH-R1,B002,Serein Sleep,False,False,False,False,False,,0.0,0.0,0.0,2026-07-06 00:00:00+00:00,category_best,True,
M2-P004-CH-R2,B004,RestNest,True,False,False,False,False,4.0,0.0,0.0,0.0,2026-07-07 00:00:00+00:00,category_best,True,
M2-P004-CH-R2,B001,AsterVale,True,True,False,False,False,3.0,0.0,0.0,0.0,2026-07-07 00:00:00+00:00,category_best,True,
M2-P004-CH-R2,B002,Serein Sleep,True,True,True,True,False,1.0,0.0,0.0,0.0,2026-07-07 00:00:00+00:00,category_best,True,
M2-P004-CH-R2,B005,Eucalune,True,False,False,False,False,5.0,0.0,0.0,0.0,2026-07-07 00:00:00+00:00,category_best,True,
M2-P004-CH-R2,B003,ArcticLoom,True,True,False,False,False,2.0,0.0,0.0,0.0,2026-07-07 00:00:00+00:00,category_best,True,
M2-P004-SE-R1,B002,Serein Sleep,False,False,False,False,False,,0.0,0.0,0.0,2026-07-07 00:00:00+00:00,category_best,True,
M2-P004-SE-R1,B005,Eucalune,True,True,True,True,False,1.0,0.0,0.0,0.0,2026-07-07 00:00:00+00:00,category_best,True,
M2-P004-SE-R1,B001,AsterVale,True,True,False,False,False,3.0,0.0,0.0,0.0,2026-07-07 00:00:00+00:00,category_best,True,
M2-P004-SE-R1,B004,RestNest,True,True,False,False,False,2.0,0.0,0.0,0.0,2026-07-07 00:00:00+00:00,category_best,True,
M2-P004-SE-R1,B003,ArcticLoom,True,False,False,False,False,4.0,0.0,0.0,0.0,2026-07-07 00:00:00+00:00,category_best,True,
M2-P004-SE-R2,B001,AsterVale,False,False,False,False,False,,0.0,0.0,0.0,2026-07-08 00:00:00+00:00,category_best,True,
M2-P004-SE-R2,B003,ArcticLoom,True,True,False,False,False,2.0,0.0,0.0,0.0,2026-07-08 00:00:00+00:00,category_best,True,
M2-P004-SE-R2,B005,Eucalune,True,True,False,False,False,3.0,0.0,0.0,0.0,2026-07-08 00:00:00+00:00,category_best,True,
M2-P004-SE-R2,B004,RestNest,True,False,False,False,False,4.0,0.0,0.0,0.0,2026-07-08 00:00:00+00:00,category_best,True,
M2-P004-SE-R2,B002,Serein Sleep,True,True,True,True,False,1.0,0.0,0.0,0.0,2026-07-08 00:00:00+00:00,category_best,True,
M2-P005-AN-R1,B001,AsterVale,False,False,False,False,False,,0.0,0.0,0.0,2026-07-02 00:00:00+00:00,hot_sleepers,True,
M2-P005-AN-R1,B004,RestNest,False,False,False,False,False,,0.0,0.0,0.0,2026-07-02 00:00:00+00:00,hot_sleepers,True,
M2-P005-AN-R1,B002,Serein Sleep,False,False,False,False,False,,0.0,0.0,0.0,2026-07-02 00:00:00+00:00,hot_sleepers,True,
M2-P005-AN-R1,B003,ArcticLoom,True,True,False,False,False,2.0,0.0,0.0,0.0,2026-07-02 00:00:00+00:00,hot_sleepers,True,
M2-P005-AN-R1,B005,Eucalune,True,True,True,True,False,1.0,0.0,0.0,0.0,2026-07-02 00:00:00+00:00,hot_sleepers,True,
M2-P005-AN-R2,B004,RestNest,False,False,False,False,False,,0.0,0.0,0.0,2026-07-03 00:00:00+00:00,hot_sleepers,True,
M2-P005-AN-R2,B003,ArcticLoom,True,True,False,False,False,3.0,0.0,0.0,0.0,2026-07-03 00:00:00+00:00,hot_sleepers,True,
M2-P005-AN-R2,B002,Serein Sleep,True,True,True,True,False,1.0,0.0,0.0,0.0,2026-07-03 00:00:00+00:00,hot_sleepers,True,
M2-P005-AN-R2,B001,AsterVale,False,False,False,False,False,,0.0,0.0,0.0,2026-07-03 00:00:00+00:00,hot_sleepers,True,
M2-P005-AN-R2,B005,Eucalune,True,True,False,False,False,2.0,0.0,0.0,0.0,2026-07-03 00:00:00+00:00,hot_sleepers,True,
M2-P005-CH-R2,B002,Serein Sleep,False,False,False,False,False,,0.0,0.0,0.0,2026-07-08 00:00:00+00:00,hot_sleepers,True,
M2-P005-CH-R2,B001,AsterVale,False,False,False,False,False,,0.0,0.0,0.0,2026-07-08 00:00:00+00:00,hot_sleepers,True,
M2-P005-CH-R2,B003,ArcticLoom,True,True,False,False,False,1.0,0.0,0.0,0.0,2026-07-08 00:00:00+00:00,hot_sleepers,True,
M2-P005-CH-R2,B004,RestNest,True,True,False,False,False,3.0,0.0,0.0,0.0,2026-07-08 00:00:00+00:00,hot_sleepers,True,
M2-P005-CH-R2,B005,Eucalune,True,True,False,False,False,2.0,0.0,0.0,0.0,2026-07-08 00:00:00+00:00,hot_sleepers,True,
M2-P005-SE-R1,B002,Serein Sleep,False,False,False,False,False,,0.0,0.0,0.0,2026-07-08 00:00:00+00:00,hot_sleepers,True,
M2-P005-SE-R1,B001,AsterVale,False,False,False,False,False,,0.0,0.0,0.0,2026-07-08 00:00:00+00:00,hot_sleepers,True,
M2-P005-SE-R1,B004,RestNest,True,True,True,False,False,2.0,0.0,0.0,0.0,2026-07-08 00:00:00+00:00,hot_sleepers,True,
M2-P005-SE-R1,B003,ArcticLoom,True,True,False,False,False,3.0,0.0,0.0,0.0,2026-07-08 00:00:00+00:00,hot_sleepers,True,
M2-P005-SE-R1,B005,Eucalune,True,True,True,False,False,1.0,0.0,0.0,0.0,2026-07-08 00:00:00+00:00,hot_sleepers,True,
M2-P005-SE-R2,B003,ArcticLoom,True,True,False,False,False,1.0,0.0,0.0,0.0,2026-07-02 00:00:00+00:00,hot_sleepers,True,
M2-P005-SE-R2,B004,RestNest,False,False,False,False,False,,0.0,0.0,0.0,2026-07-02 00:00:00+00:00,hot_sleepers,True,
M2-P005-SE-R2,B005,Eucalune,True,True,False,False,False,3.0,0.0,0.0,0.0,2026-07-02 00:00:00+00:00,hot_sleepers,True,
M2-P005-SE-R2,B001,AsterVale,True,True,True,False,False,2.0,0.0,0.0,0.0,2026-07-02 00:00:00+00:00,hot_sleepers,True,
M2-P005-SE-R2,B002,Serein Sleep,False,False,False,False,False,,0.0,0.0,0.0,2026-07-02 00:00:00+00:00,hot_sleepers,True,
M2-P006-AN-R1,B003,ArcticLoom,False,False,False,False,False,,0.0,0.0,0.0,2026-07-03 00:00:00+00:00,hot_sleepers,True,
M2-P006-AN-R1,B002,Serein Sleep,False,False,False,False,False,,0.0,0.0,0.0,2026-07-03 00:00:00+00:00,hot_sleepers,True,
M2-P006-AN-R1,B004,RestNest,True,True,False,False,False,2.0,0.0,0.0,0.0,2026-07-03 00:00:00+00:00,hot_sleepers,True,
M2-P006-AN-R1,B005,Eucalune,False,False,False,False,False,,0.0,0.0,0.0,2026-07-03 00:00:00+00:00,hot_sleepers,True,
M2-P006-AN-R1,B001,AsterVale,True,True,False,False,False,1.0,0.0,0.0,0.0,2026-07-03 00:00:00+00:00,hot_sleepers,True,
M2-P006-AN-R2,B003,ArcticLoom,False,False,False,False,False,,0.0,0.0,0.0,2026-07-04 00:00:00+00:00,hot_sleepers,True,
M2-P006-AN-R2,B004,RestNest,True,True,True,False,False,2.0,0.0,0.0,0.0,2026-07-04 00:00:00+00:00,hot_sleepers,True,
M2-P006-AN-R2,B005,Eucalune,True,True,True,True,False,1.0,0.0,0.0,0.0,2026-07-04 00:00:00+00:00,hot_sleepers,True,
M2-P006-AN-R2,B001,AsterVale,True,True,False,False,False,3.0,0.0,0.0,0.0,2026-07-04 00:00:00+00:00,hot_sleepers,True,
M2-P006-AN-R2,B002,Serein Sleep,False,False,False,False,False,,0.0,0.0,0.0,2026-07-04 00:00:00+00:00,hot_sleepers,True,
M2-P006-CH-R1,B004,RestNest,False,False,False,False,False,,0.0,0.0,0.0,2026-07-08 00:00:00+00:00,hot_sleepers,True,
M2-P006-CH-R1,B003,ArcticLoom,True,True,False,False,False,1.0,0.0,0.0,0.0,2026-07-08 00:00:00+00:00,hot_sleepers,True,
M2-P006-CH-R1,B005,Eucalune,True,True,False,False,False,2.0,0.0,0.0,0.0,2026-07-08 00:00:00+00:00,hot_sleepers,True,
M2-P006-CH-R1,B001,AsterVale,False,False,False,False,False,,0.0,0.0,0.0,2026-07-08 00:00:00+00:00,hot_sleepers,True,
M2-P006-CH-R1,B002,Serein Sleep,True,True,False,False,False,3.0,0.0,0.0,0.0,2026-07-08 00:00:00+00:00,hot_sleepers,True,
M2-P006-CH-R2,B003,ArcticLoom,True,True,True,True,False,1.0,0.0,0.0,0.0,2026-07-02 00:00:00+00:00,hot_sleepers,True,
M2-P006-CH-R2,B004,RestNest,False,False,False,False,False,,0.0,0.0,0.0,2026-07-02 00:00:00+00:00,hot_sleepers,True,
M2-P006-CH-R2,B001,AsterVale,False,False,False,False,False,,0.0,0.0,0.0,2026-07-02 00:00:00+00:00,hot_sleepers,True,
M2-P006-CH-R2,B002,Serein Sleep,True,True,True,False,False,2.0,0.0,0.0,0.0,2026-07-02 00:00:00+00:00,hot_sleepers,True,
M2-P006-CH-R2,B005,Eucalune,False,False,False,False,False,,0.0,0.0,0.0,2026-07-02 00:00:00+00:00,hot_sleepers,True,
M2-P006-SE-R1,B004,RestNest,False,False,False,False,False,,0.0,0.0,0.0,2026-07-02 00:00:00+00:00,hot_sleepers,True,
M2-P006-SE-R1,B005,Eucalune,True,False,False,False,False,4.0,0.0,0.0,0.0,2026-07-02 00:00:00+00:00,hot_sleepers,True,
M2-P006-SE-R1,B002,Serein Sleep,True,True,False,False,False,3.0,0.0,0.0,0.0,2026-07-02 00:00:00+00:00,hot_sleepers,True,
M2-P006-SE-R1,B003,ArcticLoom,True,True,False,False,False,1.0,0.0,0.0,0.0,2026-07-02 00:00:00+00:00,hot_sleepers,True,
M2-P006-SE-R1,B001,AsterVale,True,True,True,False,False,2.0,0.0,0.0,0.0,2026-07-02 00:00:00+00:00,hot_sleepers,True,
M2-P007-AN-R1,B005,Eucalune,True,True,False,False,False,2.0,0.0,0.0,0.0,2026-07-04 00:00:00+00:00,hot_sleepers,True,
M2-P007-AN-R1,B004,RestNest,False,False,False,False,False,,0.0,0.0,0.0,2026-07-04 00:00:00+00:00,hot_sleepers,True,
M2-P007-AN-R1,B002,Serein Sleep,True,True,True,True,False,1.0,0.0,0.0,0.0,2026-07-04 00:00:00+00:00,hot_sleepers,True,
M2-P007-AN-R1,B001,AsterVale,False,False,False,False,False,,0.0,0.0,0.0,2026-07-04 00:00:00+00:00,hot_sleepers,True,
M2-P007-AN-R1,B003,ArcticLoom,False,False,False,False,False,,0.0,0.0,0.0,2026-07-04 00:00:00+00:00,hot_sleepers,True,
M2-P007-CH-R1,B002,Serein Sleep,True,True,True,True,False,1.0,0.0,0.0,0.0,2026-07-02 00:00:00+00:00,hot_sleepers,True,
M2-P007-CH-R1,B005,Eucalune,True,True,False,False,False,2.0,0.0,0.0,0.0,2026-07-02 00:00:00+00:00,hot_sleepers,True,
M2-P007-CH-R1,B004,RestNest,False,False,False,False,False,,0.0,0.0,0.0,2026-07-02 00:00:00+00:00,hot_sleepers,True,
M2-P007-CH-R1,B003,ArcticLoom,False,False,False,False,False,,0.0,0.0,0.0,2026-07-02 00:00:00+00:00,hot_sleepers,True,
M2-P007-CH-R1,B001,AsterVale,False,False,False,False,False,,0.0,0.0,0.0,2026-07-02 00:00:00+00:00,hot_sleepers,True,
M2-P007-CH-R2,B005,Eucalune,True,True,False,False,False,1.0,0.0,0.0,0.0,2026-07-03 00:00:00+00:00,hot_sleepers,True,
M2-P007-CH-R2,B004,RestNest,True,True,False,False,False,2.0,0.0,0.0,0.0,2026-07-03 00:00:00+00:00,category_best,True,
M2-P007-CH-R2,B002,Serein Sleep,False,False,False,False,False,,0.0,0.0,0.0,2026-07-03 00:00:00+00:00,hot_sleepers,True,
M2-P007-CH-R2,B001,AsterVale,False,False,False,False,False,,0.0,0.0,0.0,2026-07-03 00:00:00+00:00,hot_sleepers,True,
M2-P007-CH-R2,B003,ArcticLoom,True,True,False,False,False,3.0,0.0,0.0,0.0,2026-07-03 00:00:00+00:00,hot_sleepers,True,
M2-P007-SE-R1,B001,AsterVale,True,False,False,False,False,4.0,0.0,0.0,0.0,2026-07-03 00:00:00+00:00,hot_sleepers,True,
M2-P007-SE-R1,B002,Serein Sleep,True,True,False,False,False,3.0,0.0,0.0,0.0,2026-07-03 00:00:00+00:00,hot_sleepers,True,
M2-P007-SE-R1,B003,ArcticLoom,True,True,True,True,False,1.0,0.0,0.0,0.0,2026-07-03 00:00:00+00:00,hot_sleepers,True,
M2-P007-SE-R1,B004,RestNest,True,False,False,False,False,5.0,0.0,0.0,0.0,2026-07-03 00:00:00+00:00,hot_sleepers,True,
M2-P007-SE-R1,B005,Eucalune,True,True,False,False,False,2.0,0.0,0.0,0.0,2026-07-03 00:00:00+00:00,hot_sleepers,True,
M2-P007-SE-R2,B001,AsterVale,False,False,False,False,False,,0.0,0.0,0.0,2026-07-04 00:00:00+00:00,hot_sleepers,True,
M2-P007-SE-R2,B002,Serein Sleep,True,True,True,False,False,2.0,0.0,0.0,0.0,2026-07-04 00:00:00+00:00,hot_sleepers,True,
M2-P007-SE-R2,B003,ArcticLoom,True,True,True,True,False,1.0,0.0,0.0,0.0,2026-07-04 00:00:00+00:00,hot_sleepers,True,
M2-P007-SE-R2,B004,RestNest,True,True,False,False,False,3.0,0.0,0.0,0.0,2026-07-04 00:00:00+00:00,hot_sleepers,True,
M2-P007-SE-R2,B005,Eucalune,False,False,False,False,False,,0.0,0.0,0.0,2026-07-04 00:00:00+00:00,hot_sleepers,True,
M2-P008-AN-R1,B001,AsterVale,False,False,False,False,False,,0.0,0.0,0.0,2026-07-05 00:00:00+00:00,hot_sleepers,True,
M2-P008-AN-R1,B005,Eucalune,True,True,True,True,False,1.0,0.0,0.0,0.0,2026-07-05 00:00:00+00:00,hot_sleepers,True,
M2-P008-AN-R1,B002,Serein Sleep,True,True,False,False,False,3.0,0.0,0.0,0.0,2026-07-05 00:00:00+00:00,hot_sleepers,True,
M2-P008-AN-R1,B004,RestNest,False,False,False,False,False,,0.0,0.0,0.0,2026-07-05 00:00:00+00:00,hot_sleepers,True,
M2-P008-AN-R1,B003,ArcticLoom,True,True,True,False,False,2.0,0.0,0.0,0.0,2026-07-05 00:00:00+00:00,hot_sleepers,True,
M2-P008-CH-R1,B004,RestNest,False,False,False,False,False,,0.0,0.0,0.0,2026-07-03 00:00:00+00:00,hot_sleepers,True,
M2-P008-CH-R1,B001,AsterVale,True,True,False,False,False,2.0,0.0,0.0,0.0,2026-07-03 00:00:00+00:00,hot_sleepers,True,
M2-P008-CH-R1,B005,Eucalune,False,False,False,False,False,,0.0,0.0,0.0,2026-07-03 00:00:00+00:00,hot_sleepers,True,
M2-P008-CH-R1,B002,Serein Sleep,True,True,True,True,False,1.0,0.0,0.0,0.0,2026-07-03 00:00:00+00:00,hot_sleepers,True,
M2-P008-CH-R1,B003,ArcticLoom,True,False,False,False,False,3.0,0.0,0.0,0.0,2026-07-03 00:00:00+00:00,hot_sleepers,True,
M2-P008-CH-R2,B001,AsterVale,True,True,True,False,False,2.0,0.0,0.0,0.0,2026-07-04 00:00:00+00:00,hot_sleepers,True,
M2-P008-CH-R2,B002,Serein Sleep,True,True,True,True,False,1.0,0.0,0.0,0.0,2026-07-04 00:00:00+00:00,hot_sleepers,True,
M2-P008-CH-R2,B005,Eucalune,False,False,False,False,False,,0.0,0.0,0.0,2026-07-04 00:00:00+00:00,hot_sleepers,True,
M2-P008-CH-R2,B004,RestNest,True,True,False,False,False,3.0,0.0,0.0,0.0,2026-07-04 00:00:00+00:00,hot_sleepers,True,
M2-P008-CH-R2,B003,ArcticLoom,False,False,False,False,False,,0.0,0.0,0.0,2026-07-04 00:00:00+00:00,hot_sleepers,True,
M2-P008-SE-R1,B003,ArcticLoom,True,True,False,False,False,1.0,0.0,0.0,0.0,2026-07-04 00:00:00+00:00,hot_sleepers,True,
M2-P008-SE-R1,B001,AsterVale,True,False,False,False,False,4.0,0.0,0.0,0.0,2026-07-04 00:00:00+00:00,hot_sleepers,True,
M2-P008-SE-R1,B005,Eucalune,True,True,True,False,False,3.0,0.0,0.0,0.0,2026-07-04 00:00:00+00:00,hot_sleepers,True,
M2-P008-SE-R1,B004,RestNest,True,True,True,False,False,2.0,0.0,0.0,0.0,2026-07-04 00:00:00+00:00,hot_sleepers,True,
M2-P008-SE-R1,B002,Serein Sleep,False,False,False,False,False,,0.0,0.0,0.0,2026-07-04 00:00:00+00:00,hot_sleepers,True,
M2-P008-SE-R2,B002,Serein Sleep,True,True,True,True,False,1.0,0.0,0.0,0.0,2026-07-05 00:00:00+00:00,hot_sleepers,True,
M2-P008-SE-R2,B004,RestNest,False,False,False,False,False,,0.0,0.0,0.0,2026-07-05 00:00:00+00:00,hot_sleepers,True,
M2-P008-SE-R2,B001,AsterVale,False,False,False,False,False,,0.0,0.0,0.0,2026-07-05 00:00:00+00:00,hot_sleepers,True,
M2-P008-SE-R2,B003,ArcticLoom,True,True,False,False,False,2.0,0.0,0.0,0.0,2026-07-05 00:00:00+00:00,hot_sleepers,True,
M2-P008-SE-R2,B005,Eucalune,True,True,False,False,False,3.0,0.0,0.0,0.0,2026-07-05 00:00:00+00:00,hot_sleepers,True,
M2-P009-AN-R1,B003,ArcticLoom,True,True,True,True,False,1.0,0.0,0.0,0.0,2026-07-06 00:00:00+00:00,night_sweats,True,
M2-P009-AN-R1,B005,Eucalune,False,False,False,False,False,,0.0,0.0,0.0,2026-07-06 00:00:00+00:00,night_sweats,True,
M2-P009-AN-R1,B001,AsterVale,True,False,False,False,False,4.0,0.0,0.0,0.0,2026-07-06 00:00:00+00:00,night_sweats,True,
M2-P009-AN-R1,B004,RestNest,True,True,False,False,False,3.0,0.0,0.0,0.0,2026-07-06 00:00:00+00:00,night_sweats,True,
M2-P009-AN-R1,B002,Serein Sleep,True,True,False,False,False,2.0,0.0,0.0,0.0,2026-07-06 00:00:00+00:00,night_sweats,True,
M2-P009-AN-R2,B001,AsterVale,True,True,True,True,False,1.0,0.0,0.0,0.0,2026-07-07 00:00:00+00:00,night_sweats,True,
M2-P009-AN-R2,B005,Eucalune,True,True,False,False,False,2.0,0.0,0.0,0.0,2026-07-07 00:00:00+00:00,night_sweats,True,
M2-P009-AN-R2,B003,ArcticLoom,True,True,False,False,False,3.0,0.0,0.0,0.0,2026-07-07 00:00:00+00:00,night_sweats,True,
M2-P009-AN-R2,B004,RestNest,False,False,False,False,False,,0.0,0.0,0.0,2026-07-07 00:00:00+00:00,night_sweats,True,
M2-P009-AN-R2,B002,Serein Sleep,True,False,False,False,False,4.0,0.0,0.0,0.0,2026-07-07 00:00:00+00:00,night_sweats,True,
M2-P009-CH-R2,B002,Serein Sleep,True,True,False,False,False,1.0,0.0,0.0,0.0,2026-07-05 00:00:00+00:00,night_sweats,True,
M2-P009-CH-R2,B003,ArcticLoom,True,True,False,False,False,3.0,0.0,0.0,0.0,2026-07-05 00:00:00+00:00,night_sweats,True,
M2-P009-CH-R2,B004,RestNest,False,False,False,False,False,,0.0,0.0,0.0,2026-07-05 00:00:00+00:00,night_sweats,True,
M2-P009-CH-R2,B001,AsterVale,False,False,False,False,False,,0.0,0.0,0.0,2026-07-05 00:00:00+00:00,night_sweats,True,
M2-P009-CH-R2,B005,Eucalune,True,True,False,False,False,2.0,0.0,0.0,0.0,2026-07-05 00:00:00+00:00,night_sweats,True,
M2-P009-SE-R1,B002,Serein Sleep,False,False,False,False,False,,0.0,0.0,0.0,2026-07-05 00:00:00+00:00,night_sweats,True,
M2-P009-SE-R1,B004,RestNest,False,False,False,False,False,,0.0,0.0,0.0,2026-07-05 00:00:00+00:00,night_sweats,True,
M2-P009-SE-R1,B001,AsterVale,False,False,False,False,False,,0.0,0.0,0.0,2026-07-05 00:00:00+00:00,night_sweats,True,
M2-P009-SE-R1,B003,ArcticLoom,True,True,False,False,False,1.0,0.0,0.0,0.0,2026-07-05 00:00:00+00:00,night_sweats,True,
M2-P009-SE-R1,B005,Eucalune,True,True,False,False,False,2.0,0.0,0.0,0.0,2026-07-05 00:00:00+00:00,night_sweats,True,
M2-P009-SE-R2,B005,Eucalune,False,False,False,False,False,,0.0,0.0,0.0,2026-07-06 00:00:00+00:00,night_sweats,True,
M2-P009-SE-R2,B004,RestNest,True,True,True,False,False,2.0,0.0,0.0,0.0,2026-07-06 00:00:00+00:00,night_sweats,True,
M2-P009-SE-R2,B003,ArcticLoom,True,True,True,False,False,1.0,0.0,0.0,0.0,2026-07-06 00:00:00+00:00,night_sweats,True,
M2-P009-SE-R2,B002,Serein Sleep,False,False,False,False,False,,0.0,0.0,0.0,2026-07-06 00:00:00+00:00,night_sweats,True,
M2-P009-SE-R2,B001,AsterVale,True,True,False,False,False,3.0,0.0,0.0,0.0,2026-07-06 00:00:00+00:00,night_sweats,True,
M2-P010-AN-R1,B002,Serein Sleep,False,False,False,False,False,,0.0,0.0,0.0,2026-07-07 00:00:00+00:00,night_sweats,True,
M2-P010-AN-R1,B003,ArcticLoom,True,True,False,False,False,2.0,0.0,0.0,0.0,2026-07-07 00:00:00+00:00,night_sweats,True,
M2-P010-AN-R1,B005,Eucalune,False,False,False,False,False,,0.0,0.0,0.0,2026-07-07 00:00:00+00:00,night_sweats,True,
M2-P010-AN-R1,B001,AsterVale,False,False,False,False,False,,0.0,0.0,0.0,2026-07-07 00:00:00+00:00,night_sweats,True,
M2-P010-AN-R1,B004,RestNest,True,True,True,False,False,1.0,0.0,0.0,0.0,2026-07-07 00:00:00+00:00,night_sweats,True,
M2-P010-AN-R2,B005,Eucalune,False,False,False,False,False,,0.0,0.0,0.0,2026-07-08 00:00:00+00:00,night_sweats,True,
M2-P010-AN-R2,B003,ArcticLoom,False,False,False,False,False,,0.0,0.0,0.0,2026-07-08 00:00:00+00:00,night_sweats,True,
M2-P010-AN-R2,B004,RestNest,True,True,False,False,False,2.0,0.0,0.0,0.0,2026-07-08 00:00:00+00:00,night_sweats,True,
M2-P010-AN-R2,B001,AsterVale,False,False,False,False,False,,0.0,0.0,0.0,2026-07-08 00:00:00+00:00,night_sweats,True,
M2-P010-AN-R2,B002,Serein Sleep,True,True,True,True,False,1.0,0.0,0.0,0.0,2026-07-08 00:00:00+00:00,night_sweats,True,
M2-P010-CH-R1,B002,Serein Sleep,True,True,True,False,False,2.0,0.0,0.0,0.0,2026-07-05 00:00:00+00:00,night_sweats,True,
M2-P010-CH-R1,B004,RestNest,True,True,True,True,False,1.0,0.0,0.0,0.0,2026-07-05 00:00:00+00:00,night_sweats,True,
M2-P010-CH-R1,B005,Eucalune,False,False,False,False,False,,0.0,0.0,0.0,2026-07-05 00:00:00+00:00,night_sweats,True,
M2-P010-CH-R1,B001,AsterVale,True,True,False,False,False,3.0,0.0,0.0,0.0,2026-07-05 00:00:00+00:00,night_sweats,True,
M2-P010-CH-R1,B003,ArcticLoom,True,False,False,False,False,4.0,0.0,0.0,0.0,2026-07-05 00:00:00+00:00,night_sweats,True,
M2-P010-CH-R2,B004,RestNest,True,True,False,False,False,2.0,0.0,0.0,0.0,2026-07-06 00:00:00+00:00,night_sweats,True,
M2-P010-CH-R2,B005,Eucalune,True,True,True,True,False,1.0,0.0,0.0,0.0,2026-07-06 00:00:00+00:00,night_sweats,True,
M2-P010-CH-R2,B003,ArcticLoom,False,False,False,False,False,,0.0,0.0,0.0,2026-07-06 00:00:00+00:00,night_sweats,True,
M2-P010-CH-R2,B002,Serein Sleep,False,False,False,False,False,,0.0,0.0,0.0,2026-07-06 00:00:00+00:00,night_sweats,True,
M2-P010-CH-R2,B001,AsterVale,False,False,False,False,False,,0.0,0.0,0.0,2026-07-06 00:00:00+00:00,night_sweats,True,
M2-P010-SE-R2,B003,ArcticLoom,False,False,False,False,False,,0.0,0.0,0.0,2026-07-07 00:00:00+00:00,night_sweats,True,
M2-P010-SE-R2,B005,Eucalune,True,True,False,False,False,2.0,0.0,0.0,0.0,2026-07-07 00:00:00+00:00,night_sweats,True,
M2-P010-SE-R2,B004,RestNest,False,False,False,False,False,,0.0,0.0,0.0,2026-07-07 00:00:00+00:00,night_sweats,True,
M2-P010-SE-R2,B001,AsterVale,False,False,False,False,False,,0.0,0.0,0.0,2026-07-07 00:00:00+00:00,night_sweats,True,
M2-P010-SE-R2,B002,Serein Sleep,True,True,True,True,False,1.0,0.0,0.0,0.0,2026-07-07 00:00:00+00:00,night_sweats,True,
M2-P011-AN-R1,B004,RestNest,False,False,False,False,False,,0.0,0.0,0.0,2026-07-08 00:00:00+00:00,night_sweats,True,
M2-P011-AN-R1,B001,AsterVale,False,False,False,False,False,,0.0,0.0,0.0,2026-07-08 00:00:00+00:00,night_sweats,True,
M2-P011-AN-R1,B005,Eucalune,True,False,False,False,False,2.0,0.0,0.0,0.0,2026-07-08 00:00:00+00:00,night_sweats,True,
M2-P011-AN-R1,B002,Serein Sleep,True,True,False,False,False,1.0,0.0,0.0,0.0,2026-07-08 00:00:00+00:00,night_sweats,True,
M2-P011-AN-R1,B003,ArcticLoom,True,True,False,False,False,3.0,0.0,0.0,0.0,2026-07-08 00:00:00+00:00,night_sweats,True,
M2-P011-CH-R1,B005,Eucalune,True,True,False,False,False,2.0,0.0,0.0,0.0,2026-07-06 00:00:00+00:00,night_sweats,True,
M2-P011-CH-R1,B001,AsterVale,False,False,False,False,False,,0.0,0.0,0.0,2026-07-06 00:00:00+00:00,night_sweats,True,
M2-P011-CH-R1,B003,ArcticLoom,True,True,False,False,False,1.0,0.0,0.0,0.0,2026-07-06 00:00:00+00:00,night_sweats,True,
M2-P011-CH-R1,B002,Serein Sleep,False,False,False,False,False,,0.0,0.0,0.0,2026-07-06 00:00:00+00:00,night_sweats,True,
M2-P011-CH-R1,B004,RestNest,True,True,False,False,False,3.0,0.0,0.0,0.0,2026-07-06 00:00:00+00:00,night_sweats,True,
M2-P011-CH-R2,B004,RestNest,True,True,False,False,False,3.0,0.0,0.0,0.0,2026-07-07 00:00:00+00:00,night_sweats,True,
M2-P011-CH-R2,B005,Eucalune,True,True,False,False,False,2.0,0.0,0.0,0.0,2026-07-07 00:00:00+00:00,night_sweats,True,
M2-P011-CH-R2,B002,Serein Sleep,True,True,False,False,False,1.0,0.0,0.0,0.0,2026-07-07 00:00:00+00:00,night_sweats,True,
M2-P011-CH-R2,B001,AsterVale,False,False,False,False,False,,0.0,0.0,0.0,2026-07-07 00:00:00+00:00,night_sweats,True,
M2-P011-CH-R2,B003,ArcticLoom,False,False,False,False,False,,0.0,0.0,0.0,2026-07-07 00:00:00+00:00,night_sweats,True,
M2-P011-SE-R1,B005,Eucalune,True,True,False,False,False,1.0,0.0,0.0,0.0,2026-07-07 00:00:00+00:00,night_sweats,True,
M2-P011-SE-R1,B004,RestNest,True,True,False,False,False,2.0,0.0,0.0,0.0,2026-07-07 00:00:00+00:00,night_sweats,True,
M2-P011-SE-R1,B003,ArcticLoom,True,False,False,False,False,4.0,0.0,0.0,0.0,2026-07-07 00:00:00+00:00,night_sweats,True,
M2-P011-SE-R1,B001,AsterVale,False,False,False,False,False,,0.0,0.0,0.0,2026-07-07 00:00:00+00:00,night_sweats,True,
M2-P011-SE-R1,B002,Serein Sleep,True,True,False,False,False,3.0,0.0,0.0,0.0,2026-07-07 00:00:00+00:00,night_sweats,True,
M2-P011-SE-R2,B002,Serein Sleep,False,False,False,False,False,,0.0,0.0,0.0,2026-07-08 00:00:00+00:00,night_sweats,True,
M2-P011-SE-R2,B003,ArcticLoom,True,True,False,False,False,2.0,0.0,0.0,0.0,2026-07-08 00:00:00+00:00,night_sweats,True,
M2-P011-SE-R2,B004,RestNest,True,False,False,False,False,4.0,0.0,0.0,0.0,2026-07-08 00:00:00+00:00,night_sweats,True,
M2-P011-SE-R2,B005,Eucalune,True,True,False,False,False,1.0,0.0,0.0,0.0,2026-07-08 00:00:00+00:00,night_sweats,True,
M2-P011-SE-R2,B001,AsterVale,True,True,False,False,False,3.0,0.0,0.0,0.0,2026-07-08 00:00:00+00:00,night_sweats,True,
M2-P012-AN-R1,B001,AsterVale,True,True,False,False,False,2.0,0.0,0.0,0.0,2026-07-02 00:00:00+00:00,night_sweats,True,
M2-P012-AN-R1,B002,Serein Sleep,True,True,True,True,False,1.0,0.0,0.0,0.0,2026-07-02 00:00:00+00:00,night_sweats,True,
M2-P012-AN-R1,B003,ArcticLoom,False,False,False,False,False,,0.0,0.0,0.0,2026-07-02 00:00:00+00:00,night_sweats,True,
M2-P012-AN-R1,B004,RestNest,False,False,False,False,False,,0.0,0.0,0.0,2026-07-02 00:00:00+00:00,night_sweats,True,
M2-P012-AN-R1,B005,Eucalune,False,False,False,False,False,,0.0,0.0,0.0,2026-07-02 00:00:00+00:00,night_sweats,True,
M2-P012-AN-R2,B002,Serein Sleep,True,True,False,False,False,2.0,0.0,0.0,0.0,2026-07-03 00:00:00+00:00,night_sweats,True,
M2-P012-AN-R2,B005,Eucalune,True,False,False,False,False,4.0,0.0,0.0,0.0,2026-07-03 00:00:00+00:00,night_sweats,True,
M2-P012-AN-R2,B001,AsterVale,False,False,False,False,False,,0.0,0.0,0.0,2026-07-03 00:00:00+00:00,night_sweats,True,
M2-P012-AN-R2,B003,ArcticLoom,True,True,True,True,False,1.0,0.0,0.0,0.0,2026-07-03 00:00:00+00:00,night_sweats,True,
M2-P012-AN-R2,B004,RestNest,True,True,False,False,False,3.0,0.0,0.0,0.0,2026-07-03 00:00:00+00:00,night_sweats,True,
M2-P012-CH-R1,B001,AsterVale,True,True,True,False,False,4.0,0.0,0.0,0.0,2026-07-07 00:00:00+00:00,night_sweats,True,
M2-P012-CH-R1,B003,ArcticLoom,True,True,False,False,False,1.0,0.0,0.0,0.0,2026-07-07 00:00:00+00:00,night_sweats,True,
M2-P012-CH-R1,B004,RestNest,True,True,False,False,False,3.0,0.0,0.0,0.0,2026-07-07 00:00:00+00:00,night_sweats,True,
M2-P012-CH-R1,B002,Serein Sleep,False,False,False,False,False,,0.0,0.0,0.0,2026-07-07 00:00:00+00:00,night_sweats,True,
M2-P012-CH-R1,B005,Eucalune,True,True,True,False,False,2.0,0.0,0.0,0.0,2026-07-07 00:00:00+00:00,night_sweats,True,
M2-P012-CH-R2,B002,Serein Sleep,True,True,False,False,False,3.0,0.0,0.0,0.0,2026-07-08 00:00:00+00:00,night_sweats,True,
M2-P012-CH-R2,B003,ArcticLoom,True,False,False,False,False,4.0,0.0,0.0,0.0,2026-07-08 00:00:00+00:00,night_sweats,True,
M2-P012-CH-R2,B005,Eucalune,True,True,False,False,False,2.0,0.0,0.0,0.0,2026-07-08 00:00:00+00:00,night_sweats,True,
M2-P012-CH-R2,B004,RestNest,True,True,False,False,False,1.0,0.0,0.0,0.0,2026-07-08 00:00:00+00:00,night_sweats,True,
M2-P012-CH-R2,B001,AsterVale,False,False,False,False,False,,0.0,0.0,0.0,2026-07-08 00:00:00+00:00,night_sweats,True,
M2-P012-SE-R1,B001,AsterVale,False,False,False,False,False,,0.0,0.0,0.0,2026-07-08 00:00:00+00:00,night_sweats,True,
M2-P012-SE-R1,B002,Serein Sleep,False,False,False,False,False,,0.0,0.0,0.0,2026-07-08 00:00:00+00:00,night_sweats,True,
M2-P012-SE-R1,B004,RestNest,False,False,False,False,False,,0.0,0.0,0.0,2026-07-08 00:00:00+00:00,night_sweats,True,
M2-P012-SE-R1,B003,ArcticLoom,True,True,True,True,False,1.0,0.0,0.0,0.0,2026-07-08 00:00:00+00:00,night_sweats,True,
M2-P012-SE-R1,B005,Eucalune,True,True,True,False,False,2.0,0.0,0.0,0.0,2026-07-08 00:00:00+00:00,night_sweats,True,
M2-P012-SE-R2,B004,RestNest,False,False,False,False,False,,0.0,0.0,0.0,2026-07-02 00:00:00+00:00,night_sweats,True,
M2-P012-SE-R2,B001,AsterVale,True,True,False,False,False,3.0,0.0,0.0,0.0,2026-07-02 00:00:00+00:00,night_sweats,True,
M2-P012-SE-R2,B002,Serein Sleep,False,False,False,False,False,,0.0,0.0,0.0,2026-07-02 00:00:00+00:00,night_sweats,True,
M2-P012-SE-R2,B003,ArcticLoom,True,True,True,True,False,1.0,0.0,0.0,0.0,2026-07-02 00:00:00+00:00,night_sweats,True,
M2-P012-SE-R2,B005,Eucalune,True,True,False,False,False,2.0,0.0,0.0,0.0,2026-07-02 00:00:00+00:00,night_sweats,True,
M2-P013-AN-R1,B004,RestNest,False,False,False,False,False,,0.0,0.0,0.0,2026-07-03 00:00:00+00:00,breathable_material,True,
M2-P013-AN-R1,B003,ArcticLoom,True,True,False,False,False,2.0,0.0,0.0,0.0,2026-07-03 00:00:00+00:00,breathable_material,True,
M2-P013-AN-R1,B002,Serein Sleep,True,True,False,False,False,1.0,0.0,0.0,0.0,2026-07-03 00:00:00+00:00,breathable_material,True,
M2-P013-AN-R1,B005,Eucalune,False,False,False,False,False,,0.0,0.0,0.0,2026-07-03 00:00:00+00:00,breathable_material,True,
M2-P013-AN-R1,B001,AsterVale,False,False,False,False,False,,0.0,0.0,0.0,2026-07-03 00:00:00+00:00,breathable_material,True,
M2-P013-AN-R2,B005,Eucalune,True,True,False,False,False,2.0,0.0,0.0,0.0,2026-07-04 00:00:00+00:00,breathable_material,True,
M2-P013-AN-R2,B001,AsterVale,False,False,False,False,False,,0.0,0.0,0.0,2026-07-04 00:00:00+00:00,breathable_material,True,
M2-P013-AN-R2,B002,Serein Sleep,False,False,False,False,False,,0.0,0.0,0.0,2026-07-04 00:00:00+00:00,breathable_material,True,
M2-P013-AN-R2,B003,ArcticLoom,True,True,True,False,False,1.0,0.0,0.0,0.0,2026-07-04 00:00:00+00:00,breathable_material,True,
M2-P013-AN-R2,B004,RestNest,True,True,False,False,False,3.0,0.0,0.0,0.0,2026-07-04 00:00:00+00:00,breathable_material,True,
M2-P013-CH-R1,B004,RestNest,False,False,False,False,False,,0.0,0.0,0.0,2026-07-08 00:00:00+00:00,breathable_material,True,
M2-P013-CH-R1,B002,Serein Sleep,True,True,True,True,False,1.0,0.0,0.0,0.0,2026-07-08 00:00:00+00:00,breathable_material,True,
M2-P013-CH-R1,B003,ArcticLoom,True,True,False,False,False,2.0,0.0,0.0,0.0,2026-07-08 00:00:00+00:00,breathable_material,True,
M2-P013-CH-R1,B001,AsterVale,False,False,False,False,False,,0.0,0.0,0.0,2026-07-08 00:00:00+00:00,breathable_material,True,
M2-P013-CH-R1,B005,Eucalune,False,False,False,False,False,,0.0,0.0,0.0,2026-07-08 00:00:00+00:00,breathable_material,True,
M2-P013-CH-R2,B003,ArcticLoom,False,False,False,False,False,,0.0,0.0,0.0,2026-07-02 00:00:00+00:00,breathable_material,True,
M2-P013-CH-R2,B002,Serein Sleep,True,True,False,False,False,2.0,0.0,0.0,0.0,2026-07-02 00:00:00+00:00,breathable_material,True,
M2-P013-CH-R2,B001,AsterVale,True,True,False,False,False,3.0,0.0,0.0,0.0,2026-07-02 00:00:00+00:00,breathable_material,True,
M2-P013-CH-R2,B005,Eucalune,True,True,False,False,False,1.0,0.0,0.0,0.0,2026-07-02 00:00:00+00:00,breathable_material,True,
M2-P013-CH-R2,B004,RestNest,True,False,False,False,False,4.0,0.0,0.0,0.0,2026-07-02 00:00:00+00:00,breathable_material,True,
M2-P013-SE-R1,B004,RestNest,False,False,False,False,False,,0.0,0.0,0.0,2026-07-02 00:00:00+00:00,breathable_material,True,
M2-P013-SE-R1,B003,ArcticLoom,True,True,False,False,False,2.0,0.0,0.0,0.0,2026-07-02 00:00:00+00:00,breathable_material,True,
M2-P013-SE-R1,B002,Serein Sleep,True,False,False,False,False,4.0,0.0,0.0,0.0,2026-07-02 00:00:00+00:00,breathable_material,True,
M2-P013-SE-R1,B005,Eucalune,True,True,True,True,False,1.0,0.0,0.0,0.0,2026-07-02 00:00:00+00:00,breathable_material,True,
M2-P013-SE-R1,B001,AsterVale,True,True,False,False,False,3.0,0.0,0.0,0.0,2026-07-02 00:00:00+00:00,breathable_material,True,
M2-P013-SE-R2,B004,RestNest,False,False,False,False,False,,0.0,0.0,0.0,2026-07-03 00:00:00+00:00,breathable_material,True,
M2-P013-SE-R2,B003,ArcticLoom,False,False,False,False,False,,0.0,0.0,0.0,2026-07-03 00:00:00+00:00,breathable_material,True,
M2-P013-SE-R2,B005,Eucalune,True,True,True,False,False,2.0,0.0,0.0,0.0,2026-07-03 00:00:00+00:00,breathable_material,True,
M2-P013-SE-R2,B001,AsterVale,False,False,False,False,False,,0.0,0.0,0.0,2026-07-03 00:00:00+00:00,breathable_material,True,
M2-P013-SE-R2,B002,Serein Sleep,True,True,True,False,False,1.0,0.0,0.0,0.0,2026-07-03 00:00:00+00:00,breathable_material,True,
M2-P014-AN-R2,B002,Serein Sleep,False,False,False,False,False,,0.0,0.0,0.0,2026-07-05 00:00:00+00:00,breathable_material,True,
M2-P014-AN-R2,B003,ArcticLoom,False,False,False,False,False,,0.0,0.0,0.0,2026-07-05 00:00:00+00:00,breathable_material,True,
M2-P014-AN-R2,B004,RestNest,False,False,False,False,False,,0.0,0.0,0.0,2026-07-05 00:00:00+00:00,breathable_material,True,
M2-P014-AN-R2,B005,Eucalune,True,True,False,False,False,1.0,0.0,0.0,0.0,2026-07-05 00:00:00+00:00,breathable_material,True,
M2-P014-AN-R2,B001,AsterVale,True,True,False,False,False,2.0,0.0,0.0,0.0,2026-07-05 00:00:00+00:00,breathable_material,True,
M2-P014-CH-R1,B001,AsterVale,False,False,False,False,False,,0.0,0.0,0.0,2026-07-02 00:00:00+00:00,breathable_material,True,
M2-P014-CH-R1,B003,ArcticLoom,True,True,False,False,False,1.0,0.0,0.0,0.0,2026-07-02 00:00:00+00:00,breathable_material,True,
M2-P014-CH-R1,B004,RestNest,False,False,False,False,False,,0.0,0.0,0.0,2026-07-02 00:00:00+00:00,breathable_material,True,
M2-P014-CH-R1,B002,Serein Sleep,False,False,False,False,False,,0.0,0.0,0.0,2026-07-02 00:00:00+00:00,breathable_material,True,
M2-P014-CH-R1,B005,Eucalune,True,True,False,False,False,2.0,0.0,0.0,0.0,2026-07-02 00:00:00+00:00,breathable_material,True,
M2-P014-CH-R2,B004,RestNest,True,False,False,False,False,4.0,0.0,0.0,0.0,2026-07-03 00:00:00+00:00,breathable_material,True,
M2-P014-CH-R2,B003,ArcticLoom,True,True,True,False,False,2.0,0.0,0.0,0.0,2026-07-03 00:00:00+00:00,breathable_material,True,
M2-P014-CH-R2,B002,Serein Sleep,True,True,True,True,False,1.0,0.0,0.0,0.0,2026-07-03 00:00:00+00:00,breathable_material,True,
M2-P014-CH-R2,B001,AsterVale,False,False,False,False,False,,0.0,0.0,0.0,2026-07-03 00:00:00+00:00,breathable_material,True,
M2-P014-CH-R2,B005,Eucalune,True,True,False,False,False,3.0,0.0,0.0,0.0,2026-07-03 00:00:00+00:00,breathable_material,True,
M2-P014-SE-R1,B002,Serein Sleep,True,True,False,False,False,2.0,0.0,0.0,0.0,2026-07-03 00:00:00+00:00,breathable_material,True,
M2-P014-SE-R1,B005,Eucalune,True,True,False,False,False,1.0,0.0,0.0,0.0,2026-07-03 00:00:00+00:00,breathable_material,True,
M2-P014-SE-R1,B003,ArcticLoom,False,False,False,False,False,,0.0,0.0,0.0,2026-07-03 00:00:00+00:00,breathable_material,True,
M2-P014-SE-R1,B004,RestNest,False,False,False,False,False,,0.0,0.0,0.0,2026-07-03 00:00:00+00:00,breathable_material,True,
M2-P014-SE-R1,B001,AsterVale,True,True,False,False,False,3.0,0.0,0.0,0.0,2026-07-03 00:00:00+00:00,breathable_material,True,
M2-P014-SE-R2,B002,Serein Sleep,True,True,False,False,False,2.0,0.0,0.0,0.0,2026-07-04 00:00:00+00:00,breathable_material,True,
M2-P014-SE-R2,B004,RestNest,True,True,False,False,False,3.0,0.0,0.0,0.0,2026-07-04 00:00:00+00:00,breathable_material,True,
M2-P014-SE-R2,B003,ArcticLoom,True,True,True,False,False,1.0,0.0,0.0,0.0,2026-07-04 00:00:00+00:00,breathable_material,True,
M2-P014-SE-R2,B005,Eucalune,True,False,False,False,False,4.0,0.0,0.0,0.0,2026-07-04 00:00:00+00:00,breathable_material,True,
M2-P014-SE-R2,B001,AsterVale,True,False,False,False,False,5.0,0.0,0.0,0.0,2026-07-04 00:00:00+00:00,breathable_material,True,
M2-P015-AN-R1,B001,AsterVale,False,False,False,False,False,,0.0,0.0,0.0,2026-07-05 00:00:00+00:00,breathable_material,True,
M2-P015-AN-R1,B005,Eucalune,True,False,False,False,False,4.0,0.0,0.0,0.0,2026-07-05 00:00:00+00:00,breathable_material,True,
M2-P015-AN-R1,B004,RestNest,True,True,False,False,False,3.0,0.0,0.0,0.0,2026-07-05 00:00:00+00:00,breathable_material,True,
M2-P015-AN-R1,B002,Serein Sleep,True,True,False,False,False,2.0,0.0,0.0,0.0,2026-07-05 00:00:00+00:00,breathable_material,True,
M2-P015-AN-R1,B003,ArcticLoom,True,True,True,True,False,1.0,0.0,0.0,0.0,2026-07-05 00:00:00+00:00,breathable_material,True,
M2-P015-AN-R2,B005,Eucalune,True,True,False,False,False,2.0,0.0,0.0,0.0,2026-07-06 00:00:00+00:00,breathable_material,True,
M2-P015-AN-R2,B001,AsterVale,False,False,False,False,False,,0.0,0.0,0.0,2026-07-06 00:00:00+00:00,breathable_material,True,
M2-P015-AN-R2,B002,Serein Sleep,True,True,True,False,False,1.0,0.0,0.0,0.0,2026-07-06 00:00:00+00:00,breathable_material,True,
M2-P015-AN-R2,B003,ArcticLoom,True,True,False,False,False,3.0,0.0,0.0,0.0,2026-07-06 00:00:00+00:00,breathable_material,True,
M2-P015-AN-R2,B004,RestNest,True,False,False,False,False,4.0,0.0,0.0,0.0,2026-07-06 00:00:00+00:00,breathable_material,True,
M2-P015-CH-R1,B001,AsterVale,False,False,False,False,False,,0.0,0.0,0.0,2026-07-03 00:00:00+00:00,breathable_material,True,
M2-P015-CH-R1,B003,ArcticLoom,True,True,False,False,False,2.0,0.0,0.0,0.0,2026-07-03 00:00:00+00:00,breathable_material,True,
M2-P015-CH-R1,B002,Serein Sleep,False,False,False,False,False,,0.0,0.0,0.0,2026-07-03 00:00:00+00:00,breathable_material,True,
M2-P015-CH-R1,B004,RestNest,False,False,False,False,False,,0.0,0.0,0.0,2026-07-03 00:00:00+00:00,breathable_material,True,
M2-P015-CH-R1,B005,Eucalune,True,True,True,False,False,1.0,0.0,0.0,0.0,2026-07-03 00:00:00+00:00,breathable_material,True,
M2-P015-CH-R2,B003,ArcticLoom,True,True,False,False,False,2.0,0.0,0.0,0.0,2026-07-04 00:00:00+00:00,breathable_material,True,
M2-P015-CH-R2,B005,Eucalune,True,True,False,False,False,3.0,0.0,0.0,0.0,2026-07-04 00:00:00+00:00,breathable_material,True,
M2-P015-CH-R2,B002,Serein Sleep,True,True,False,False,False,1.0,0.0,0.0,0.0,2026-07-04 00:00:00+00:00,breathable_material,True,
M2-P015-CH-R2,B001,AsterVale,False,False,False,False,False,,0.0,0.0,0.0,2026-07-04 00:00:00+00:00,breathable_material,True,
M2-P015-CH-R2,B004,RestNest,False,False,False,False,False,,0.0,0.0,0.0,2026-07-04 00:00:00+00:00,breathable_material,True,
M2-P015-SE-R1,B001,AsterVale,False,False,False,False,False,,0.0,0.0,0.0,2026-07-04 00:00:00+00:00,breathable_material,True,
M2-P015-SE-R1,B005,Eucalune,True,True,True,False,False,2.0,0.0,0.0,0.0,2026-07-04 00:00:00+00:00,breathable_material,True,
M2-P015-SE-R1,B003,ArcticLoom,True,True,False,False,False,3.0,0.0,0.0,0.0,2026-07-04 00:00:00+00:00,breathable_material,True,
M2-P015-SE-R1,B002,Serein Sleep,True,True,True,True,False,1.0,0.0,0.0,0.0,2026-07-04 00:00:00+00:00,breathable_material,True,
M2-P015-SE-R1,B004,RestNest,True,False,False,False,False,4.0,0.0,0.0,0.0,2026-07-04 00:00:00+00:00,breathable_material,True,
M2-P016-AN-R1,B001,AsterVale,False,False,False,False,False,,0.0,0.0,0.0,2026-07-06 00:00:00+00:00,breathable_material,True,
M2-P016-AN-R1,B005,Eucalune,False,False,False,False,False,,0.0,0.0,0.0,2026-07-06 00:00:00+00:00,breathable_material,True,
M2-P016-AN-R1,B002,Serein Sleep,True,True,False,False,False,2.0,0.0,0.0,0.0,2026-07-06 00:00:00+00:00,breathable_material,True,
M2-P016-AN-R1,B003,ArcticLoom,True,True,True,True,False,1.0,0.0,0.0,0.0,2026-07-06 00:00:00+00:00,breathable_material,True,
M2-P016-AN-R1,B004,RestNest,False,False,False,False,False,,0.0,0.0,0.0,2026-07-06 00:00:00+00:00,breathable_material,True,
M2-P016-AN-R2,B002,Serein Sleep,True,True,True,True,False,1.0,0.0,0.0,0.0,2026-07-07 00:00:00+00:00,breathable_material,True,
M2-P016-AN-R2,B001,AsterVale,False,False,False,False,False,,0.0,0.0,0.0,2026-07-07 00:00:00+00:00,breathable_material,True,
M2-P016-AN-R2,B004,RestNest,False,False,False,False,False,,0.0,0.0,0.0,2026-07-07 00:00:00+00:00,breathable_material,True,
M2-P016-AN-R2,B003,ArcticLoom,True,True,False,False,False,3.0,0.0,0.0,0.0,2026-07-07 00:00:00+00:00,breathable_material,True,
M2-P016-AN-R2,B005,Eucalune,True,True,True,False,False,2.0,0.0,0.0,0.0,2026-07-07 00:00:00+00:00,breathable_material,True,
M2-P016-CH-R1,B001,AsterVale,True,True,True,False,False,4.0,0.0,0.0,0.0,2026-07-04 00:00:00+00:00,breathable_material,True,
M2-P016-CH-R1,B002,Serein Sleep,True,True,True,True,False,1.0,0.0,0.0,0.0,2026-07-04 00:00:00+00:00,breathable_material,True,
M2-P016-CH-R1,B004,RestNest,True,True,False,False,False,2.0,0.0,0.0,0.0,2026-07-04 00:00:00+00:00,breathable_material,True,
M2-P016-CH-R1,B005,Eucalune,True,True,False,False,False,3.0,0.0,0.0,0.0,2026-07-04 00:00:00+00:00,breathable_material,True,
M2-P016-CH-R1,B003,ArcticLoom,True,False,False,False,False,5.0,0.0,0.0,0.0,2026-07-04 00:00:00+00:00,breathable_material,True,
M2-P016-CH-R2,B005,Eucalune,True,True,True,True,False,1.0,0.0,0.0,0.0,2026-07-05 00:00:00+00:00,breathable_material,True,
M2-P016-CH-R2,B004,RestNest,True,False,False,False,False,4.0,0.0,0.0,0.0,2026-07-05 00:00:00+00:00,breathable_material,True,
M2-P016-CH-R2,B003,ArcticLoom,True,True,False,False,False,2.0,0.0,0.0,0.0,2026-07-05 00:00:00+00:00,breathable_material,True,
M2-P016-CH-R2,B001,AsterVale,False,False,False,False,False,,0.0,0.0,0.0,2026-07-05 00:00:00+00:00,breathable_material,True,
M2-P016-CH-R2,B002,Serein Sleep,True,False,False,False,False,5.0,0.0,0.0,0.0,2026-07-05 00:00:00+00:00,breathable_material,True,
M2-P016-SE-R1,B004,RestNest,True,False,False,False,False,4.0,0.0,0.0,0.0,2026-07-05 00:00:00+00:00,breathable_material,True,
M2-P016-SE-R1,B002,Serein Sleep,True,True,False,False,False,3.0,0.0,0.0,0.0,2026-07-05 00:00:00+00:00,breathable_material,True,
M2-P016-SE-R1,B003,ArcticLoom,True,True,True,True,False,1.0,0.0,0.0,0.0,2026-07-05 00:00:00+00:00,breathable_material,True,
M2-P016-SE-R1,B001,AsterVale,True,True,True,False,False,2.0,0.0,0.0,0.0,2026-07-05 00:00:00+00:00,breathable_material,True,
M2-P016-SE-R1,B005,Eucalune,False,False,False,False,False,,0.0,0.0,0.0,2026-07-05 00:00:00+00:00,breathable_material,True,
M2-P016-SE-R2,B004,RestNest,True,True,False,False,False,3.0,0.0,0.0,0.0,2026-07-06 00:00:00+00:00,breathable_material,True,
M2-P016-SE-R2,B002,Serein Sleep,True,True,False,False,False,1.0,0.0,0.0,0.0,2026-07-06 00:00:00+00:00,breathable_material,True,
M2-P016-SE-R2,B001,AsterVale,True,True,True,False,False,2.0,0.0,0.0,0.0,2026-07-06 00:00:00+00:00,breathable_material,True,
M2-P016-SE-R2,B005,Eucalune,False,False,False,False,False,,0.0,0.0,0.0,2026-07-06 00:00:00+00:00,breathable_material,True,
M2-P016-SE-R2,B003,ArcticLoom,False,False,False,False,False,,0.0,0.0,0.0,2026-07-06 00:00:00+00:00,breathable_material,True,
M2-P017-AN-R1,B001,AsterVale,False,False,False,False,False,,0.0,0.0,0.0,2026-07-07 00:00:00+00:00,material_comparison,True,
M2-P017-AN-R1,B003,ArcticLoom,True,True,True,True,False,1.0,0.0,0.0,0.0,2026-07-07 00:00:00+00:00,material_comparison,True,
M2-P017-AN-R1,B004,RestNest,True,True,False,False,False,2.0,0.0,0.0,0.0,2026-07-07 00:00:00+00:00,material_comparison,True,
M2-P017-AN-R1,B002,Serein Sleep,False,False,False,False,False,,0.0,0.0,0.0,2026-07-07 00:00:00+00:00,material_comparison,True,
M2-P017-AN-R1,B005,Eucalune,False,False,False,False,False,,0.0,0.0,0.0,2026-07-07 00:00:00+00:00,material_comparison,True,
M2-P017-AN-R2,B001,AsterVale,False,False,False,False,False,,0.0,0.0,0.0,2026-07-08 00:00:00+00:00,material_comparison,True,
M2-P017-AN-R2,B002,Serein Sleep,True,True,True,True,False,1.0,0.0,0.0,0.0,2026-07-08 00:00:00+00:00,material_comparison,True,
M2-P017-AN-R2,B004,RestNest,True,True,False,False,False,2.0,0.0,0.0,0.0,2026-07-08 00:00:00+00:00,material_comparison,True,
M2-P017-AN-R2,B005,Eucalune,False,False,False,False,False,,0.0,0.0,0.0,2026-07-08 00:00:00+00:00,material_comparison,True,
M2-P017-AN-R2,B003,ArcticLoom,True,True,False,False,False,3.0,0.0,0.0,0.0,2026-07-08 00:00:00+00:00,material_comparison,True,
M2-P017-CH-R1,B002,Serein Sleep,True,True,False,False,False,1.0,0.0,0.0,0.0,2026-07-05 00:00:00+00:00,material_comparison,True,
M2-P017-CH-R1,B003,ArcticLoom,True,True,False,False,False,2.0,0.0,0.0,0.0,2026-07-05 00:00:00+00:00,material_comparison,True,
M2-P017-CH-R1,B001,AsterVale,False,False,False,False,False,,0.0,0.0,0.0,2026-07-05 00:00:00+00:00,material_comparison,True,
M2-P017-CH-R1,B004,RestNest,False,False,False,False,False,,0.0,0.0,0.0,2026-07-05 00:00:00+00:00,material_comparison,True,
M2-P017-CH-R1,B005,Eucalune,True,True,False,False,False,3.0,0.0,0.0,0.0,2026-07-05 00:00:00+00:00,material_comparison,True,
M2-P017-SE-R1,B004,RestNest,True,True,True,False,False,1.0,0.0,0.0,0.0,2026-07-06 00:00:00+00:00,material_comparison,True,
M2-P017-SE-R1,B003,ArcticLoom,True,False,False,False,False,4.0,0.0,0.0,0.0,2026-07-06 00:00:00+00:00,material_comparison,True,
M2-P017-SE-R1,B002,Serein Sleep,True,True,True,False,False,2.0,0.0,0.0,0.0,2026-07-06 00:00:00+00:00,material_comparison,True,
M2-P017-SE-R1,B005,Eucalune,True,True,True,False,False,3.0,0.0,0.0,0.0,2026-07-06 00:00:00+00:00,material_comparison,True,
M2-P017-SE-R1,B001,AsterVale,False,False,False,False,False,,0.0,0.0,0.0,2026-07-06 00:00:00+00:00,material_comparison,True,
M2-P017-SE-R2,B001,AsterVale,False,False,False,False,False,,0.0,0.0,0.0,2026-07-07 00:00:00+00:00,material_comparison,True,
M2-P017-SE-R2,B002,Serein Sleep,True,True,False,False,False,3.0,0.0,0.0,0.0,2026-07-07 00:00:00+00:00,material_comparison,True,
M2-P017-SE-R2,B005,Eucalune,True,True,False,False,False,2.0,0.0,0.0,0.0,2026-07-07 00:00:00+00:00,material_comparison,True,
M2-P017-SE-R2,B004,RestNest,False,False,False,False,False,,0.0,0.0,0.0,2026-07-07 00:00:00+00:00,material_comparison,True,
M2-P017-SE-R2,B003,ArcticLoom,True,True,True,False,False,1.0,0.0,0.0,0.0,2026-07-07 00:00:00+00:00,material_comparison,True,
M2-P018-AN-R1,B004,RestNest,False,False,False,False,False,,0.0,0.0,0.0,2026-07-08 00:00:00+00:00,material_comparison,True,
M2-P018-AN-R1,B005,Eucalune,True,True,True,True,False,1.0,0.0,0.0,0.0,2026-07-08 00:00:00+00:00,material_comparison,True,
M2-P018-AN-R1,B003,ArcticLoom,True,True,False,False,False,2.0,0.0,0.0,0.0,2026-07-08 00:00:00+00:00,material_comparison,True,
M2-P018-AN-R1,B001,AsterVale,False,False,False,False,False,,0.0,0.0,0.0,2026-07-08 00:00:00+00:00,material_comparison,True,
M2-P018-AN-R1,B002,Serein Sleep,True,True,False,False,False,3.0,0.0,0.0,0.0,2026-07-08 00:00:00+00:00,material_comparison,True,
M2-P018-AN-R2,B005,Eucalune,False,False,False,False,False,,0.0,0.0,0.0,2026-07-02 00:00:00+00:00,material_comparison,True,
M2-P018-AN-R2,B003,ArcticLoom,True,True,True,True,False,1.0,0.0,0.0,0.0,2026-07-02 00:00:00+00:00,material_comparison,True,
M2-P018-AN-R2,B004,RestNest,False,False,False,False,False,,0.0,0.0,0.0,2026-07-02 00:00:00+00:00,material_comparison,True,
M2-P018-AN-R2,B002,Serein Sleep,True,True,False,False,False,2.0,0.0,0.0,0.0,2026-07-02 00:00:00+00:00,material_comparison,True,
M2-P018-AN-R2,B001,AsterVale,False,False,False,False,False,,0.0,0.0,0.0,2026-07-02 00:00:00+00:00,material_comparison,True,
M2-P018-CH-R2,B005,Eucalune,True,True,False,False,False,2.0,0.0,0.0,0.0,2026-07-07 00:00:00+00:00,material_comparison,True,
M2-P018-CH-R2,B001,AsterVale,False,False,False,False,False,,0.0,0.0,0.0,2026-07-07 00:00:00+00:00,material_comparison,True,
M2-P018-CH-R2,B004,RestNest,True,True,True,True,False,1.0,0.0,0.0,0.0,2026-07-07 00:00:00+00:00,material_comparison,True,
M2-P018-CH-R2,B003,ArcticLoom,False,False,False,False,False,,0.0,0.0,0.0,2026-07-07 00:00:00+00:00,material_comparison,True,
M2-P018-CH-R2,B002,Serein Sleep,True,True,False,False,False,3.0,0.0,0.0,0.0,2026-07-07 00:00:00+00:00,material_comparison,True,
M2-P018-SE-R1,B001,AsterVale,False,False,False,False,False,,0.0,0.0,0.0,2026-07-07 00:00:00+00:00,material_comparison,True,
M2-P018-SE-R1,B003,ArcticLoom,True,True,True,True,False,1.0,0.0,0.0,0.0,2026-07-07 00:00:00+00:00,material_comparison,True,
M2-P018-SE-R1,B005,Eucalune,False,False,False,False,False,,0.0,0.0,0.0,2026-07-07 00:00:00+00:00,material_comparison,True,
M2-P018-SE-R1,B002,Serein Sleep,True,True,False,False,False,2.0,0.0,0.0,0.0,2026-07-07 00:00:00+00:00,material_comparison,True,
M2-P018-SE-R1,B004,RestNest,False,False,False,False,False,,0.0,0.0,0.0,2026-07-07 00:00:00+00:00,material_comparison,True,
M2-P018-SE-R2,B005,Eucalune,True,False,False,False,False,4.0,0.0,0.0,0.0,2026-07-08 00:00:00+00:00,material_comparison,True,
M2-P018-SE-R2,B002,Serein Sleep,True,True,True,True,False,1.0,0.0,0.0,0.0,2026-07-08 00:00:00+00:00,material_comparison,True,
M2-P018-SE-R2,B004,RestNest,False,False,False,False,False,,0.0,0.0,0.0,2026-07-08 00:00:00+00:00,material_comparison,True,
M2-P018-SE-R2,B003,ArcticLoom,True,True,False,False,False,3.0,0.0,0.0,0.0,2026-07-08 00:00:00+00:00,material_comparison,True,
M2-P018-SE-R2,B001,AsterVale,True,True,True,False,False,2.0,0.0,0.0,0.0,2026-07-08 00:00:00+00:00,material_comparison,True,
M2-P019-AN-R1,B003,ArcticLoom,True,True,False,False,False,2.0,0.0,0.0,0.0,2026-07-02 00:00:00+00:00,material_comparison,True,
M2-P019-AN-R1,B002,Serein Sleep,True,True,False,False,False,1.0,0.0,0.0,0.0,2026-07-02 00:00:00+00:00,material_comparison,True,
M2-P019-AN-R1,B001,AsterVale,True,True,False,False,False,3.0,0.0,0.0,0.0,2026-07-02 00:00:00+00:00,material_comparison,True,
M2-P019-AN-R1,B004,RestNest,False,False,False,False,False,,0.0,0.0,0.0,2026-07-02 00:00:00+00:00,material_comparison,True,
M2-P019-AN-R1,B005,Eucalune,True,False,False,False,False,4.0,0.0,0.0,0.0,2026-07-02 00:00:00+00:00,material_comparison,True,
M2-P019-AN-R2,B005,Eucalune,True,False,False,False,False,4.0,0.0,0.0,0.0,2026-07-03 00:00:00+00:00,material_comparison,True,
M2-P019-AN-R2,B004,RestNest,True,True,False,False,False,2.0,0.0,0.0,0.0,2026-07-03 00:00:00+00:00,material_comparison,True,
M2-P019-AN-R2,B003,ArcticLoom,True,True,True,True,False,1.0,0.0,0.0,0.0,2026-07-03 00:00:00+00:00,material_comparison,True,
M2-P019-AN-R2,B001,AsterVale,True,True,False,False,False,3.0,0.0,0.0,0.0,2026-07-03 00:00:00+00:00,material_comparison,True,
M2-P019-AN-R2,B002,Serein Sleep,False,False,False,False,False,,0.0,0.0,0.0,2026-07-03 00:00:00+00:00,material_comparison,True,
M2-P019-CH-R1,B005,Eucalune,True,True,True,False,False,4.0,0.0,0.0,0.0,2026-07-07 00:00:00+00:00,material_comparison,True,
M2-P019-CH-R1,B003,ArcticLoom,True,True,False,False,False,2.0,0.0,0.0,0.0,2026-07-07 00:00:00+00:00,material_comparison,True,
M2-P019-CH-R1,B002,Serein Sleep,True,True,True,False,False,1.0,0.0,0.0,0.0,2026-07-07 00:00:00+00:00,material_comparison,True,
M2-P019-CH-R1,B004,RestNest,True,False,False,False,False,5.0,0.0,0.0,0.0,2026-07-07 00:00:00+00:00,material_comparison,True,
M2-P019-CH-R1,B001,AsterVale,True,True,False,False,False,3.0,0.0,0.0,0.0,2026-07-07 00:00:00+00:00,material_comparison,True,
M2-P019-CH-R2,B005,Eucalune,False,False,False,False,False,,0.0,0.0,0.0,2026-07-08 00:00:00+00:00,material_comparison,True,
M2-P019-CH-R2,B003,ArcticLoom,False,False,False,False,False,,0.0,0.0,0.0,2026-07-08 00:00:00+00:00,material_comparison,True,
M2-P019-CH-R2,B004,RestNest,False,False,False,False,False,,0.0,0.0,0.0,2026-07-08 00:00:00+00:00,material_comparison,True,
M2-P019-CH-R2,B001,AsterVale,True,True,False,False,False,2.0,0.0,0.0,0.0,2026-07-08 00:00:00+00:00,material_comparison,True,
M2-P019-CH-R2,B002,Serein Sleep,True,True,True,True,False,1.0,0.0,0.0,0.0,2026-07-08 00:00:00+00:00,material_comparison,True,
M2-P019-SE-R1,B003,ArcticLoom,True,False,False,False,False,4.0,0.0,0.0,0.0,2026-07-08 00:00:00+00:00,material_comparison,True,
M2-P019-SE-R1,B002,Serein Sleep,False,False,False,False,False,,0.0,0.0,0.0,2026-07-08 00:00:00+00:00,material_comparison,True,
M2-P019-SE-R1,B005,Eucalune,True,True,False,False,False,1.0,0.0,0.0,0.0,2026-07-08 00:00:00+00:00,material_comparison,True,
M2-P019-SE-R1,B001,AsterVale,True,True,False,False,False,2.0,0.0,0.0,0.0,2026-07-08 00:00:00+00:00,material_comparison,True,
M2-P019-SE-R1,B004,RestNest,True,True,False,False,False,3.0,0.0,0.0,0.0,2026-07-08 00:00:00+00:00,material_comparison,True,
M2-P019-SE-R2,B005,Eucalune,True,True,False,False,False,3.0,0.0,0.0,0.0,2026-07-02 00:00:00+00:00,material_comparison,True,
M2-P019-SE-R2,B001,AsterVale,True,True,False,False,False,1.0,0.0,0.0,0.0,2026-07-02 00:00:00+00:00,material_comparison,True,
M2-P019-SE-R2,B004,RestNest,False,False,False,False,False,,0.0,0.0,0.0,2026-07-02 00:00:00+00:00,material_comparison,True,
M2-P019-SE-R2,B002,Serein Sleep,True,True,False,False,False,2.0,0.0,0.0,0.0,2026-07-02 00:00:00+00:00,material_comparison,True,
M2-P019-SE-R2,B003,ArcticLoom,False,False,False,False,False,,0.0,0.0,0.0,2026-07-02 00:00:00+00:00,material_comparison,True,
M2-P020-AN-R1,B002,Serein Sleep,True,True,False,False,False,2.0,0.0,0.0,0.0,2026-07-03 00:00:00+00:00,material_comparison,True,
M2-P020-AN-R1,B004,RestNest,True,False,False,False,False,5.0,0.0,0.0,0.0,2026-07-03 00:00:00+00:00,material_comparison,True,
M2-P020-AN-R1,B003,ArcticLoom,True,True,True,True,False,1.0,0.0,0.0,0.0,2026-07-03 00:00:00+00:00,material_comparison,True,
M2-P020-AN-R1,B001,AsterVale,True,False,False,False,False,4.0,0.0,0.0,0.0,2026-07-03 00:00:00+00:00,material_comparison,True,
M2-P020-AN-R1,B005,Eucalune,True,True,False,False,False,3.0,0.0,0.0,0.0,2026-07-03 00:00:00+00:00,material_comparison,True,
M2-P020-AN-R2,B004,RestNest,True,True,False,False,False,3.0,0.0,0.0,0.0,2026-07-04 00:00:00+00:00,material_comparison,True,
M2-P020-AN-R2,B003,ArcticLoom,True,True,True,False,False,1.0,0.0,0.0,0.0,2026-07-04 00:00:00+00:00,material_comparison,True,
M2-P020-AN-R2,B002,Serein Sleep,True,True,False,False,False,2.0,0.0,0.0,0.0,2026-07-04 00:00:00+00:00,material_comparison,True,
M2-P020-AN-R2,B001,AsterVale,False,False,False,False,False,,0.0,0.0,0.0,2026-07-04 00:00:00+00:00,material_comparison,True,
M2-P020-AN-R2,B005,Eucalune,False,False,False,False,False,,0.0,0.0,0.0,2026-07-04 00:00:00+00:00,material_comparison,True,
M2-P020-CH-R2,B005,Eucalune,True,True,False,False,False,2.0,0.0,0.0,0.0,2026-07-02 00:00:00+00:00,material_comparison,True,
M2-P020-CH-R2,B003,ArcticLoom,True,True,True,False,False,1.0,0.0,0.0,0.0,2026-07-02 00:00:00+00:00,material_comparison,True,
M2-P020-CH-R2,B002,Serein Sleep,False,False,False,False,False,,0.0,0.0,0.0,2026-07-02 00:00:00+00:00,material_comparison,True,
M2-P020-CH-R2,B001,AsterVale,False,False,False,False,False,,0.0,0.0,0.0,2026-07-02 00:00:00+00:00,material_comparison,True,
M2-P020-CH-R2,B004,RestNest,True,True,False,False,False,3.0,0.0,0.0,0.0,2026-07-02 00:00:00+00:00,material_comparison,True,
M2-P020-SE-R1,B004,RestNest,True,True,False,False,False,3.0,0.0,0.0,0.0,2026-07-02 00:00:00+00:00,material_comparison,True,
M2-P020-SE-R1,B005,Eucalune,False,False,False,False,False,,0.0,0.0,0.0,2026-07-02 00:00:00+00:00,material_comparison,True,
M2-P020-SE-R1,B001,AsterVale,False,False,False,False,False,,0.0,0.0,0.0,2026-07-02 00:00:00+00:00,material_comparison,True,
M2-P020-SE-R1,B003,ArcticLoom,True,True,False,False,False,1.0,0.0,0.0,0.0,2026-07-02 00:00:00+00:00,material_comparison,True,
M2-P020-SE-R1,B002,Serein Sleep,True,True,False,False,False,2.0,0.0,0.0,0.0,2026-07-02 00:00:00+00:00,material_comparison,True,
M2-P020-SE-R2,B003,ArcticLoom,True,True,False,False,False,3.0,0.0,0.0,0.0,2026-07-03 00:00:00+00:00,material_comparison,True,
M2-P020-SE-R2,B002,Serein Sleep,True,True,True,False,False,1.0,0.0,0.0,0.0,2026-07-03 00:00:00+00:00,material_comparison,True,
M2-P020-SE-R2,B004,RestNest,True,False,False,False,False,5.0,0.0,0.0,0.0,2026-07-03 00:00:00+00:00,material_comparison,True,
M2-P020-SE-R2,B005,Eucalune,True,True,False,False,False,2.0,0.0,0.0,0.0,2026-07-03 00:00:00+00:00,material_comparison,True,
M2-P020-SE-R2,B001,AsterVale,True,False,False,False,False,4.0,0.0,0.0,0.0,2026-07-03 00:00:00+00:00,category_best,True,
M2-P021-AN-R1,B002,Serein Sleep,True,True,True,True,False,1.0,0.0,0.0,0.0,2026-07-04 00:00:00+00:00,brand_shortlist,True,
M2-P021-AN-R1,B004,RestNest,True,True,True,False,False,2.0,0.0,0.0,0.0,2026-07-04 00:00:00+00:00,category_best,True,
M2-P021-AN-R1,B001,AsterVale,False,False,False,False,False,,0.0,0.0,0.0,2026-07-04 00:00:00+00:00,brand_shortlist,True,
M2-P021-AN-R1,B003,ArcticLoom,True,True,True,False,False,3.0,0.0,0.0,0.0,2026-07-04 00:00:00+00:00,brand_shortlist,True,
M2-P021-AN-R1,B005,Eucalune,True,False,False,False,False,4.0,0.0,0.0,0.0,2026-07-04 00:00:00+00:00,brand_shortlist,True,
M2-P021-AN-R2,B001,AsterVale,False,False,False,False,False,,0.0,0.0,0.0,2026-07-05 00:00:00+00:00,brand_shortlist,True,
M2-P021-AN-R2,B004,RestNest,True,False,False,False,False,4.0,0.0,0.0,0.0,2026-07-05 00:00:00+00:00,brand_shortlist,True,
M2-P021-AN-R2,B003,ArcticLoom,True,True,False,False,False,1.0,0.0,0.0,0.0,2026-07-05 00:00:00+00:00,brand_shortlist,True,
M2-P021-AN-R2,B002,Serein Sleep,True,True,False,False,False,2.0,0.0,0.0,0.0,2026-07-05 00:00:00+00:00,brand_shortlist,True,
M2-P021-AN-R2,B005,Eucalune,True,True,False,False,False,3.0,0.0,0.0,0.0,2026-07-05 00:00:00+00:00,brand_shortlist,True,
M2-P021-CH-R2,B005,Eucalune,False,False,False,False,False,,0.0,0.0,0.0,2026-07-03 00:00:00+00:00,brand_shortlist,True,
M2-P021-CH-R2,B004,RestNest,False,False,False,False,False,,0.0,0.0,0.0,2026-07-03 00:00:00+00:00,brand_shortlist,True,
M2-P021-CH-R2,B003,ArcticLoom,True,True,False,False,False,2.0,0.0,0.0,0.0,2026-07-03 00:00:00+00:00,brand_shortlist,True,
M2-P021-CH-R2,B001,AsterVale,True,True,False,False,False,3.0,0.0,0.0,0.0,2026-07-03 00:00:00+00:00,brand_shortlist,True,
M2-P021-CH-R2,B002,Serein Sleep,True,True,False,False,False,1.0,0.0,0.0,0.0,2026-07-03 00:00:00+00:00,brand_shortlist,True,
M2-P021-SE-R1,B005,Eucalune,False,False,False,False,False,,0.0,0.0,0.0,2026-07-03 00:00:00+00:00,brand_shortlist,True,
M2-P021-SE-R1,B001,AsterVale,False,False,False,False,False,,0.0,0.0,0.0,2026-07-03 00:00:00+00:00,brand_shortlist,True,
M2-P021-SE-R1,B003,ArcticLoom,True,True,True,True,False,1.0,0.0,0.0,0.0,2026-07-03 00:00:00+00:00,brand_shortlist,True,
M2-P021-SE-R1,B004,RestNest,True,True,False,False,False,3.0,0.0,0.0,0.0,2026-07-03 00:00:00+00:00,brand_shortlist,True,
M2-P021-SE-R1,B002,Serein Sleep,True,True,False,False,False,2.0,0.0,0.0,0.0,2026-07-03 00:00:00+00:00,brand_shortlist,True,
M2-P021-SE-R2,B002,Serein Sleep,True,True,False,False,False,3.0,0.0,0.0,0.0,2026-07-04 00:00:00+00:00,brand_shortlist,True,
M2-P021-SE-R2,B003,ArcticLoom,True,True,False,False,False,2.0,0.0,0.0,0.0,2026-07-04 00:00:00+00:00,brand_shortlist,True,
M2-P021-SE-R2,B001,AsterVale,False,False,False,False,False,,0.0,0.0,0.0,2026-07-04 00:00:00+00:00,brand_shortlist,True,
M2-P021-SE-R2,B005,Eucalune,True,True,True,True,False,1.0,0.0,0.0,0.0,2026-07-04 00:00:00+00:00,brand_shortlist,True,
M2-P021-SE-R2,B004,RestNest,True,False,False,False,False,4.0,0.0,0.0,0.0,2026-07-04 00:00:00+00:00,brand_shortlist,True,
M2-P022-AN-R1,B001,AsterVale,False,False,False,False,False,,0.0,0.0,0.0,2026-07-05 00:00:00+00:00,brand_shortlist,True,
M2-P022-AN-R1,B005,Eucalune,False,False,False,False,False,,0.0,0.0,0.0,2026-07-05 00:00:00+00:00,brand_shortlist,True,
M2-P022-AN-R1,B003,ArcticLoom,True,True,False,False,False,2.0,0.0,0.0,0.0,2026-07-05 00:00:00+00:00,brand_shortlist,True,
M2-P022-AN-R1,B004,RestNest,False,False,False,False,False,,0.0,0.0,0.0,2026-07-05 00:00:00+00:00,brand_shortlist,True,
M2-P022-AN-R1,B002,Serein Sleep,True,True,False,False,False,1.0,0.0,0.0,0.0,2026-07-05 00:00:00+00:00,brand_shortlist,True,
M2-P022-AN-R2,B005,Eucalune,True,False,False,False,False,5.0,0.0,0.0,0.0,2026-07-06 00:00:00+00:00,brand_shortlist,True,
M2-P022-AN-R2,B004,RestNest,True,True,True,False,False,4.0,0.0,0.0,0.0,2026-07-06 00:00:00+00:00,brand_shortlist,True,
M2-P022-AN-R2,B002,Serein Sleep,True,True,False,False,False,2.0,0.0,0.0,0.0,2026-07-06 00:00:00+00:00,brand_shortlist,True,
M2-P022-AN-R2,B003,ArcticLoom,True,True,True,True,False,1.0,0.0,0.0,0.0,2026-07-06 00:00:00+00:00,brand_shortlist,True,
M2-P022-AN-R2,B001,AsterVale,True,True,False,False,False,3.0,0.0,0.0,0.0,2026-07-06 00:00:00+00:00,brand_shortlist,True,
M2-P022-CH-R1,B001,AsterVale,False,False,False,False,False,,0.0,0.0,0.0,2026-07-03 00:00:00+00:00,brand_shortlist,True,
M2-P022-CH-R1,B003,ArcticLoom,True,True,False,False,False,1.0,0.0,0.0,0.0,2026-07-03 00:00:00+00:00,brand_shortlist,True,
M2-P022-CH-R1,B004,RestNest,True,True,False,False,False,2.0,0.0,0.0,0.0,2026-07-03 00:00:00+00:00,brand_shortlist,True,
M2-P022-CH-R1,B005,Eucalune,False,False,False,False,False,,0.0,0.0,0.0,2026-07-03 00:00:00+00:00,brand_shortlist,True,
M2-P022-CH-R1,B002,Serein Sleep,False,False,False,False,False,,0.0,0.0,0.0,2026-07-03 00:00:00+00:00,brand_shortlist,True,
M2-P022-CH-R2,B005,Eucalune,True,False,False,False,False,5.0,0.0,0.0,0.0,2026-07-04 00:00:00+00:00,brand_shortlist,True,
M2-P022-CH-R2,B001,AsterVale,True,False,False,False,False,4.0,0.0,0.0,0.0,2026-07-04 00:00:00+00:00,brand_shortlist,True,
M2-P022-CH-R2,B003,ArcticLoom,True,True,True,False,False,1.0,0.0,0.0,0.0,2026-07-04 00:00:00+00:00,brand_shortlist,True,
M2-P022-CH-R2,B002,Serein Sleep,True,True,False,False,False,2.0,0.0,0.0,0.0,2026-07-04 00:00:00+00:00,brand_shortlist,True,
M2-P022-CH-R2,B004,RestNest,True,True,False,False,False,3.0,0.0,0.0,0.0,2026-07-04 00:00:00+00:00,brand_shortlist,True,
M2-P022-SE-R1,B002,Serein Sleep,False,False,False,False,False,,0.0,0.0,0.0,2026-07-04 00:00:00+00:00,brand_shortlist,True,
M2-P022-SE-R1,B001,AsterVale,True,True,False,False,False,3.0,0.0,0.0,0.0,2026-07-04 00:00:00+00:00,brand_shortlist,True,
M2-P022-SE-R1,B003,ArcticLoom,True,True,True,False,False,1.0,0.0,0.0,0.0,2026-07-04 00:00:00+00:00,brand_shortlist,True,
M2-P022-SE-R1,B004,RestNest,False,False,False,False,False,,0.0,0.0,0.0,2026-07-04 00:00:00+00:00,brand_shortlist,True,
M2-P022-SE-R1,B005,Eucalune,True,True,True,False,False,2.0,0.0,0.0,0.0,2026-07-04 00:00:00+00:00,brand_shortlist,True,
M2-P022-SE-R2,B001,AsterVale,False,False,False,False,False,,0.0,0.0,0.0,2026-07-05 00:00:00+00:00,brand_shortlist,True,
M2-P022-SE-R2,B005,Eucalune,True,True,False,False,False,3.0,0.0,0.0,0.0,2026-07-05 00:00:00+00:00,brand_shortlist,True,
M2-P022-SE-R2,B002,Serein Sleep,True,True,True,True,False,1.0,0.0,0.0,0.0,2026-07-05 00:00:00+00:00,brand_shortlist,True,
M2-P022-SE-R2,B004,RestNest,True,True,False,False,False,2.0,0.0,0.0,0.0,2026-07-05 00:00:00+00:00,brand_shortlist,True,
M2-P022-SE-R2,B003,ArcticLoom,False,False,False,False,False,,0.0,0.0,0.0,2026-07-05 00:00:00+00:00,brand_shortlist,True,
M2-P023-AN-R1,B004,RestNest,False,False,False,False,False,,0.0,0.0,0.0,2026-07-06 00:00:00+00:00,brand_shortlist,True,
M2-P023-AN-R1,B002,Serein Sleep,False,False,False,False,False,,0.0,0.0,0.0,2026-07-06 00:00:00+00:00,brand_shortlist,True,
M2-P023-AN-R1,B001,AsterVale,False,False,False,False,False,,0.0,0.0,0.0,2026-07-06 00:00:00+00:00,brand_shortlist,True,
M2-P023-AN-R1,B003,ArcticLoom,True,True,True,True,False,1.0,0.0,0.0,0.0,2026-07-06 00:00:00+00:00,brand_shortlist,True,
M2-P023-AN-R1,B005,Eucalune,True,True,False,False,False,2.0,0.0,0.0,0.0,2026-07-06 00:00:00+00:00,brand_shortlist,True,
M2-P023-CH-R2,B002,Serein Sleep,False,False,False,False,False,,0.0,0.0,0.0,2026-07-05 00:00:00+00:00,brand_shortlist,True,
M2-P023-CH-R2,B005,Eucalune,False,False,False,False,False,,0.0,0.0,0.0,2026-07-05 00:00:00+00:00,brand_shortlist,True,
M2-P023-CH-R2,B001,AsterVale,True,True,False,False,False,2.0,0.0,0.0,0.0,2026-07-05 00:00:00+00:00,brand_shortlist,True,
M2-P023-CH-R2,B003,ArcticLoom,True,True,True,True,False,1.0,0.0,0.0,0.0,2026-07-05 00:00:00+00:00,brand_shortlist,True,
M2-P023-CH-R2,B004,RestNest,True,True,False,False,False,3.0,0.0,0.0,0.0,2026-07-05 00:00:00+00:00,brand_shortlist,True,
M2-P023-SE-R1,B004,RestNest,True,True,False,False,False,2.0,0.0,0.0,0.0,2026-07-05 00:00:00+00:00,brand_shortlist,True,
M2-P023-SE-R1,B003,ArcticLoom,True,True,True,True,False,1.0,0.0,0.0,0.0,2026-07-05 00:00:00+00:00,brand_shortlist,True,
M2-P023-SE-R1,B002,Serein Sleep,False,False,False,False,False,,0.0,0.0,0.0,2026-07-05 00:00:00+00:00,brand_shortlist,True,
M2-P023-SE-R1,B005,Eucalune,True,True,False,False,False,3.0,0.0,0.0,0.0,2026-07-05 00:00:00+00:00,brand_shortlist,True,
M2-P023-SE-R1,B001,AsterVale,False,False,False,False,False,,0.0,0.0,0.0,2026-07-05 00:00:00+00:00,brand_shortlist,True,
M2-P023-SE-R2,B002,Serein Sleep,True,False,False,False,False,4.0,0.0,0.0,0.0,2026-07-06 00:00:00+00:00,brand_shortlist,True,
M2-P023-SE-R2,B001,AsterVale,True,True,False,False,False,2.0,0.0,0.0,0.0,2026-07-06 00:00:00+00:00,brand_shortlist,True,
M2-P023-SE-R2,B005,Eucalune,True,False,False,False,False,5.0,0.0,0.0,0.0,2026-07-06 00:00:00+00:00,brand_shortlist,True,
M2-P023-SE-R2,B004,RestNest,True,True,False,False,False,1.0,0.0,0.0,0.0,2026-07-06 00:00:00+00:00,brand_shortlist,True,
M2-P023-SE-R2,B003,ArcticLoom,True,True,False,False,False,3.0,0.0,0.0,0.0,2026-07-06 00:00:00+00:00,brand_shortlist,True,
M2-P024-AN-R1,B002,Serein Sleep,True,True,False,False,False,3.0,0.0,0.0,0.0,2026-07-07 00:00:00+00:00,brand_shortlist,True,
M2-P024-AN-R1,B005,Eucalune,True,True,True,False,False,2.0,0.0,0.0,0.0,2026-07-07 00:00:00+00:00,brand_shortlist,True,
M2-P024-AN-R1,B004,RestNest,True,False,False,False,False,4.0,0.0,0.0,0.0,2026-07-07 00:00:00+00:00,brand_shortlist,True,
M2-P024-AN-R1,B003,ArcticLoom,True,True,True,True,False,1.0,0.0,0.0,0.0,2026-07-07 00:00:00+00:00,brand_shortlist,True,
M2-P024-AN-R1,B001,AsterVale,False,False,False,False,False,,0.0,0.0,0.0,2026-07-07 00:00:00+00:00,brand_shortlist,True,
M2-P024-AN-R2,B003,ArcticLoom,False,False,False,False,False,,0.0,0.0,0.0,2026-07-08 00:00:00+00:00,brand_shortlist,True,
M2-P024-AN-R2,B005,Eucalune,True,True,False,False,False,3.0,0.0,0.0,0.0,2026-07-08 00:00:00+00:00,brand_shortlist,True,
M2-P024-AN-R2,B001,AsterVale,False,False,False,False,False,,0.0,0.0,0.0,2026-07-08 00:00:00+00:00,brand_shortlist,True,
M2-P024-AN-R2,B004,RestNest,True,True,False,False,False,2.0,0.0,0.0,0.0,2026-07-08 00:00:00+00:00,brand_shortlist,True,
M2-P024-AN-R2,B002,Serein Sleep,True,True,True,True,False,1.0,0.0,0.0,0.0,2026-07-08 00:00:00+00:00,brand_shortlist,True,
M2-P024-CH-R1,B004,RestNest,True,False,False,False,False,4.0,0.0,0.0,0.0,2026-07-05 00:00:00+00:00,brand_shortlist,True,
M2-P024-CH-R1,B002,Serein Sleep,True,True,False,False,False,1.0,0.0,0.0,0.0,2026-07-05 00:00:00+00:00,brand_shortlist,True,
M2-P024-CH-R1,B005,Eucalune,True,True,False,False,False,3.0,0.0,0.0,0.0,2026-07-05 00:00:00+00:00,brand_shortlist,True,
M2-P024-CH-R1,B001,AsterVale,False,False,False,False,False,,0.0,0.0,0.0,2026-07-05 00:00:00+00:00,brand_shortlist,True,
M2-P024-CH-R1,B003,ArcticLoom,True,True,False,False,False,2.0,0.0,0.0,0.0,2026-07-05 00:00:00+00:00,brand_shortlist,True,
M2-P024-CH-R2,B002,Serein Sleep,True,True,True,True,False,1.0,0.0,0.0,0.0,2026-07-06 00:00:00+00:00,brand_shortlist,True,
M2-P024-CH-R2,B001,AsterVale,False,False,False,False,False,,0.0,0.0,0.0,2026-07-06 00:00:00+00:00,brand_shortlist,True,
M2-P024-CH-R2,B005,Eucalune,False,False,False,False,False,,0.0,0.0,0.0,2026-07-06 00:00:00+00:00,brand_shortlist,True,
M2-P024-CH-R2,B004,RestNest,False,False,False,False,False,,0.0,0.0,0.0,2026-07-06 00:00:00+00:00,brand_shortlist,True,
M2-P024-CH-R2,B003,ArcticLoom,True,True,False,False,False,2.0,0.0,0.0,0.0,2026-07-06 00:00:00+00:00,brand_shortlist,True,
M2-P024-SE-R1,B004,RestNest,True,True,True,False,False,2.0,0.0,0.0,0.0,2026-07-06 00:00:00+00:00,brand_shortlist,True,
M2-P024-SE-R1,B002,Serein Sleep,False,False,False,False,False,,0.0,0.0,0.0,2026-07-06 00:00:00+00:00,brand_shortlist,True,
M2-P024-SE-R1,B005,Eucalune,True,True,True,False,False,1.0,0.0,0.0,0.0,2026-07-06 00:00:00+00:00,brand_shortlist,True,
M2-P024-SE-R1,B003,ArcticLoom,True,True,False,False,False,3.0,0.0,0.0,0.0,2026-07-06 00:00:00+00:00,brand_shortlist,True,
M2-P024-SE-R1,B001,AsterVale,False,False,False,False,False,,0.0,0.0,0.0,2026-07-06 00:00:00+00:00,brand_shortlist,True,
M2-P024-SE-R2,B002,Serein Sleep,False,False,False,False,False,,0.0,0.0,0.0,2026-07-07 00:00:00+00:00,category_best,True,
M2-P024-SE-R2,B005,Eucalune,True,True,False,False,False,1.0,0.0,0.0,0.0,2026-07-07 00:00:00+00:00,brand_shortlist,True,
M2-P024-SE-R2,B003,ArcticLoom,True,True,False,False,False,2.0,0.0,0.0,0.0,2026-07-07 00:00:00+00:00,brand_shortlist,True,
M2-P024-SE-R2,B001,AsterVale,False,False,False,False,False,,0.0,0.0,0.0,2026-07-07 00:00:00+00:00,brand_shortlist,True,
M2-P024-SE-R2,B004,RestNest,False,False,False,False,False,,0.0,0.0,0.0,2026-07-07 00:00:00+00:00,brand_shortlist,True,
M2-P025-AN-R1,B005,Eucalune,True,True,False,False,False,2.0,0.0,0.0,0.0,2026-07-08 00:00:00+00:00,value_under_200,True,
M2-P025-AN-R1,B003,ArcticLoom,True,True,True,False,False,1.0,0.0,0.0,0.0,2026-07-08 00:00:00+00:00,value_under_200,True,
M2-P025-AN-R1,B004,RestNest,True,False,False,False,False,4.0,0.0,0.0,0.0,2026-07-08 00:00:00+00:00,value_under_200,True,
M2-P025-AN-R1,B002,Serein Sleep,True,True,True,False,False,3.0,0.0,0.0,0.0,2026-07-08 00:00:00+00:00,value_under_200,True,
M2-P025-AN-R1,B001,AsterVale,False,False,False,False,False,,0.0,0.0,0.0,2026-07-08 00:00:00+00:00,value_under_200,True,
M2-P025-AN-R2,B002,Serein Sleep,False,False,False,False,False,,0.0,0.0,0.0,2026-07-02 00:00:00+00:00,value_under_200,True,
M2-P025-AN-R2,B001,AsterVale,False,False,False,False,False,,0.0,0.0,0.0,2026-07-02 00:00:00+00:00,value_under_200,True,
M2-P025-AN-R2,B003,ArcticLoom,True,True,True,False,False,1.0,0.0,0.0,0.0,2026-07-02 00:00:00+00:00,value_under_200,True,
M2-P025-AN-R2,B004,RestNest,True,True,False,False,False,2.0,0.0,0.0,0.0,2026-07-02 00:00:00+00:00,value_under_200,True,
M2-P025-AN-R2,B005,Eucalune,False,False,False,False,False,,0.0,0.0,0.0,2026-07-02 00:00:00+00:00,value_under_200,True,
M2-P025-CH-R1,B004,RestNest,True,False,False,False,False,4.0,0.0,0.0,0.0,2026-07-06 00:00:00+00:00,value_under_200,True,
M2-P025-CH-R1,B005,Eucalune,False,False,False,False,False,,0.0,0.0,0.0,2026-07-06 00:00:00+00:00,value_under_200,True,
M2-P025-CH-R1,B001,AsterVale,True,True,False,False,False,2.0,0.0,0.0,0.0,2026-07-06 00:00:00+00:00,value_under_200,True,
M2-P025-CH-R1,B002,Serein Sleep,True,True,False,False,False,3.0,0.0,0.0,0.0,2026-07-06 00:00:00+00:00,value_under_200,True,
M2-P025-CH-R1,B003,ArcticLoom,True,True,True,True,False,1.0,0.0,0.0,0.0,2026-07-06 00:00:00+00:00,value_under_200,True,
M2-P025-CH-R2,B001,AsterVale,True,True,False,False,False,2.0,0.0,0.0,0.0,2026-07-07 00:00:00+00:00,value_under_200,True,
M2-P025-CH-R2,B005,Eucalune,True,False,False,False,False,4.0,0.0,0.0,0.0,2026-07-07 00:00:00+00:00,value_under_200,True,
M2-P025-CH-R2,B002,Serein Sleep,True,True,True,True,False,1.0,0.0,0.0,0.0,2026-07-07 00:00:00+00:00,value_under_200,True,
M2-P025-CH-R2,B004,RestNest,False,False,False,False,False,,0.0,0.0,0.0,2026-07-07 00:00:00+00:00,value_under_200,True,
M2-P025-CH-R2,B003,ArcticLoom,True,True,False,False,False,3.0,0.0,0.0,0.0,2026-07-07 00:00:00+00:00,value_under_200,True,
M2-P025-SE-R1,B004,RestNest,True,True,False,False,False,3.0,0.0,0.0,0.0,2026-07-07 00:00:00+00:00,value_under_200,True,
M2-P025-SE-R1,B002,Serein Sleep,True,True,True,False,False,2.0,0.0,0.0,0.0,2026-07-07 00:00:00+00:00,value_under_200,True,
M2-P025-SE-R1,B001,AsterVale,True,False,False,False,False,4.0,0.0,0.0,0.0,2026-07-07 00:00:00+00:00,value_under_200,True,
M2-P025-SE-R1,B005,Eucalune,False,False,False,False,False,,0.0,0.0,0.0,2026-07-07 00:00:00+00:00,value_under_200,True,
M2-P025-SE-R1,B003,ArcticLoom,True,True,True,True,False,1.0,0.0,0.0,0.0,2026-07-07 00:00:00+00:00,value_under_200,True,
M2-P025-SE-R2,B004,RestNest,True,True,True,False,False,1.0,0.0,0.0,0.0,2026-07-08 00:00:00+00:00,value_under_200,True,
M2-P025-SE-R2,B003,ArcticLoom,True,True,False,False,False,2.0,0.0,0.0,0.0,2026-07-08 00:00:00+00:00,value_under_200,True,
M2-P025-SE-R2,B005,Eucalune,True,False,False,False,False,5.0,0.0,0.0,0.0,2026-07-08 00:00:00+00:00,value_under_200,True,
M2-P025-SE-R2,B002,Serein Sleep,True,True,False,False,False,3.0,0.0,0.0,0.0,2026-07-08 00:00:00+00:00,value_under_200,True,
M2-P025-SE-R2,B001,AsterVale,True,False,False,False,False,4.0,0.0,0.0,0.0,2026-07-08 00:00:00+00:00,value_under_200,True,
M2-P026-AN-R1,B005,Eucalune,False,False,False,False,False,,0.0,0.0,0.0,2026-07-02 00:00:00+00:00,value_under_200,True,
M2-P026-AN-R1,B002,Serein Sleep,True,True,False,False,False,2.0,0.0,0.0,0.0,2026-07-02 00:00:00+00:00,value_under_200,True,
M2-P026-AN-R1,B004,RestNest,True,True,False,False,False,3.0,0.0,0.0,0.0,2026-07-02 00:00:00+00:00,value_under_200,True,
M2-P026-AN-R1,B003,ArcticLoom,True,True,True,True,False,1.0,0.0,0.0,0.0,2026-07-02 00:00:00+00:00,value_under_200,True,
M2-P026-AN-R1,B001,AsterVale,True,False,False,False,False,4.0,0.0,0.0,0.0,2026-07-02 00:00:00+00:00,value_under_200,True,
M2-P026-AN-R2,B005,Eucalune,False,False,False,False,False,,0.0,0.0,0.0,2026-07-03 00:00:00+00:00,value_under_200,True,
M2-P026-AN-R2,B004,RestNest,True,True,False,False,False,2.0,0.0,0.0,0.0,2026-07-03 00:00:00+00:00,value_under_200,True,
M2-P026-AN-R2,B002,Serein Sleep,True,True,True,True,False,1.0,0.0,0.0,0.0,2026-07-03 00:00:00+00:00,value_under_200,True,
M2-P026-AN-R2,B003,ArcticLoom,False,False,False,False,False,,0.0,0.0,0.0,2026-07-03 00:00:00+00:00,value_under_200,True,
M2-P026-AN-R2,B001,AsterVale,False,False,False,False,False,,0.0,0.0,0.0,2026-07-03 00:00:00+00:00,value_under_200,True,
M2-P026-CH-R1,B002,Serein Sleep,True,True,True,True,False,1.0,0.0,0.0,0.0,2026-07-07 00:00:00+00:00,value_under_200,True,
M2-P026-CH-R1,B005,Eucalune,True,True,False,False,False,3.0,0.0,0.0,0.0,2026-07-07 00:00:00+00:00,value_under_200,True,
M2-P026-CH-R1,B001,AsterVale,False,False,False,False,False,,0.0,0.0,0.0,2026-07-07 00:00:00+00:00,value_under_200,True,
M2-P026-CH-R1,B004,RestNest,True,False,False,False,False,4.0,0.0,0.0,0.0,2026-07-07 00:00:00+00:00,value_under_200,True,
M2-P026-CH-R1,B003,ArcticLoom,True,True,False,False,False,2.0,0.0,0.0,0.0,2026-07-07 00:00:00+00:00,value_under_200,True,
M2-P026-SE-R1,B003,ArcticLoom,True,True,False,False,False,2.0,0.0,0.0,0.0,2026-07-08 00:00:00+00:00,value_under_200,True,
M2-P026-SE-R1,B004,RestNest,False,False,False,False,False,,0.0,0.0,0.0,2026-07-08 00:00:00+00:00,value_under_200,True,
M2-P026-SE-R1,B002,Serein Sleep,True,True,True,True,False,1.0,0.0,0.0,0.0,2026-07-08 00:00:00+00:00,value_under_200,True,
M2-P026-SE-R1,B005,Eucalune,False,False,False,False,False,,0.0,0.0,0.0,2026-07-08 00:00:00+00:00,value_under_200,True,
M2-P026-SE-R1,B001,AsterVale,False,False,False,False,False,,0.0,0.0,0.0,2026-07-08 00:00:00+00:00,value_under_200,True,
M2-P026-SE-R2,B004,RestNest,False,False,False,False,False,,0.0,0.0,0.0,2026-07-02 00:00:00+00:00,value_under_200,True,
M2-P026-SE-R2,B003,ArcticLoom,True,True,False,False,False,3.0,0.0,0.0,0.0,2026-07-02 00:00:00+00:00,value_under_200,True,
M2-P026-SE-R2,B002,Serein Sleep,True,True,False,False,False,2.0,0.0,0.0,0.0,2026-07-02 00:00:00+00:00,value_under_200,True,
M2-P026-SE-R2,B001,AsterVale,False,False,False,False,False,,0.0,0.0,0.0,2026-07-02 00:00:00+00:00,value_under_200,True,
M2-P026-SE-R2,B005,Eucalune,True,True,False,False,False,1.0,0.0,0.0,0.0,2026-07-02 00:00:00+00:00,value_under_200,True,
M2-P027-AN-R1,B005,Eucalune,False,False,False,False,False,,0.0,0.0,0.0,2026-07-03 00:00:00+00:00,value_under_200,True,
M2-P027-AN-R1,B003,ArcticLoom,False,False,False,False,False,,0.0,0.0,0.0,2026-07-03 00:00:00+00:00,value_under_200,True,
M2-P027-AN-R1,B004,RestNest,True,True,False,False,False,2.0,0.0,0.0,0.0,2026-07-03 00:00:00+00:00,value_under_200,True,
M2-P027-AN-R1,B001,AsterVale,False,False,False,False,False,,0.0,0.0,0.0,2026-07-03 00:00:00+00:00,value_under_200,True,
M2-P027-AN-R1,B002,Serein Sleep,True,True,True,True,False,1.0,0.0,0.0,0.0,2026-07-03 00:00:00+00:00,value_under_200,True,
M2-P027-AN-R2,B003,ArcticLoom,True,True,False,False,False,3.0,0.0,0.0,0.0,2026-07-04 00:00:00+00:00,value_under_200,True,
M2-P027-AN-R2,B004,RestNest,False,False,False,False,False,,0.0,0.0,0.0,2026-07-04 00:00:00+00:00,value_under_200,True,
M2-P027-AN-R2,B005,Eucalune,True,True,False,False,False,2.0,0.0,0.0,0.0,2026-07-04 00:00:00+00:00,value_under_200,True,
M2-P027-AN-R2,B001,AsterVale,False,False,False,False,False,,0.0,0.0,0.0,2026-07-04 00:00:00+00:00,value_under_200,True,
M2-P027-AN-R2,B002,Serein Sleep,True,True,False,False,False,1.0,0.0,0.0,0.0,2026-07-04 00:00:00+00:00,value_under_200,True,
M2-P027-CH-R1,B004,RestNest,True,False,False,False,False,4.0,0.0,0.0,0.0,2026-07-08 00:00:00+00:00,value_under_200,True,
M2-P027-CH-R1,B005,Eucalune,True,True,False,False,False,3.0,0.0,0.0,0.0,2026-07-08 00:00:00+00:00,value_under_200,True,
M2-P027-CH-R1,B003,ArcticLoom,True,True,True,False,False,2.0,0.0,0.0,0.0,2026-07-08 00:00:00+00:00,value_under_200,True,
M2-P027-CH-R1,B001,AsterVale,False,False,False,False,False,,0.0,0.0,0.0,2026-07-08 00:00:00+00:00,value_under_200,True,
M2-P027-CH-R1,B002,Serein Sleep,True,True,False,False,False,1.0,0.0,0.0,0.0,2026-07-08 00:00:00+00:00,value_under_200,True,
M2-P027-CH-R2,B003,ArcticLoom,False,False,False,False,False,,0.0,0.0,0.0,2026-07-02 00:00:00+00:00,value_under_200,True,
M2-P027-CH-R2,B005,Eucalune,True,True,False,False,False,3.0,0.0,0.0,0.0,2026-07-02 00:00:00+00:00,value_under_200,True,
M2-P027-CH-R2,B001,AsterVale,True,True,True,True,False,1.0,0.0,0.0,0.0,2026-07-02 00:00:00+00:00,value_under_200,True,
M2-P027-CH-R2,B002,Serein Sleep,False,False,False,False,False,,0.0,0.0,0.0,2026-07-02 00:00:00+00:00,value_under_200,True,
M2-P027-CH-R2,B004,RestNest,True,True,False,False,False,2.0,0.0,0.0,0.0,2026-07-02 00:00:00+00:00,value_under_200,True,
M2-P027-SE-R1,B005,Eucalune,False,False,False,False,False,,0.0,0.0,0.0,2026-07-02 00:00:00+00:00,value_under_200,True,
M2-P027-SE-R1,B002,Serein Sleep,True,True,False,False,False,1.0,0.0,0.0,0.0,2026-07-02 00:00:00+00:00,value_under_200,True,
M2-P027-SE-R1,B004,RestNest,True,True,False,False,False,3.0,0.0,0.0,0.0,2026-07-02 00:00:00+00:00,value_under_200,True,
M2-P027-SE-R1,B003,ArcticLoom,True,True,False,False,False,2.0,0.0,0.0,0.0,2026-07-02 00:00:00+00:00,value_under_200,True,
M2-P027-SE-R1,B001,AsterVale,True,False,False,False,False,4.0,0.0,0.0,0.0,2026-07-02 00:00:00+00:00,value_under_200,True,
M2-P028-AN-R1,B004,RestNest,False,False,False,False,False,,0.0,0.0,0.0,2026-07-04 00:00:00+00:00,value_under_200,True,
M2-P028-AN-R1,B005,Eucalune,True,True,False,False,False,2.0,0.0,0.0,0.0,2026-07-04 00:00:00+00:00,value_under_200,True,
M2-P028-AN-R1,B002,Serein Sleep,True,True,True,False,False,1.0,0.0,0.0,0.0,2026-07-04 00:00:00+00:00,value_under_200,True,
M2-P028-AN-R1,B003,ArcticLoom,False,False,False,False,False,,0.0,0.0,0.0,2026-07-04 00:00:00+00:00,value_under_200,True,
M2-P028-AN-R1,B001,AsterVale,False,False,False,False,False,,0.0,0.0,0.0,2026-07-04 00:00:00+00:00,value_under_200,True,
M2-P028-AN-R2,B001,AsterVale,True,True,False,False,False,3.0,0.0,0.0,0.0,2026-07-05 00:00:00+00:00,value_under_200,True,
M2-P028-AN-R2,B003,ArcticLoom,False,False,False,False,False,,0.0,0.0,0.0,2026-07-05 00:00:00+00:00,value_under_200,True,
M2-P028-AN-R2,B004,RestNest,False,False,False,False,False,,0.0,0.0,0.0,2026-07-05 00:00:00+00:00,value_under_200,True,
M2-P028-AN-R2,B005,Eucalune,True,True,False,False,False,2.0,0.0,0.0,0.0,2026-07-05 00:00:00+00:00,value_under_200,True,
M2-P028-AN-R2,B002,Serein Sleep,True,True,True,True,False,1.0,0.0,0.0,0.0,2026-07-05 00:00:00+00:00,value_under_200,True,
M2-P028-CH-R1,B004,RestNest,True,True,True,False,False,2.0,0.0,0.0,0.0,2026-07-02 00:00:00+00:00,value_under_200,True,
M2-P028-CH-R1,B002,Serein Sleep,True,True,True,True,False,1.0,0.0,0.0,0.0,2026-07-02 00:00:00+00:00,value_under_200,True,
M2-P028-CH-R1,B005,Eucalune,False,False,False,False,False,,0.0,0.0,0.0,2026-07-02 00:00:00+00:00,value_under_200,True,
M2-P028-CH-R1,B001,AsterVale,False,False,False,False,False,,0.0,0.0,0.0,2026-07-02 00:00:00+00:00,value_under_200,True,
M2-P028-CH-R1,B003,ArcticLoom,False,False,False,False,False,,0.0,0.0,0.0,2026-07-02 00:00:00+00:00,value_under_200,True,
M2-P028-CH-R2,B001,AsterVale,False,False,False,False,False,,0.0,0.0,0.0,2026-07-03 00:00:00+00:00,value_under_200,True,
M2-P028-CH-R2,B005,Eucalune,True,True,False,False,False,3.0,0.0,0.0,0.0,2026-07-03 00:00:00+00:00,value_under_200,True,
M2-P028-CH-R2,B002,Serein Sleep,True,True,True,False,False,2.0,0.0,0.0,0.0,2026-07-03 00:00:00+00:00,value_under_200,True,
M2-P028-CH-R2,B003,ArcticLoom,False,False,False,False,False,,0.0,0.0,0.0,2026-07-03 00:00:00+00:00,value_under_200,True,
M2-P028-CH-R2,B004,RestNest,True,True,True,True,False,1.0,0.0,0.0,0.0,2026-07-03 00:00:00+00:00,value_under_200,True,
M2-P028-SE-R1,B004,RestNest,True,True,False,False,False,3.0,0.0,0.0,0.0,2026-07-03 00:00:00+00:00,value_under_200,True,
M2-P028-SE-R1,B005,Eucalune,True,True,False,False,False,1.0,0.0,0.0,0.0,2026-07-03 00:00:00+00:00,value_under_200,True,
M2-P028-SE-R1,B003,ArcticLoom,True,True,False,False,False,2.0,0.0,0.0,0.0,2026-07-03 00:00:00+00:00,value_under_200,True,
M2-P028-SE-R1,B002,Serein Sleep,False,False,False,False,False,,0.0,0.0,0.0,2026-07-03 00:00:00+00:00,value_under_200,True,
M2-P028-SE-R1,B001,AsterVale,False,False,False,False,False,,0.0,0.0,0.0,2026-07-03 00:00:00+00:00,value_under_200,True,
M2-P028-SE-R2,B001,AsterVale,False,False,False,False,False,,0.0,0.0,0.0,2026-07-04 00:00:00+00:00,value_under_200,True,
M2-P028-SE-R2,B005,Eucalune,True,True,False,False,False,1.0,0.0,0.0,0.0,2026-07-04 00:00:00+00:00,value_under_200,True,
M2-P028-SE-R2,B004,RestNest,True,True,False,False,False,3.0,0.0,0.0,0.0,2026-07-04 00:00:00+00:00,value_under_200,True,
M2-P028-SE-R2,B003,ArcticLoom,False,False,False,False,False,,0.0,0.0,0.0,2026-07-04 00:00:00+00:00,value_under_200,True,
M2-P028-SE-R2,B002,Serein Sleep,True,True,False,False,False,2.0,0.0,0.0,0.0,2026-07-04 00:00:00+00:00,value_under_200,True,
M2-P029-CH-R1,B004,RestNest,False,False,False,False,False,,0.0,0.0,0.0,2026-07-03 00:00:00+00:00,sensitive_skin,True,
M2-P029-CH-R1,B003,ArcticLoom,True,True,False,False,False,1.0,0.0,0.0,0.0,2026-07-03 00:00:00+00:00,sensitive_skin,True,
M2-P029-CH-R1,B001,AsterVale,False,False,False,False,False,,0.0,0.0,0.0,2026-07-03 00:00:00+00:00,sensitive_skin,True,
M2-P029-CH-R1,B005,Eucalune,True,True,False,False,False,2.0,0.0,0.0,0.0,2026-07-03 00:00:00+00:00,sensitive_skin,True,
M2-P029-CH-R1,B002,Serein Sleep,True,True,False,False,False,3.0,0.0,0.0,0.0,2026-07-03 00:00:00+00:00,sensitive_skin,True,
M2-P029-CH-R2,B002,Serein Sleep,True,True,True,True,False,1.0,0.0,0.0,0.0,2026-07-04 00:00:00+00:00,sensitive_skin,True,
M2-P029-CH-R2,B001,AsterVale,False,False,False,False,False,,0.0,0.0,0.0,2026-07-04 00:00:00+00:00,sensitive_skin,True,
M2-P029-CH-R2,B004,RestNest,True,True,False,False,False,2.0,0.0,0.0,0.0,2026-07-04 00:00:00+00:00,sensitive_skin,True,
M2-P029-CH-R2,B003,ArcticLoom,False,False,False,False,False,,0.0,0.0,0.0,2026-07-04 00:00:00+00:00,sensitive_skin,True,
M2-P029-CH-R2,B005,Eucalune,True,True,False,False,False,3.0,0.0,0.0,0.0,2026-07-04 00:00:00+00:00,sensitive_skin,True,
M2-P029-SE-R1,B001,AsterVale,False,False,False,False,False,,0.0,0.0,0.0,2026-07-04 00:00:00+00:00,sensitive_skin,True,
M2-P029-SE-R1,B005,Eucalune,True,True,True,True,False,1.0,0.0,0.0,0.0,2026-07-04 00:00:00+00:00,sensitive_skin,True,
M2-P029-SE-R1,B003,ArcticLoom,False,False,False,False,False,,0.0,0.0,0.0,2026-07-04 00:00:00+00:00,sensitive_skin,True,
M2-P029-SE-R1,B004,RestNest,True,True,False,False,False,2.0,0.0,0.0,0.0,2026-07-04 00:00:00+00:00,sensitive_skin,True,
M2-P029-SE-R1,B002,Serein Sleep,True,True,False,False,False,3.0,0.0,0.0,0.0,2026-07-04 00:00:00+00:00,sensitive_skin,True,
M2-P029-SE-R2,B004,RestNest,False,False,False,False,False,,0.0,0.0,0.0,2026-07-05 00:00:00+00:00,sensitive_skin,True,
M2-P029-SE-R2,B005,Eucalune,True,True,False,False,False,3.0,0.0,0.0,0.0,2026-07-05 00:00:00+00:00,sensitive_skin,True,
M2-P029-SE-R2,B003,ArcticLoom,True,True,True,False,False,2.0,0.0,0.0,0.0,2026-07-05 00:00:00+00:00,sensitive_skin,True,
M2-P029-SE-R2,B002,Serein Sleep,True,True,False,False,False,1.0,0.0,0.0,0.0,2026-07-05 00:00:00+00:00,sensitive_skin,True,
M2-P029-SE-R2,B001,AsterVale,True,False,False,False,False,4.0,0.0,0.0,0.0,2026-07-05 00:00:00+00:00,sensitive_skin,True,
M2-P030-AN-R1,B004,RestNest,False,False,False,False,False,,0.0,0.0,0.0,2026-07-06 00:00:00+00:00,sensitive_skin,True,
M2-P030-AN-R1,B003,ArcticLoom,True,True,True,False,False,2.0,0.0,0.0,0.0,2026-07-06 00:00:00+00:00,sensitive_skin,True,
M2-P030-AN-R1,B005,Eucalune,False,False,False,False,False,,0.0,0.0,0.0,2026-07-06 00:00:00+00:00,sensitive_skin,True,
M2-P030-AN-R1,B001,AsterVale,False,False,False,False,False,,0.0,0.0,0.0,2026-07-06 00:00:00+00:00,sensitive_skin,True,
M2-P030-AN-R1,B002,Serein Sleep,True,True,True,True,False,1.0,0.0,0.0,0.0,2026-07-06 00:00:00+00:00,sensitive_skin,True,
M2-P030-AN-R2,B005,Eucalune,False,False,False,False,False,,0.0,0.0,0.0,2026-07-07 00:00:00+00:00,sensitive_skin,True,
M2-P030-AN-R2,B003,ArcticLoom,True,True,False,False,False,2.0,0.0,0.0,0.0,2026-07-07 00:00:00+00:00,sensitive_skin,True,
M2-P030-AN-R2,B002,Serein Sleep,True,True,False,False,False,1.0,0.0,0.0,0.0,2026-07-07 00:00:00+00:00,sensitive_skin,True,
M2-P030-AN-R2,B004,RestNest,False,False,False,False,False,,0.0,0.0,0.0,2026-07-07 00:00:00+00:00,sensitive_skin,True,
M2-P030-AN-R2,B001,AsterVale,False,False,False,False,False,,0.0,0.0,0.0,2026-07-07 00:00:00+00:00,sensitive_skin,True,
M2-P030-CH-R1,B003,ArcticLoom,False,False,False,False,False,,0.0,0.0,0.0,2026-07-04 00:00:00+00:00,sensitive_skin,True,
M2-P030-CH-R1,B002,Serein Sleep,False,False,False,False,False,,0.0,0.0,0.0,2026-07-04 00:00:00+00:00,sensitive_skin,True,
M2-P030-CH-R1,B001,AsterVale,False,False,False,False,False,,0.0,0.0,0.0,2026-07-04 00:00:00+00:00,sensitive_skin,True,
M2-P030-CH-R1,B004,RestNest,True,True,False,False,False,2.0,0.0,0.0,0.0,2026-07-04 00:00:00+00:00,sensitive_skin,True,
M2-P030-CH-R1,B005,Eucalune,True,True,True,False,False,1.0,0.0,0.0,0.0,2026-07-04 00:00:00+00:00,sensitive_skin,True,
M2-P030-CH-R2,B001,AsterVale,False,False,False,False,False,,0.0,0.0,0.0,2026-07-05 00:00:00+00:00,sensitive_skin,True,
M2-P030-CH-R2,B005,Eucalune,False,False,False,False,False,,0.0,0.0,0.0,2026-07-05 00:00:00+00:00,sensitive_skin,True,
M2-P030-CH-R2,B004,RestNest,False,False,False,False,False,,0.0,0.0,0.0,2026-07-05 00:00:00+00:00,sensitive_skin,True,
M2-P030-CH-R2,B002,Serein Sleep,True,True,True,True,False,1.0,0.0,0.0,0.0,2026-07-05 00:00:00+00:00,sensitive_skin,True,
M2-P030-CH-R2,B003,ArcticLoom,True,True,False,False,False,2.0,0.0,0.0,0.0,2026-07-05 00:00:00+00:00,sensitive_skin,True,
M2-P030-SE-R1,B003,ArcticLoom,True,True,True,True,False,1.0,0.0,0.0,0.0,2026-07-05 00:00:00+00:00,sensitive_skin,True,
M2-P030-SE-R1,B002,Serein Sleep,False,False,False,False,False,,0.0,0.0,0.0,2026-07-05 00:00:00+00:00,sensitive_skin,True,
M2-P030-SE-R1,B004,RestNest,True,True,False,False,False,2.0,0.0,0.0,0.0,2026-07-05 00:00:00+00:00,sensitive_skin,True,
M2-P030-SE-R1,B001,AsterVale,False,False,False,False,False,,0.0,0.0,0.0,2026-07-05 00:00:00+00:00,sensitive_skin,True,
M2-P030-SE-R1,B005,Eucalune,True,True,False,False,False,3.0,0.0,0.0,0.0,2026-07-05 00:00:00+00:00,sensitive_skin,True,
M2-P030-SE-R2,B001,AsterVale,True,False,False,False,False,4.0,0.0,0.0,0.0,2026-07-06 00:00:00+00:00,sensitive_skin,True,
M2-P030-SE-R2,B003,ArcticLoom,True,True,False,False,False,3.0,0.0,0.0,0.0,2026-07-06 00:00:00+00:00,sensitive_skin,True,
M2-P030-SE-R2,B002,Serein Sleep,False,False,False,False,False,,0.0,0.0,0.0,2026-07-06 00:00:00+00:00,sensitive_skin,True,
M2-P030-SE-R2,B004,RestNest,True,True,True,True,False,1.0,0.0,0.0,0.0,2026-07-06 00:00:00+00:00,sensitive_skin,True,
M2-P030-SE-R2,B005,Eucalune,True,True,True,False,False,2.0,0.0,0.0,0.0,2026-07-06 00:00:00+00:00,sensitive_skin,True,
M2-P031-AN-R1,B004,RestNest,True,True,False,False,False,3.0,0.0,0.0,0.0,2026-07-07 00:00:00+00:00,sensitive_skin,True,
M2-P031-AN-R1,B003,ArcticLoom,True,True,False,False,False,2.0,0.0,0.0,0.0,2026-07-07 00:00:00+00:00,sensitive_skin,True,
M2-P031-AN-R1,B005,Eucalune,True,False,False,False,False,4.0,0.0,0.0,0.0,2026-07-07 00:00:00+00:00,sensitive_skin,True,
M2-P031-AN-R1,B001,AsterVale,False,False,False,False,False,,0.0,0.0,0.0,2026-07-07 00:00:00+00:00,sensitive_skin,True,
M2-P031-AN-R1,B002,Serein Sleep,True,True,True,True,False,1.0,0.0,0.0,0.0,2026-07-07 00:00:00+00:00,sensitive_skin,True,
M2-P031-AN-R2,B001,AsterVale,False,False,False,False,False,,0.0,0.0,0.0,2026-07-08 00:00:00+00:00,sensitive_skin,True,
M2-P031-AN-R2,B005,Eucalune,True,True,False,False,False,1.0,0.0,0.0,0.0,2026-07-08 00:00:00+00:00,sensitive_skin,True,
M2-P031-AN-R2,B004,RestNest,True,True,False,False,False,2.0,0.0,0.0,0.0,2026-07-08 00:00:00+00:00,sensitive_skin,True,
M2-P031-AN-R2,B002,Serein Sleep,True,True,False,False,False,3.0,0.0,0.0,0.0,2026-07-08 00:00:00+00:00,sensitive_skin,True,
M2-P031-AN-R2,B003,ArcticLoom,False,False,False,False,False,,0.0,0.0,0.0,2026-07-08 00:00:00+00:00,sensitive_skin,True,
M2-P031-CH-R1,B003,ArcticLoom,False,False,False,False,False,,0.0,0.0,0.0,2026-07-05 00:00:00+00:00,sensitive_skin,True,
M2-P031-CH-R1,B004,RestNest,False,False,False,False,False,,0.0,0.0,0.0,2026-07-05 00:00:00+00:00,sensitive_skin,True,
M2-P031-CH-R1,B001,AsterVale,True,True,True,False,False,2.0,0.0,0.0,0.0,2026-07-05 00:00:00+00:00,sensitive_skin,True,
M2-P031-CH-R1,B005,Eucalune,False,False,False,False,False,,0.0,0.0,0.0,2026-07-05 00:00:00+00:00,sensitive_skin,True,
M2-P031-CH-R1,B002,Serein Sleep,True,True,True,True,False,1.0,0.0,0.0,0.0,2026-07-05 00:00:00+00:00,sensitive_skin,True,
M2-P031-CH-R2,B005,Eucalune,False,False,False,False,False,,0.0,0.0,0.0,2026-07-06 00:00:00+00:00,sensitive_skin,True,
M2-P031-CH-R2,B003,ArcticLoom,True,True,True,True,False,1.0,0.0,0.0,0.0,2026-07-06 00:00:00+00:00,sensitive_skin,True,
M2-P031-CH-R2,B002,Serein Sleep,False,False,False,False,False,,0.0,0.0,0.0,2026-07-06 00:00:00+00:00,sensitive_skin,True,
M2-P031-CH-R2,B001,AsterVale,True,True,False,False,False,3.0,0.0,0.0,0.0,2026-07-06 00:00:00+00:00,sensitive_skin,True,
M2-P031-CH-R2,B004,RestNest,True,True,False,False,False,2.0,0.0,0.0,0.0,2026-07-06 00:00:00+00:00,sensitive_skin,True,
M2-P031-SE-R1,B005,Eucalune,True,True,True,True,False,1.0,0.0,0.0,0.0,2026-07-06 00:00:00+00:00,sensitive_skin,True,
M2-P031-SE-R1,B004,RestNest,False,False,False,False,False,,0.0,0.0,0.0,2026-07-06 00:00:00+00:00,sensitive_skin,True,
M2-P031-SE-R1,B001,AsterVale,True,True,False,False,False,2.0,0.0,0.0,0.0,2026-07-06 00:00:00+00:00,sensitive_skin,True,
M2-P031-SE-R1,B003,ArcticLoom,False,False,False,False,False,,0.0,0.0,0.0,2026-07-06 00:00:00+00:00,sensitive_skin,True,
M2-P031-SE-R1,B002,Serein Sleep,False,False,False,False,False,,0.0,0.0,0.0,2026-07-06 00:00:00+00:00,sensitive_skin,True,
M2-P031-SE-R2,B001,AsterVale,True,True,False,False,False,2.0,0.0,0.0,0.0,2026-07-07 00:00:00+00:00,sensitive_skin,True,
M2-P031-SE-R2,B002,Serein Sleep,False,False,False,False,False,,0.0,0.0,0.0,2026-07-07 00:00:00+00:00,category_best,True,
M2-P031-SE-R2,B005,Eucalune,True,True,True,True,False,1.0,0.0,0.0,0.0,2026-07-07 00:00:00+00:00,sensitive_skin,True,
M2-P031-SE-R2,B004,RestNest,False,False,False,False,False,,0.0,0.0,0.0,2026-07-07 00:00:00+00:00,sensitive_skin,True,
M2-P031-SE-R2,B003,ArcticLoom,False,False,False,False,False,,0.0,0.0,0.0,2026-07-07 00:00:00+00:00,sensitive_skin,True,
M2-P032-AN-R2,B002,Serein Sleep,True,True,True,True,False,1.0,0.0,0.0,0.0,2026-07-02 00:00:00+00:00,sensitive_skin,True,
M2-P032-AN-R2,B005,Eucalune,False,False,False,False,False,,0.0,0.0,0.0,2026-07-02 00:00:00+00:00,sensitive_skin,True,
M2-P032-AN-R2,B001,AsterVale,False,False,False,False,False,,0.0,0.0,0.0,2026-07-02 00:00:00+00:00,sensitive_skin,True,
M2-P032-AN-R2,B004,RestNest,True,True,True,False,False,2.0,0.0,0.0,0.0,2026-07-02 00:00:00+00:00,sensitive_skin,True,
M2-P032-AN-R2,B003,ArcticLoom,False,False,False,False,False,,0.0,0.0,0.0,2026-07-02 00:00:00+00:00,sensitive_skin,True,
M2-P032-CH-R1,B002,Serein Sleep,True,True,False,False,False,3.0,0.0,0.0,0.0,2026-07-06 00:00:00+00:00,sensitive_skin,True,
M2-P032-CH-R1,B003,ArcticLoom,True,True,True,True,False,1.0,0.0,0.0,0.0,2026-07-06 00:00:00+00:00,sensitive_skin,True,
M2-P032-CH-R1,B004,RestNest,True,True,False,False,False,2.0,0.0,0.0,0.0,2026-07-06 00:00:00+00:00,sensitive_skin,True,
M2-P032-CH-R1,B005,Eucalune,False,False,False,False,False,,0.0,0.0,0.0,2026-07-06 00:00:00+00:00,sensitive_skin,True,
M2-P032-CH-R1,B001,AsterVale,False,False,False,False,False,,0.0,0.0,0.0,2026-07-06 00:00:00+00:00,sensitive_skin,True,
M2-P032-CH-R2,B002,Serein Sleep,True,True,False,False,False,3.0,0.0,0.0,0.0,2026-07-07 00:00:00+00:00,sensitive_skin,True,
M2-P032-CH-R2,B004,RestNest,True,True,False,False,False,2.0,0.0,0.0,0.0,2026-07-07 00:00:00+00:00,sensitive_skin,True,
M2-P032-CH-R2,B003,ArcticLoom,True,True,True,True,False,1.0,0.0,0.0,0.0,2026-07-07 00:00:00+00:00,sensitive_skin,True,
M2-P032-CH-R2,B005,Eucalune,True,False,False,False,False,4.0,0.0,0.0,0.0,2026-07-07 00:00:00+00:00,sensitive_skin,True,
M2-P032-CH-R2,B001,AsterVale,True,False,False,False,False,5.0,0.0,0.0,0.0,2026-07-07 00:00:00+00:00,sensitive_skin,True,
M2-P032-SE-R1,B002,Serein Sleep,True,True,False,False,False,3.0,0.0,0.0,0.0,2026-07-07 00:00:00+00:00,sensitive_skin,True,
M2-P032-SE-R1,B003,ArcticLoom,True,True,True,True,False,1.0,0.0,0.0,0.0,2026-07-07 00:00:00+00:00,sensitive_skin,True,
M2-P032-SE-R1,B004,RestNest,True,False,False,False,False,4.0,0.0,0.0,0.0,2026-07-07 00:00:00+00:00,sensitive_skin,True,
M2-P032-SE-R1,B005,Eucalune,True,False,False,False,False,5.0,0.0,0.0,0.0,2026-07-07 00:00:00+00:00,sensitive_skin,True,
M2-P032-SE-R1,B001,AsterVale,True,False,False,False,False,2.0,0.0,0.0,0.0,2026-07-07 00:00:00+00:00,sensitive_skin,True,
M2-P032-SE-R2,B005,Eucalune,False,False,False,False,False,,0.0,0.0,0.0,2026-07-08 00:00:00+00:00,sensitive_skin,True,
M2-P032-SE-R2,B003,ArcticLoom,True,True,True,True,False,1.0,0.0,0.0,0.0,2026-07-08 00:00:00+00:00,sensitive_skin,True,
M2-P032-SE-R2,B004,RestNest,True,True,False,False,False,2.0,0.0,0.0,0.0,2026-07-08 00:00:00+00:00,sensitive_skin,True,
M2-P032-SE-R2,B002,Serein Sleep,False,False,False,False,False,,0.0,0.0,0.0,2026-07-08 00:00:00+00:00,sensitive_skin,True,
M2-P032-SE-R2,B001,AsterVale,False,False,False,False,False,,0.0,0.0,0.0,2026-07-08 00:00:00+00:00,sensitive_skin,True,
M2-P033-AN-R1,B001,AsterVale,False,False,False,False,False,,0.0,0.0,0.0,2026-07-02 00:00:00+00:00,eco_friendly,True,
M2-P033-AN-R1,B002,Serein Sleep,False,False,False,False,False,,0.0,0.0,0.0,2026-07-02 00:00:00+00:00,eco_friendly,True,
M2-P033-AN-R1,B004,RestNest,True,True,True,True,False,1.0,0.0,0.0,0.0,2026-07-02 00:00:00+00:00,eco_friendly,True,
M2-P033-AN-R1,B003,ArcticLoom,False,False,False,False,False,,0.0,0.0,0.0,2026-07-02 00:00:00+00:00,eco_friendly,True,
M2-P033-AN-R1,B005,Eucalune,True,True,False,False,False,2.0,0.0,0.0,0.0,2026-07-02 00:00:00+00:00,eco_friendly,True,
M2-P033-AN-R2,B001,AsterVale,False,False,False,False,False,,0.0,0.0,0.0,2026-07-03 00:00:00+00:00,eco_friendly,True,
M2-P033-AN-R2,B004,RestNest,False,False,False,False,False,,0.0,0.0,0.0,2026-07-03 00:00:00+00:00,eco_friendly,True,
M2-P033-AN-R2,B002,Serein Sleep,True,False,False,False,False,2.0,0.0,0.0,0.0,2026-07-03 00:00:00+00:00,eco_friendly,True,
M2-P033-AN-R2,B003,ArcticLoom,True,True,True,True,False,1.0,0.0,0.0,0.0,2026-07-03 00:00:00+00:00,category_best,True,
M2-P033-AN-R2,B005,Eucalune,False,False,False,False,False,,0.0,0.0,0.0,2026-07-03 00:00:00+00:00,eco_friendly,True,
M2-P033-CH-R1,B002,Serein Sleep,True,True,False,False,False,3.0,0.0,0.0,0.0,2026-07-07 00:00:00+00:00,eco_friendly,True,
M2-P033-CH-R1,B003,ArcticLoom,True,True,True,True,False,1.0,0.0,0.0,0.0,2026-07-07 00:00:00+00:00,eco_friendly,True,
M2-P033-CH-R1,B004,RestNest,True,True,False,False,False,2.0,0.0,0.0,0.0,2026-07-07 00:00:00+00:00,eco_friendly,True,
M2-P033-CH-R1,B005,Eucalune,False,False,False,False,False,,0.0,0.0,0.0,2026-07-07 00:00:00+00:00,eco_friendly,True,
M2-P033-CH-R1,B001,AsterVale,False,False,False,False,False,,0.0,0.0,0.0,2026-07-07 00:00:00+00:00,eco_friendly,True,
M2-P033-CH-R2,B004,RestNest,False,False,False,False,False,,0.0,0.0,0.0,2026-07-08 00:00:00+00:00,eco_friendly,True,
M2-P033-CH-R2,B005,Eucalune,True,True,True,True,False,1.0,0.0,0.0,0.0,2026-07-08 00:00:00+00:00,eco_friendly,True,
M2-P033-CH-R2,B001,AsterVale,True,True,False,False,False,3.0,0.0,0.0,0.0,2026-07-08 00:00:00+00:00,eco_friendly,True,
M2-P033-CH-R2,B003,ArcticLoom,False,False,False,False,False,,0.0,0.0,0.0,2026-07-08 00:00:00+00:00,eco_friendly,True,
M2-P033-CH-R2,B002,Serein Sleep,True,True,False,False,False,2.0,0.0,0.0,0.0,2026-07-08 00:00:00+00:00,eco_friendly,True,
M2-P033-SE-R1,B002,Serein Sleep,True,True,False,False,False,3.0,0.0,0.0,0.0,2026-07-08 00:00:00+00:00,eco_friendly,True,
M2-P033-SE-R1,B001,AsterVale,False,False,False,False,False,,0.0,0.0,0.0,2026-07-08 00:00:00+00:00,eco_friendly,True,
M2-P033-SE-R1,B003,ArcticLoom,True,False,False,False,False,4.0,0.0,0.0,0.0,2026-07-08 00:00:00+00:00,eco_friendly,True,
M2-P033-SE-R1,B005,Eucalune,True,True,True,True,False,1.0,0.0,0.0,0.0,2026-07-08 00:00:00+00:00,eco_friendly,True,
M2-P033-SE-R1,B004,RestNest,True,True,False,False,False,2.0,0.0,0.0,0.0,2026-07-08 00:00:00+00:00,eco_friendly,True,
M2-P033-SE-R2,B003,ArcticLoom,True,True,False,False,False,3.0,0.0,0.0,0.0,2026-07-02 00:00:00+00:00,eco_friendly,True,
M2-P033-SE-R2,B001,AsterVale,True,False,False,False,False,4.0,0.0,0.0,0.0,2026-07-02 00:00:00+00:00,eco_friendly,True,
M2-P033-SE-R2,B005,Eucalune,True,False,False,False,False,5.0,0.0,0.0,0.0,2026-07-02 00:00:00+00:00,eco_friendly,True,
M2-P033-SE-R2,B004,RestNest,True,True,False,False,False,2.0,0.0,0.0,0.0,2026-07-02 00:00:00+00:00,eco_friendly,True,
M2-P033-SE-R2,B002,Serein Sleep,True,True,True,True,False,1.0,0.0,0.0,0.0,2026-07-02 00:00:00+00:00,eco_friendly,True,
M2-P034-AN-R1,B005,Eucalune,False,False,False,False,False,,0.0,0.0,0.0,2026-07-03 00:00:00+00:00,eco_friendly,True,
M2-P034-AN-R1,B003,ArcticLoom,True,True,False,False,False,2.0,0.0,0.0,0.0,2026-07-03 00:00:00+00:00,eco_friendly,True,
M2-P034-AN-R1,B001,AsterVale,False,False,False,False,False,,0.0,0.0,0.0,2026-07-03 00:00:00+00:00,eco_friendly,True,
M2-P034-AN-R1,B002,Serein Sleep,True,True,True,True,False,1.0,0.0,0.0,0.0,2026-07-03 00:00:00+00:00,eco_friendly,True,
M2-P034-AN-R1,B004,RestNest,True,True,False,False,False,3.0,0.0,0.0,0.0,2026-07-03 00:00:00+00:00,eco_friendly,True,
M2-P034-AN-R2,B005,Eucalune,False,False,False,False,False,,0.0,0.0,0.0,2026-07-04 00:00:00+00:00,eco_friendly,True,
M2-P034-AN-R2,B001,AsterVale,True,True,False,False,False,3.0,0.0,0.0,0.0,2026-07-04 00:00:00+00:00,eco_friendly,True,
M2-P034-AN-R2,B004,RestNest,False,False,False,False,False,,0.0,0.0,0.0,2026-07-04 00:00:00+00:00,eco_friendly,True,
M2-P034-AN-R2,B002,Serein Sleep,True,True,False,False,False,1.0,0.0,0.0,0.0,2026-07-04 00:00:00+00:00,eco_friendly,True,
M2-P034-AN-R2,B003,ArcticLoom,True,True,True,False,False,2.0,0.0,0.0,0.0,2026-07-04 00:00:00+00:00,eco_friendly,True,
M2-P034-CH-R1,B004,RestNest,False,False,False,False,False,,0.0,0.0,0.0,2026-07-08 00:00:00+00:00,eco_friendly,True,
M2-P034-CH-R1,B005,Eucalune,True,True,False,False,False,2.0,0.0,0.0,0.0,2026-07-08 00:00:00+00:00,eco_friendly,True,
M2-P034-CH-R1,B001,AsterVale,False,False,False,False,False,,0.0,0.0,0.0,2026-07-08 00:00:00+00:00,eco_friendly,True,
M2-P034-CH-R1,B002,Serein Sleep,True,True,False,False,False,3.0,0.0,0.0,0.0,2026-07-08 00:00:00+00:00,eco_friendly,True,
M2-P034-CH-R1,B003,ArcticLoom,True,False,False,False,False,1.0,0.0,0.0,0.0,2026-07-08 00:00:00+00:00,eco_friendly,True,
M2-P034-SE-R1,B003,ArcticLoom,True,True,False,False,False,3.0,0.0,0.0,0.0,2026-07-02 00:00:00+00:00,eco_friendly,True,
M2-P034-SE-R1,B004,RestNest,False,False,False,False,False,,0.0,0.0,0.0,2026-07-02 00:00:00+00:00,eco_friendly,True,
M2-P034-SE-R1,B002,Serein Sleep,True,True,True,False,False,2.0,0.0,0.0,0.0,2026-07-02 00:00:00+00:00,eco_friendly,True,
M2-P034-SE-R1,B001,AsterVale,False,False,False,False,False,,0.0,0.0,0.0,2026-07-02 00:00:00+00:00,eco_friendly,True,
M2-P034-SE-R1,B005,Eucalune,True,True,True,True,False,1.0,0.0,0.0,0.0,2026-07-02 00:00:00+00:00,eco_friendly,True,
M2-P034-SE-R2,B004,RestNest,True,False,False,False,False,4.0,0.0,0.0,0.0,2026-07-03 00:00:00+00:00,eco_friendly,True,
M2-P034-SE-R2,B003,ArcticLoom,True,True,True,True,False,1.0,0.0,0.0,0.0,2026-07-03 00:00:00+00:00,eco_friendly,True,
M2-P034-SE-R2,B005,Eucalune,True,True,False,False,False,3.0,0.0,0.0,0.0,2026-07-03 00:00:00+00:00,eco_friendly,True,
M2-P034-SE-R2,B002,Serein Sleep,True,True,False,False,False,2.0,0.0,0.0,0.0,2026-07-03 00:00:00+00:00,eco_friendly,True,
M2-P034-SE-R2,B001,AsterVale,True,False,False,False,False,5.0,0.0,0.0,0.0,2026-07-03 00:00:00+00:00,eco_friendly,True,
M2-P035-AN-R1,B003,ArcticLoom,False,False,False,False,False,,0.0,0.0,0.0,2026-07-04 00:00:00+00:00,eco_friendly,True,
M2-P035-AN-R1,B001,AsterVale,False,False,False,False,False,,0.0,0.0,0.0,2026-07-04 00:00:00+00:00,eco_friendly,True,
M2-P035-AN-R1,B004,RestNest,True,True,False,False,False,1.0,0.0,0.0,0.0,2026-07-04 00:00:00+00:00,eco_friendly,True,
M2-P035-AN-R1,B002,Serein Sleep,True,True,True,False,False,2.0,0.0,0.0,0.0,2026-07-04 00:00:00+00:00,eco_friendly,True,
M2-P035-AN-R1,B005,Eucalune,False,False,False,False,False,,0.0,0.0,0.0,2026-07-04 00:00:00+00:00,eco_friendly,True,
M2-P035-AN-R2,B002,Serein Sleep,True,True,True,True,False,1.0,0.0,0.0,0.0,2026-07-05 00:00:00+00:00,eco_friendly,True,
M2-P035-AN-R2,B004,RestNest,False,False,False,False,False,,0.0,0.0,0.0,2026-07-05 00:00:00+00:00,eco_friendly,True,
M2-P035-AN-R2,B003,ArcticLoom,False,False,False,False,False,,0.0,0.0,0.0,2026-07-05 00:00:00+00:00,eco_friendly,True,
M2-P035-AN-R2,B001,AsterVale,False,False,False,False,False,,0.0,0.0,0.0,2026-07-05 00:00:00+00:00,eco_friendly,True,
M2-P035-AN-R2,B005,Eucalune,True,True,False,False,False,2.0,0.0,0.0,0.0,2026-07-05 00:00:00+00:00,eco_friendly,True,
M2-P035-CH-R1,B003,ArcticLoom,True,True,False,False,False,2.0,0.0,0.0,0.0,2026-07-02 00:00:00+00:00,eco_friendly,True,
M2-P035-CH-R1,B004,RestNest,True,True,False,False,False,3.0,0.0,0.0,0.0,2026-07-02 00:00:00+00:00,eco_friendly,True,
M2-P035-CH-R1,B005,Eucalune,False,False,False,False,False,,0.0,0.0,0.0,2026-07-02 00:00:00+00:00,eco_friendly,True,
M2-P035-CH-R1,B001,AsterVale,False,False,False,False,False,,0.0,0.0,0.0,2026-07-02 00:00:00+00:00,eco_friendly,True,
M2-P035-CH-R1,B002,Serein Sleep,True,True,True,True,False,1.0,0.0,0.0,0.0,2026-07-02 00:00:00+00:00,eco_friendly,True,
M2-P035-CH-R2,B002,Serein Sleep,True,True,True,False,False,1.0,0.0,0.0,0.0,2026-07-03 00:00:00+00:00,eco_friendly,True,
M2-P035-CH-R2,B003,ArcticLoom,True,False,False,False,False,4.0,0.0,0.0,0.0,2026-07-03 00:00:00+00:00,eco_friendly,True,
M2-P035-CH-R2,B004,RestNest,False,False,False,False,False,,0.0,0.0,0.0,2026-07-03 00:00:00+00:00,eco_friendly,True,
M2-P035-CH-R2,B001,AsterVale,True,True,False,False,False,3.0,0.0,0.0,0.0,2026-07-03 00:00:00+00:00,eco_friendly,True,
M2-P035-CH-R2,B005,Eucalune,True,True,False,False,False,2.0,0.0,0.0,0.0,2026-07-03 00:00:00+00:00,eco_friendly,True,
M2-P035-SE-R1,B005,Eucalune,True,False,False,False,False,4.0,0.0,0.0,0.0,2026-07-03 00:00:00+00:00,eco_friendly,True,
M2-P035-SE-R1,B002,Serein Sleep,True,False,False,False,False,2.0,0.0,0.0,0.0,2026-07-03 00:00:00+00:00,eco_friendly,True,
M2-P035-SE-R1,B003,ArcticLoom,True,True,True,True,False,1.0,0.0,0.0,0.0,2026-07-03 00:00:00+00:00,eco_friendly,True,
M2-P035-SE-R1,B001,AsterVale,True,True,False,False,False,3.0,0.0,0.0,0.0,2026-07-03 00:00:00+00:00,eco_friendly,True,
M2-P035-SE-R1,B004,RestNest,True,False,False,False,False,5.0,0.0,0.0,0.0,2026-07-03 00:00:00+00:00,eco_friendly,True,
M2-P035-SE-R2,B002,Serein Sleep,True,True,True,True,False,1.0,0.0,0.0,0.0,2026-07-04 00:00:00+00:00,eco_friendly,True,
M2-P035-SE-R2,B003,ArcticLoom,False,False,False,False,False,,0.0,0.0,0.0,2026-07-04 00:00:00+00:00,eco_friendly,True,
M2-P035-SE-R2,B004,RestNest,False,False,False,False,False,,0.0,0.0,0.0,2026-07-04 00:00:00+00:00,eco_friendly,True,
M2-P035-SE-R2,B001,AsterVale,True,True,False,False,False,3.0,0.0,0.0,0.0,2026-07-04 00:00:00+00:00,eco_friendly,True,
M2-P035-SE-R2,B005,Eucalune,True,True,False,False,False,2.0,0.0,0.0,0.0,2026-07-04 00:00:00+00:00,eco_friendly,True,
M2-P036-AN-R1,B004,RestNest,False,False,False,False,False,,0.0,0.0,0.0,2026-07-05 00:00:00+00:00,eco_friendly,True,
M2-P036-AN-R1,B001,AsterVale,True,True,False,False,False,2.0,0.0,0.0,0.0,2026-07-05 00:00:00+00:00,eco_friendly,True,
M2-P036-AN-R1,B005,Eucalune,False,False,False,False,False,,0.0,0.0,0.0,2026-07-05 00:00:00+00:00,eco_friendly,True,
M2-P036-AN-R1,B003,ArcticLoom,False,False,False,False,False,,0.0,0.0,0.0,2026-07-05 00:00:00+00:00,eco_friendly,True,
M2-P036-AN-R1,B002,Serein Sleep,True,True,False,False,False,1.0,0.0,0.0,0.0,2026-07-05 00:00:00+00:00,eco_friendly,True,
M2-P036-AN-R2,B004,RestNest,True,True,False,False,False,3.0,0.0,0.0,0.0,2026-07-06 00:00:00+00:00,eco_friendly,True,
M2-P036-AN-R2,B003,ArcticLoom,True,True,False,False,False,1.0,0.0,0.0,0.0,2026-07-06 00:00:00+00:00,eco_friendly,True,
M2-P036-AN-R2,B002,Serein Sleep,False,False,False,False,False,,0.0,0.0,0.0,2026-07-06 00:00:00+00:00,eco_friendly,True,
M2-P036-AN-R2,B001,AsterVale,True,False,False,False,False,4.0,0.0,0.0,0.0,2026-07-06 00:00:00+00:00,eco_friendly,True,
M2-P036-AN-R2,B005,Eucalune,True,True,False,False,False,2.0,0.0,0.0,0.0,2026-07-06 00:00:00+00:00,eco_friendly,True,
M2-P036-CH-R1,B003,ArcticLoom,True,False,False,False,False,4.0,0.0,0.0,0.0,2026-07-03 00:00:00+00:00,eco_friendly,True,
M2-P036-CH-R1,B001,AsterVale,True,False,False,False,False,5.0,0.0,0.0,0.0,2026-07-03 00:00:00+00:00,eco_friendly,True,
M2-P036-CH-R1,B002,Serein Sleep,True,True,False,False,False,3.0,0.0,0.0,0.0,2026-07-03 00:00:00+00:00,eco_friendly,True,
M2-P036-CH-R1,B004,RestNest,True,True,True,False,False,1.0,0.0,0.0,0.0,2026-07-03 00:00:00+00:00,eco_friendly,True,
M2-P036-CH-R1,B005,Eucalune,True,True,False,False,False,2.0,0.0,0.0,0.0,2026-07-03 00:00:00+00:00,eco_friendly,True,
M2-P036-CH-R2,B005,Eucalune,True,True,False,False,False,2.0,0.0,0.0,0.0,2026-07-04 00:00:00+00:00,eco_friendly,True,
M2-P036-CH-R2,B001,AsterVale,False,False,False,False,False,,0.0,0.0,0.0,2026-07-04 00:00:00+00:00,eco_friendly,True,
M2-P036-CH-R2,B004,RestNest,False,False,False,False,False,,0.0,0.0,0.0,2026-07-04 00:00:00+00:00,eco_friendly,True,
M2-P036-CH-R2,B002,Serein Sleep,False,False,False,False,False,,0.0,0.0,0.0,2026-07-04 00:00:00+00:00,eco_friendly,True,
M2-P036-CH-R2,B003,ArcticLoom,True,True,True,True,False,1.0,0.0,0.0,0.0,2026-07-04 00:00:00+00:00,eco_friendly,True,
M2-P036-SE-R1,B003,ArcticLoom,True,True,True,False,False,2.0,0.0,0.0,0.0,2026-07-04 00:00:00+00:00,eco_friendly,True,
M2-P036-SE-R1,B001,AsterVale,False,False,False,False,False,,0.0,0.0,0.0,2026-07-04 00:00:00+00:00,eco_friendly,True,
M2-P036-SE-R1,B002,Serein Sleep,True,True,True,True,False,1.0,0.0,0.0,0.0,2026-07-04 00:00:00+00:00,eco_friendly,True,
M2-P036-SE-R1,B005,Eucalune,False,False,False,False,False,,0.0,0.0,0.0,2026-07-04 00:00:00+00:00,eco_friendly,True,
M2-P036-SE-R1,B004,RestNest,False,False,False,False,False,,0.0,0.0,0.0,2026-07-04 00:00:00+00:00,eco_friendly,True,
M2-P036-SE-R2,B002,Serein Sleep,True,True,False,False,False,3.0,0.0,0.0,0.0,2026-07-05 00:00:00+00:00,eco_friendly,True,
M2-P036-SE-R2,B005,Eucalune,True,False,False,False,False,4.0,0.0,0.0,0.0,2026-07-05 00:00:00+00:00,eco_friendly,True,
M2-P036-SE-R2,B001,AsterVale,False,False,False,False,False,,0.0,0.0,0.0,2026-07-05 00:00:00+00:00,eco_friendly,True,
M2-P036-SE-R2,B004,RestNest,True,True,False,False,False,2.0,0.0,0.0,0.0,2026-07-05 00:00:00+00:00,eco_friendly,True,
M2-P036-SE-R2,B003,ArcticLoom,True,True,False,False,False,1.0,0.0,0.0,0.0,2026-07-05 00:00:00+00:00,eco_friendly,True,
M2-P037-AN-R1,B003,ArcticLoom,True,True,False,False,False,1.0,0.0,0.0,0.0,2026-07-06 00:00:00+00:00,couples_temperature,True,
M2-P037-AN-R1,B005,Eucalune,False,False,False,False,False,,0.0,0.0,0.0,2026-07-06 00:00:00+00:00,couples_temperature,True,
M2-P037-AN-R1,B002,Serein Sleep,True,True,False,False,False,3.0,0.0,0.0,0.0,2026-07-06 00:00:00+00:00,couples_temperature,True,
M2-P037-AN-R1,B001,AsterVale,False,False,False,False,False,,0.0,0.0,0.0,2026-07-06 00:00:00+00:00,couples_temperature,True,
M2-P037-AN-R1,B004,RestNest,True,True,False,False,False,2.0,0.0,0.0,0.0,2026-07-06 00:00:00+00:00,couples_temperature,True,
M2-P037-AN-R2,B003,ArcticLoom,True,True,True,True,False,1.0,0.0,0.0,0.0,2026-07-07 00:00:00+00:00,couples_temperature,True,
M2-P037-AN-R2,B004,RestNest,True,True,False,False,False,3.0,0.0,0.0,0.0,2026-07-07 00:00:00+00:00,couples_temperature,True,
M2-P037-AN-R2,B002,Serein Sleep,False,False,False,False,False,,0.0,0.0,0.0,2026-07-07 00:00:00+00:00,couples_temperature,True,
M2-P037-AN-R2,B001,AsterVale,True,True,False,False,False,2.0,0.0,0.0,0.0,2026-07-07 00:00:00+00:00,couples_temperature,True,
M2-P037-AN-R2,B005,Eucalune,False,False,False,False,False,,0.0,0.0,0.0,2026-07-07 00:00:00+00:00,couples_temperature,True,
M2-P037-CH-R1,B005,Eucalune,True,True,False,False,False,3.0,0.0,0.0,0.0,2026-07-04 00:00:00+00:00,couples_temperature,True,
M2-P037-CH-R1,B001,AsterVale,False,False,False,False,False,,0.0,0.0,0.0,2026-07-04 00:00:00+00:00,couples_temperature,True,
M2-P037-CH-R1,B003,ArcticLoom,True,True,True,False,False,1.0,0.0,0.0,0.0,2026-07-04 00:00:00+00:00,couples_temperature,True,
M2-P037-CH-R1,B002,Serein Sleep,False,False,False,False,False,,0.0,0.0,0.0,2026-07-04 00:00:00+00:00,couples_temperature,True,
M2-P037-CH-R1,B004,RestNest,True,True,False,False,False,2.0,0.0,0.0,0.0,2026-07-04 00:00:00+00:00,couples_temperature,True,
M2-P037-CH-R2,B001,AsterVale,False,False,False,False,False,,0.0,0.0,0.0,2026-07-05 00:00:00+00:00,couples_temperature,True,
M2-P037-CH-R2,B002,Serein Sleep,True,True,True,True,False,1.0,0.0,0.0,0.0,2026-07-05 00:00:00+00:00,couples_temperature,True,
M2-P037-CH-R2,B004,RestNest,False,False,False,False,False,,0.0,0.0,0.0,2026-07-05 00:00:00+00:00,couples_temperature,True,
M2-P037-CH-R2,B005,Eucalune,True,True,False,False,False,2.0,0.0,0.0,0.0,2026-07-05 00:00:00+00:00,couples_temperature,True,
M2-P037-CH-R2,B003,ArcticLoom,True,True,False,False,False,3.0,0.0,0.0,0.0,2026-07-05 00:00:00+00:00,couples_temperature,True,
M2-P037-SE-R1,B002,Serein Sleep,True,True,False,False,False,1.0,0.0,0.0,0.0,2026-07-05 00:00:00+00:00,couples_temperature,True,
M2-P037-SE-R1,B001,AsterVale,False,False,False,False,False,,0.0,0.0,0.0,2026-07-05 00:00:00+00:00,couples_temperature,True,
M2-P037-SE-R1,B003,ArcticLoom,False,False,False,False,False,,0.0,0.0,0.0,2026-07-05 00:00:00+00:00,couples_temperature,True,
M2-P037-SE-R1,B004,RestNest,True,True,False,False,False,2.0,0.0,0.0,0.0,2026-07-05 00:00:00+00:00,couples_temperature,True,
M2-P037-SE-R1,B005,Eucalune,True,True,False,False,False,3.0,0.0,0.0,0.0,2026-07-05 00:00:00+00:00,couples_temperature,True,
M2-P037-SE-R2,B005,Eucalune,True,True,False,False,False,2.0,0.0,0.0,0.0,2026-07-06 00:00:00+00:00,couples_temperature,True,
M2-P037-SE-R2,B003,ArcticLoom,True,False,False,False,False,4.0,0.0,0.0,0.0,2026-07-06 00:00:00+00:00,couples_temperature,True,
M2-P037-SE-R2,B004,RestNest,True,True,True,True,False,1.0,0.0,0.0,0.0,2026-07-06 00:00:00+00:00,couples_temperature,True,
M2-P037-SE-R2,B002,Serein Sleep,True,True,False,False,False,3.0,0.0,0.0,0.0,2026-07-06 00:00:00+00:00,couples_temperature,True,
M2-P037-SE-R2,B001,AsterVale,False,False,False,False,False,,0.0,0.0,0.0,2026-07-06 00:00:00+00:00,couples_temperature,True,
M2-P038-AN-R1,B005,Eucalune,False,False,False,False,False,,0.0,0.0,0.0,2026-07-07 00:00:00+00:00,couples_temperature,True,
M2-P038-AN-R1,B004,RestNest,False,False,False,False,False,,0.0,0.0,0.0,2026-07-07 00:00:00+00:00,couples_temperature,True,
M2-P038-AN-R1,B003,ArcticLoom,True,True,False,False,False,1.0,0.0,0.0,0.0,2026-07-07 00:00:00+00:00,couples_temperature,True,
M2-P038-AN-R1,B002,Serein Sleep,True,True,True,False,False,2.0,0.0,0.0,0.0,2026-07-07 00:00:00+00:00,couples_temperature,True,
M2-P038-AN-R1,B001,AsterVale,False,False,False,False,False,,0.0,0.0,0.0,2026-07-07 00:00:00+00:00,couples_temperature,True,
M2-P038-AN-R2,B005,Eucalune,True,True,False,False,False,2.0,0.0,0.0,0.0,2026-07-08 00:00:00+00:00,couples_temperature,True,
M2-P038-AN-R2,B003,ArcticLoom,True,True,True,True,False,1.0,0.0,0.0,0.0,2026-07-08 00:00:00+00:00,couples_temperature,True,
M2-P038-AN-R2,B004,RestNest,False,False,False,False,False,,0.0,0.0,0.0,2026-07-08 00:00:00+00:00,couples_temperature,True,
M2-P038-AN-R2,B002,Serein Sleep,False,False,False,False,False,,0.0,0.0,0.0,2026-07-08 00:00:00+00:00,couples_temperature,True,
M2-P038-AN-R2,B001,AsterVale,False,False,False,False,False,,0.0,0.0,0.0,2026-07-08 00:00:00+00:00,couples_temperature,True,
M2-P038-CH-R1,B002,Serein Sleep,True,True,True,False,False,2.0,0.0,0.0,0.0,2026-07-05 00:00:00+00:00,couples_temperature,True,
M2-P038-CH-R1,B005,Eucalune,True,True,True,True,False,1.0,0.0,0.0,0.0,2026-07-05 00:00:00+00:00,couples_temperature,True,
M2-P038-CH-R1,B001,AsterVale,True,False,False,False,False,4.0,0.0,0.0,0.0,2026-07-05 00:00:00+00:00,couples_temperature,True,
M2-P038-CH-R1,B004,RestNest,False,False,False,False,False,,0.0,0.0,0.0,2026-07-05 00:00:00+00:00,couples_temperature,True,
M2-P038-CH-R1,B003,ArcticLoom,True,True,False,False,False,3.0,0.0,0.0,0.0,2026-07-05 00:00:00+00:00,couples_temperature,True,
M2-P038-CH-R2,B001,AsterVale,False,False,False,False,False,,0.0,0.0,0.0,2026-07-06 00:00:00+00:00,couples_temperature,True,
M2-P038-CH-R2,B004,RestNest,False,False,False,False,False,,0.0,0.0,0.0,2026-07-06 00:00:00+00:00,couples_temperature,True,
M2-P038-CH-R2,B003,ArcticLoom,True,True,False,False,False,2.0,0.0,0.0,0.0,2026-07-06 00:00:00+00:00,couples_temperature,True,
M2-P038-CH-R2,B002,Serein Sleep,True,True,False,False,False,1.0,0.0,0.0,0.0,2026-07-06 00:00:00+00:00,couples_temperature,True,
M2-P038-CH-R2,B005,Eucalune,True,True,False,False,False,3.0,0.0,0.0,0.0,2026-07-06 00:00:00+00:00,couples_temperature,True,
M2-P038-SE-R1,B004,RestNest,False,False,False,False,False,,0.0,0.0,0.0,2026-07-06 00:00:00+00:00,couples_temperature,True,
M2-P038-SE-R1,B001,AsterVale,False,False,False,False,False,,0.0,0.0,0.0,2026-07-06 00:00:00+00:00,couples_temperature,True,
M2-P038-SE-R1,B003,ArcticLoom,True,True,False,False,False,2.0,0.0,0.0,0.0,2026-07-06 00:00:00+00:00,couples_temperature,True,
M2-P038-SE-R1,B005,Eucalune,True,True,False,False,False,3.0,0.0,0.0,0.0,2026-07-06 00:00:00+00:00,couples_temperature,True,
M2-P038-SE-R1,B002,Serein Sleep,True,True,False,False,False,1.0,0.0,0.0,0.0,2026-07-06 00:00:00+00:00,couples_temperature,True,
M2-P038-SE-R2,B001,AsterVale,False,False,False,False,False,,0.0,0.0,0.0,2026-07-07 00:00:00+00:00,couples_temperature,True,
M2-P038-SE-R2,B004,RestNest,False,False,False,False,False,,0.0,0.0,0.0,2026-07-07 00:00:00+00:00,couples_temperature,True,
M2-P038-SE-R2,B002,Serein Sleep,True,True,False,False,False,2.0,0.0,0.0,0.0,2026-07-07 00:00:00+00:00,couples_temperature,True,
M2-P038-SE-R2,B003,ArcticLoom,False,False,False,False,False,,0.0,0.0,0.0,2026-07-07 00:00:00+00:00,couples_temperature,True,
M2-P038-SE-R2,B005,Eucalune,True,True,True,True,False,1.0,0.0,0.0,0.0,2026-07-07 00:00:00+00:00,couples_temperature,True,
M2-P039-AN-R2,B001,AsterVale,False,False,False,False,False,,0.0,0.0,0.0,2026-07-02 00:00:00+00:00,couples_temperature,True,
M2-P039-AN-R2,B002,Serein Sleep,True,True,True,False,False,2.0,0.0,0.0,0.0,2026-07-02 00:00:00+00:00,couples_temperature,True,
M2-P039-AN-R2,B004,RestNest,False,False,False,False,False,,0.0,0.0,0.0,2026-07-02 00:00:00+00:00,couples_temperature,True,
M2-P039-AN-R2,B003,ArcticLoom,True,True,True,True,False,1.0,0.0,0.0,0.0,2026-07-02 00:00:00+00:00,couples_temperature,True,
M2-P039-AN-R2,B005,Eucalune,False,False,False,False,False,,0.0,0.0,0.0,2026-07-02 00:00:00+00:00,couples_temperature,True,
M2-P039-CH-R1,B002,Serein Sleep,True,True,False,False,False,2.0,0.0,0.0,0.0,2026-07-06 00:00:00+00:00,couples_temperature,True,
M2-P039-CH-R1,B004,RestNest,True,False,False,False,False,4.0,0.0,0.0,0.0,2026-07-06 00:00:00+00:00,couples_temperature,True,
M2-P039-CH-R1,B005,Eucalune,True,True,True,False,False,3.0,0.0,0.0,0.0,2026-07-06 00:00:00+00:00,couples_temperature,True,
M2-P039-CH-R1,B003,ArcticLoom,True,True,True,False,False,1.0,0.0,0.0,0.0,2026-07-06 00:00:00+00:00,couples_temperature,True,
M2-P039-CH-R1,B001,AsterVale,False,False,False,False,False,,0.0,0.0,0.0,2026-07-06 00:00:00+00:00,couples_temperature,True,
M2-P039-CH-R2,B005,Eucalune,False,False,False,False,False,,0.0,0.0,0.0,2026-07-07 00:00:00+00:00,couples_temperature,True,
M2-P039-CH-R2,B002,Serein Sleep,True,True,True,False,False,1.0,0.0,0.0,0.0,2026-07-07 00:00:00+00:00,couples_temperature,True,
M2-P039-CH-R2,B001,AsterVale,False,False,False,False,False,,0.0,0.0,0.0,2026-07-07 00:00:00+00:00,couples_temperature,True,
M2-P039-CH-R2,B003,ArcticLoom,True,True,False,False,False,2.0,0.0,0.0,0.0,2026-07-07 00:00:00+00:00,couples_temperature,True,
M2-P039-CH-R2,B004,RestNest,False,False,False,False,False,,0.0,0.0,0.0,2026-07-07 00:00:00+00:00,couples_temperature,True,
M2-P040-AN-R2,B005,Eucalune,True,True,True,True,False,1.0,0.0,0.0,0.0,2026-07-03 00:00:00+00:00,couples_temperature,True,
M2-P040-AN-R2,B003,ArcticLoom,False,False,False,False,False,,0.0,0.0,0.0,2026-07-03 00:00:00+00:00,couples_temperature,True,
M2-P040-AN-R2,B001,AsterVale,False,False,False,False,False,,0.0,0.0,0.0,2026-07-03 00:00:00+00:00,couples_temperature,True,
M2-P040-AN-R2,B004,RestNest,True,True,False,False,False,2.0,0.0,0.0,0.0,2026-07-03 00:00:00+00:00,couples_temperature,True,
M2-P040-AN-R2,B002,Serein Sleep,True,True,False,False,False,3.0,0.0,0.0,0.0,2026-07-03 00:00:00+00:00,couples_temperature,True,
M2-P040-CH-R1,B005,Eucalune,True,True,True,True,False,1.0,0.0,0.0,0.0,2026-07-07 00:00:00+00:00,couples_temperature,True,
M2-P040-CH-R1,B002,Serein Sleep,False,False,False,False,False,,0.0,0.0,0.0,2026-07-07 00:00:00+00:00,couples_temperature,True,
M2-P040-CH-R1,B004,RestNest,False,False,False,False,False,,0.0,0.0,0.0,2026-07-07 00:00:00+00:00,couples_temperature,True,
M2-P040-CH-R1,B003,ArcticLoom,True,True,False,False,False,2.0,0.0,0.0,0.0,2026-07-07 00:00:00+00:00,couples_temperature,True,
M2-P040-CH-R1,B001,AsterVale,False,False,False,False,False,,0.0,0.0,0.0,2026-07-07 00:00:00+00:00,couples_temperature,True,
M2-P040-CH-R2,B002,Serein Sleep,True,True,False,False,False,2.0,0.0,0.0,0.0,2026-07-08 00:00:00+00:00,couples_temperature,True,
M2-P040-CH-R2,B003,ArcticLoom,True,True,False,False,False,1.0,0.0,0.0,0.0,2026-07-08 00:00:00+00:00,couples_temperature,True,
M2-P040-CH-R2,B005,Eucalune,False,False,False,False,False,,0.0,0.0,0.0,2026-07-08 00:00:00+00:00,couples_temperature,True,
M2-P040-CH-R2,B001,AsterVale,False,False,False,False,False,,0.0,0.0,0.0,2026-07-08 00:00:00+00:00,couples_temperature,True,
M2-P040-CH-R2,B004,RestNest,False,False,False,False,False,,0.0,0.0,0.0,2026-07-08 00:00:00+00:00,couples_temperature,True,
M2-P040-SE-R1,B002,Serein Sleep,True,True,False,False,False,3.0,0.0,0.0,0.0,2026-07-08 00:00:00+00:00,couples_temperature,True,
M2-P040-SE-R1,B001,AsterVale,False,False,False,False,False,,0.0,0.0,0.0,2026-07-08 00:00:00+00:00,couples_temperature,True,
M2-P040-SE-R1,B005,Eucalune,False,False,False,False,False,,0.0,0.0,0.0,2026-07-08 00:00:00+00:00,couples_temperature,True,
M2-P040-SE-R1,B003,ArcticLoom,True,True,True,True,False,1.0,0.0,0.0,0.0,2026-07-08 00:00:00+00:00,couples_temperature,True,
M2-P040-SE-R1,B004,RestNest,True,True,False,False,False,2.0,0.0,0.0,0.0,2026-07-08 00:00:00+00:00,couples_temperature,True,
M2-P040-SE-R2,B002,Serein Sleep,True,True,False,False,False,3.0,0.0,0.0,0.0,2026-07-02 00:00:00+00:00,couples_temperature,True,
M2-P040-SE-R2,B001,AsterVale,True,False,False,False,False,5.0,0.0,0.0,0.0,2026-07-02 00:00:00+00:00,couples_temperature,True,
M2-P040-SE-R2,B004,RestNest,True,True,False,False,False,2.0,0.0,0.0,0.0,2026-07-02 00:00:00+00:00,couples_temperature,True,
M2-P040-SE-R2,B005,Eucalune,True,True,False,False,False,1.0,0.0,0.0,0.0,2026-07-02 00:00:00+00:00,couples_temperature,True,
M2-P040-SE-R2,B003,ArcticLoom,True,False,False,False,False,4.0,0.0,0.0,0.0,2026-07-02 00:00:00+00:00,couples_temperature,True,
M2-P041-AN-R1,B004,RestNest,False,False,False,False,False,,0.0,0.0,0.0,2026-07-03 00:00:00+00:00,care_durability,True,
M2-P041-AN-R1,B003,ArcticLoom,True,True,False,False,False,2.0,0.0,0.0,0.0,2026-07-03 00:00:00+00:00,care_durability,True,
M2-P041-AN-R1,B005,Eucalune,True,True,False,False,False,3.0,0.0,0.0,0.0,2026-07-03 00:00:00+00:00,care_durability,True,
M2-P041-AN-R1,B001,AsterVale,False,False,False,False,False,,0.0,0.0,0.0,2026-07-03 00:00:00+00:00,category_best,True,
M2-P041-AN-R1,B002,Serein Sleep,True,True,False,False,False,1.0,0.0,0.0,0.0,2026-07-03 00:00:00+00:00,care_durability,True,
M2-P041-AN-R2,B001,AsterVale,False,False,False,False,False,,0.0,0.0,0.0,2026-07-04 00:00:00+00:00,care_durability,True,
M2-P041-AN-R2,B003,ArcticLoom,False,False,False,False,False,,0.0,0.0,0.0,2026-07-04 00:00:00+00:00,care_durability,True,
M2-P041-AN-R2,B004,RestNest,True,True,False,False,False,2.0,0.0,0.0,0.0,2026-07-04 00:00:00+00:00,care_durability,True,
M2-P041-AN-R2,B002,Serein Sleep,True,True,False,False,False,1.0,0.0,0.0,0.0,2026-07-04 00:00:00+00:00,care_durability,True,
M2-P041-AN-R2,B005,Eucalune,False,False,False,False,False,,0.0,0.0,0.0,2026-07-04 00:00:00+00:00,care_durability,True,
M2-P041-CH-R1,B001,AsterVale,True,False,False,False,False,4.0,0.0,0.0,0.0,2026-07-08 00:00:00+00:00,care_durability,True,
M2-P041-CH-R1,B004,RestNest,True,True,False,False,False,3.0,0.0,0.0,0.0,2026-07-08 00:00:00+00:00,care_durability,True,
M2-P041-CH-R1,B002,Serein Sleep,True,False,False,False,False,5.0,0.0,0.0,0.0,2026-07-08 00:00:00+00:00,care_durability,True,
M2-P041-CH-R1,B003,ArcticLoom,True,True,False,False,False,1.0,0.0,0.0,0.0,2026-07-08 00:00:00+00:00,care_durability,True,
M2-P041-CH-R1,B005,Eucalune,True,True,True,False,False,2.0,0.0,0.0,0.0,2026-07-08 00:00:00+00:00,care_durability,True,
M2-P041-CH-R2,B001,AsterVale,False,False,False,False,False,,0.0,0.0,0.0,2026-07-02 00:00:00+00:00,care_durability,True,
M2-P041-CH-R2,B005,Eucalune,False,False,False,False,False,,0.0,0.0,0.0,2026-07-02 00:00:00+00:00,care_durability,True,
M2-P041-CH-R2,B002,Serein Sleep,False,False,False,False,False,,0.0,0.0,0.0,2026-07-02 00:00:00+00:00,care_durability,True,
M2-P041-CH-R2,B003,ArcticLoom,True,True,False,False,False,1.0,0.0,0.0,0.0,2026-07-02 00:00:00+00:00,care_durability,True,
M2-P041-CH-R2,B004,RestNest,True,True,False,False,False,2.0,0.0,0.0,0.0,2026-07-02 00:00:00+00:00,care_durability,True,
M2-P041-SE-R1,B005,Eucalune,True,True,True,True,False,1.0,0.0,0.0,0.0,2026-07-02 00:00:00+00:00,care_durability,True,
M2-P041-SE-R1,B004,RestNest,True,True,False,False,False,3.0,0.0,0.0,0.0,2026-07-02 00:00:00+00:00,care_durability,True,
M2-P041-SE-R1,B003,ArcticLoom,True,False,False,False,False,4.0,0.0,0.0,0.0,2026-07-02 00:00:00+00:00,care_durability,True,
M2-P041-SE-R1,B001,AsterVale,False,False,False,False,False,,0.0,0.0,0.0,2026-07-02 00:00:00+00:00,care_durability,True,
M2-P041-SE-R1,B002,Serein Sleep,True,True,True,False,False,2.0,0.0,0.0,0.0,2026-07-02 00:00:00+00:00,care_durability,True,
M2-P041-SE-R2,B005,Eucalune,True,True,True,True,False,1.0,0.0,0.0,0.0,2026-07-03 00:00:00+00:00,care_durability,True,
M2-P041-SE-R2,B001,AsterVale,False,False,False,False,False,,0.0,0.0,0.0,2026-07-03 00:00:00+00:00,care_durability,True,
M2-P041-SE-R2,B003,ArcticLoom,True,False,False,False,False,4.0,0.0,0.0,0.0,2026-07-03 00:00:00+00:00,care_durability,True,
M2-P041-SE-R2,B002,Serein Sleep,True,True,False,False,False,3.0,0.0,0.0,0.0,2026-07-03 00:00:00+00:00,care_durability,True,
M2-P041-SE-R2,B004,RestNest,True,True,False,False,False,2.0,0.0,0.0,0.0,2026-07-03 00:00:00+00:00,care_durability,True,
M2-P042-AN-R1,B002,Serein Sleep,True,True,True,True,False,1.0,0.0,0.0,0.0,2026-07-04 00:00:00+00:00,care_durability,True,
M2-P042-AN-R1,B005,Eucalune,True,True,False,False,False,2.0,0.0,0.0,0.0,2026-07-04 00:00:00+00:00,care_durability,True,
M2-P042-AN-R1,B001,AsterVale,False,False,False,False,False,,0.0,0.0,0.0,2026-07-04 00:00:00+00:00,care_durability,True,
M2-P042-AN-R1,B004,RestNest,False,False,False,False,False,,0.0,0.0,0.0,2026-07-04 00:00:00+00:00,care_durability,True,
M2-P042-AN-R1,B003,ArcticLoom,False,False,False,False,False,,0.0,0.0,0.0,2026-07-04 00:00:00+00:00,care_durability,True,
M2-P042-AN-R2,B005,Eucalune,True,True,False,False,False,3.0,0.0,0.0,0.0,2026-07-05 00:00:00+00:00,care_durability,True,
M2-P042-AN-R2,B004,RestNest,True,False,False,False,False,4.0,0.0,0.0,0.0,2026-07-05 00:00:00+00:00,care_durability,True,
M2-P042-AN-R2,B001,AsterVale,False,False,False,False,False,,0.0,0.0,0.0,2026-07-05 00:00:00+00:00,care_durability,True,
M2-P042-AN-R2,B002,Serein Sleep,True,True,False,False,False,1.0,0.0,0.0,0.0,2026-07-05 00:00:00+00:00,care_durability,True,
M2-P042-AN-R2,B003,ArcticLoom,True,True,False,False,False,2.0,0.0,0.0,0.0,2026-07-05 00:00:00+00:00,care_durability,True,
M2-P042-CH-R1,B002,Serein Sleep,True,True,True,True,False,1.0,0.0,0.0,0.0,2026-07-02 00:00:00+00:00,care_durability,True,
M2-P042-CH-R1,B001,AsterVale,False,False,False,False,False,,0.0,0.0,0.0,2026-07-02 00:00:00+00:00,care_durability,True,
M2-P042-CH-R1,B003,ArcticLoom,True,True,False,False,False,2.0,0.0,0.0,0.0,2026-07-02 00:00:00+00:00,care_durability,True,
M2-P042-CH-R1,B004,RestNest,False,False,False,False,False,,0.0,0.0,0.0,2026-07-02 00:00:00+00:00,care_durability,True,
M2-P042-CH-R1,B005,Eucalune,False,False,False,False,False,,0.0,0.0,0.0,2026-07-02 00:00:00+00:00,care_durability,True,
M2-P042-CH-R2,B002,Serein Sleep,True,True,True,False,False,1.0,0.0,0.0,0.0,2026-07-03 00:00:00+00:00,care_durability,True,
M2-P042-CH-R2,B003,ArcticLoom,False,False,False,False,False,,0.0,0.0,0.0,2026-07-03 00:00:00+00:00,care_durability,True,
M2-P042-CH-R2,B001,AsterVale,False,False,False,False,False,,0.0,0.0,0.0,2026-07-03 00:00:00+00:00,care_durability,True,
M2-P042-CH-R2,B005,Eucalune,True,True,False,False,False,3.0,0.0,0.0,0.0,2026-07-03 00:00:00+00:00,care_durability,True,
M2-P042-CH-R2,B004,RestNest,True,True,True,False,False,2.0,0.0,0.0,0.0,2026-07-03 00:00:00+00:00,care_durability,True,
M2-P042-SE-R1,B002,Serein Sleep,True,True,True,True,False,1.0,0.0,0.0,0.0,2026-07-03 00:00:00+00:00,care_durability,True,
M2-P042-SE-R1,B001,AsterVale,False,False,False,False,False,,0.0,0.0,0.0,2026-07-03 00:00:00+00:00,care_durability,True,
M2-P042-SE-R1,B005,Eucalune,False,False,False,False,False,,0.0,0.0,0.0,2026-07-03 00:00:00+00:00,care_durability,True,
M2-P042-SE-R1,B003,ArcticLoom,True,True,False,False,False,2.0,0.0,0.0,0.0,2026-07-03 00:00:00+00:00,care_durability,True,
M2-P042-SE-R1,B004,RestNest,True,True,False,False,False,3.0,0.0,0.0,0.0,2026-07-03 00:00:00+00:00,care_durability,True,
M2-P042-SE-R2,B001,AsterVale,False,False,False,False,False,,0.0,0.0,0.0,2026-07-04 00:00:00+00:00,care_durability,True,
M2-P042-SE-R2,B003,ArcticLoom,True,True,False,False,False,2.0,0.0,0.0,0.0,2026-07-04 00:00:00+00:00,care_durability,True,
M2-P042-SE-R2,B005,Eucalune,True,False,False,False,False,4.0,0.0,0.0,0.0,2026-07-04 00:00:00+00:00,care_durability,True,
M2-P042-SE-R2,B002,Serein Sleep,True,True,True,True,False,1.0,0.0,0.0,0.0,2026-07-04 00:00:00+00:00,care_durability,True,
M2-P042-SE-R2,B004,RestNest,True,True,False,False,False,3.0,0.0,0.0,0.0,2026-07-04 00:00:00+00:00,care_durability,True,
M2-P043-AN-R1,B002,Serein Sleep,False,False,False,False,False,,0.0,0.0,0.0,2026-07-05 00:00:00+00:00,care_durability,True,
M2-P043-AN-R1,B005,Eucalune,True,True,False,False,False,3.0,0.0,0.0,0.0,2026-07-05 00:00:00+00:00,care_durability,True,
M2-P043-AN-R1,B001,AsterVale,True,True,True,True,False,1.0,0.0,0.0,0.0,2026-07-05 00:00:00+00:00,care_durability,True,
M2-P043-AN-R1,B004,RestNest,False,False,False,False,False,,0.0,0.0,0.0,2026-07-05 00:00:00+00:00,care_durability,True,
M2-P043-AN-R1,B003,ArcticLoom,True,True,False,False,False,2.0,0.0,0.0,0.0,2026-07-05 00:00:00+00:00,care_durability,True,
M2-P043-CH-R1,B002,Serein Sleep,True,True,False,False,False,2.0,0.0,0.0,0.0,2026-07-03 00:00:00+00:00,care_durability,True,
M2-P043-CH-R1,B005,Eucalune,False,False,False,False,False,,0.0,0.0,0.0,2026-07-03 00:00:00+00:00,care_durability,True,
M2-P043-CH-R1,B004,RestNest,True,True,False,False,False,1.0,0.0,0.0,0.0,2026-07-03 00:00:00+00:00,care_durability,True,
M2-P043-CH-R1,B001,AsterVale,True,True,False,False,False,3.0,0.0,0.0,0.0,2026-07-03 00:00:00+00:00,care_durability,True,
M2-P043-CH-R1,B003,ArcticLoom,False,False,False,False,False,,0.0,0.0,0.0,2026-07-03 00:00:00+00:00,care_durability,True,
M2-P043-CH-R2,B004,RestNest,False,False,False,False,False,,0.0,0.0,0.0,2026-07-04 00:00:00+00:00,care_durability,True,
M2-P043-CH-R2,B001,AsterVale,True,True,False,False,False,2.0,0.0,0.0,0.0,2026-07-04 00:00:00+00:00,care_durability,True,
M2-P043-CH-R2,B003,ArcticLoom,True,True,True,False,False,1.0,0.0,0.0,0.0,2026-07-04 00:00:00+00:00,care_durability,True,
M2-P043-CH-R2,B005,Eucalune,True,True,False,False,False,3.0,0.0,0.0,0.0,2026-07-04 00:00:00+00:00,care_durability,True,
M2-P043-CH-R2,B002,Serein Sleep,False,False,False,False,False,,0.0,0.0,0.0,2026-07-04 00:00:00+00:00,care_durability,True,
M2-P043-SE-R2,B005,Eucalune,False,False,False,False,False,,0.0,0.0,0.0,2026-07-05 00:00:00+00:00,care_durability,True,
M2-P043-SE-R2,B001,AsterVale,False,False,False,False,False,,0.0,0.0,0.0,2026-07-05 00:00:00+00:00,care_durability,True,
M2-P043-SE-R2,B003,ArcticLoom,False,False,False,False,False,,0.0,0.0,0.0,2026-07-05 00:00:00+00:00,care_durability,True,
M2-P043-SE-R2,B002,Serein Sleep,True,True,True,True,False,1.0,0.0,0.0,0.0,2026-07-05 00:00:00+00:00,care_durability,True,
M2-P043-SE-R2,B004,RestNest,True,True,True,False,False,2.0,0.0,0.0,0.0,2026-07-05 00:00:00+00:00,care_durability,True,
M2-P044-AN-R2,B002,Serein Sleep,True,True,False,False,False,2.0,0.0,0.0,0.0,2026-07-07 00:00:00+00:00,care_durability,True,
M2-P044-AN-R2,B004,RestNest,True,True,False,False,False,3.0,0.0,0.0,0.0,2026-07-07 00:00:00+00:00,care_durability,True,
M2-P044-AN-R2,B003,ArcticLoom,False,False,False,False,False,,0.0,0.0,0.0,2026-07-07 00:00:00+00:00,care_durability,True,
M2-P044-AN-R2,B001,AsterVale,False,False,False,False,False,,0.0,0.0,0.0,2026-07-07 00:00:00+00:00,care_durability,True,
M2-P044-AN-R2,B005,Eucalune,True,True,True,True,False,1.0,0.0,0.0,0.0,2026-07-07 00:00:00+00:00,care_durability,True,
M2-P044-CH-R1,B002,Serein Sleep,True,True,False,False,False,1.0,0.0,0.0,0.0,2026-07-04 00:00:00+00:00,care_durability,True,
M2-P044-CH-R1,B001,AsterVale,False,False,False,False,False,,0.0,0.0,0.0,2026-07-04 00:00:00+00:00,care_durability,True,
M2-P044-CH-R1,B003,ArcticLoom,True,True,False,False,False,2.0,0.0,0.0,0.0,2026-07-04 00:00:00+00:00,care_durability,True,
M2-P044-CH-R1,B004,RestNest,False,False,False,False,False,,0.0,0.0,0.0,2026-07-04 00:00:00+00:00,care_durability,True,
M2-P044-CH-R1,B005,Eucalune,True,True,False,False,False,3.0,0.0,0.0,0.0,2026-07-04 00:00:00+00:00,care_durability,True,
M2-P044-SE-R1,B004,RestNest,False,False,False,False,False,,0.0,0.0,0.0,2026-07-05 00:00:00+00:00,care_durability,True,
M2-P044-SE-R1,B002,Serein Sleep,True,True,False,False,False,3.0,0.0,0.0,0.0,2026-07-05 00:00:00+00:00,care_durability,True,
M2-P044-SE-R1,B005,Eucalune,True,True,False,False,False,2.0,0.0,0.0,0.0,2026-07-05 00:00:00+00:00,care_durability,True,
M2-P044-SE-R1,B003,ArcticLoom,True,False,False,False,False,4.0,0.0,0.0,0.0,2026-07-05 00:00:00+00:00,care_durability,True,
M2-P044-SE-R1,B001,AsterVale,True,True,True,True,False,1.0,0.0,0.0,0.0,2026-07-05 00:00:00+00:00,care_durability,True,
M2-P044-SE-R2,B001,AsterVale,False,False,False,False,False,,0.0,0.0,0.0,2026-07-06 00:00:00+00:00,care_durability,True,
M2-P044-SE-R2,B004,RestNest,True,True,False,False,False,2.0,0.0,0.0,0.0,2026-07-06 00:00:00+00:00,care_durability,True,
M2-P044-SE-R2,B003,ArcticLoom,False,False,False,False,False,,0.0,0.0,0.0,2026-07-06 00:00:00+00:00,care_durability,True,
M2-P044-SE-R2,B002,Serein Sleep,True,True,True,True,False,1.0,0.0,0.0,0.0,2026-07-06 00:00:00+00:00,care_durability,True,
M2-P044-SE-R2,B005,Eucalune,True,True,False,False,False,3.0,0.0,0.0,0.0,2026-07-06 00:00:00+00:00,care_durability,True,
M2-P045-AN-R1,B004,RestNest,True,True,False,False,False,2.0,0.0,0.0,0.0,2026-07-07 00:00:00+00:00,purchase_decision,True,
M2-P045-AN-R1,B003,ArcticLoom,True,True,True,True,False,1.0,0.0,0.0,0.0,2026-07-07 00:00:00+00:00,purchase_decision,True,
M2-P045-AN-R1,B001,AsterVale,False,False,False,False,False,,0.0,0.0,0.0,2026-07-07 00:00:00+00:00,purchase_decision,True,
M2-P045-AN-R1,B002,Serein Sleep,True,True,False,False,False,3.0,0.0,0.0,0.0,2026-07-07 00:00:00+00:00,purchase_decision,True,
M2-P045-AN-R1,B005,Eucalune,True,False,False,False,False,4.0,0.0,0.0,0.0,2026-07-07 00:00:00+00:00,purchase_decision,True,
M2-P045-AN-R2,B004,RestNest,True,True,False,False,False,3.0,0.0,0.0,0.0,2026-07-08 00:00:00+00:00,purchase_decision,True,
M2-P045-AN-R2,B003,ArcticLoom,False,False,False,False,False,,0.0,0.0,0.0,2026-07-08 00:00:00+00:00,purchase_decision,True,
M2-P045-AN-R2,B001,AsterVale,False,False,False,False,False,,0.0,0.0,0.0,2026-07-08 00:00:00+00:00,purchase_decision,True,
M2-P045-AN-R2,B002,Serein Sleep,True,True,True,True,False,1.0,0.0,0.0,0.0,2026-07-08 00:00:00+00:00,purchase_decision,True,
M2-P045-AN-R2,B005,Eucalune,True,True,False,False,False,2.0,0.0,0.0,0.0,2026-07-08 00:00:00+00:00,purchase_decision,True,
M2-P045-CH-R1,B003,ArcticLoom,True,True,False,False,False,2.0,0.0,0.0,0.0,2026-07-05 00:00:00+00:00,purchase_decision,True,
M2-P045-CH-R1,B002,Serein Sleep,True,True,True,False,False,3.0,0.0,0.0,0.0,2026-07-05 00:00:00+00:00,purchase_decision,True,
M2-P045-CH-R1,B004,RestNest,False,False,False,False,False,,0.0,0.0,0.0,2026-07-05 00:00:00+00:00,purchase_decision,True,
M2-P045-CH-R1,B001,AsterVale,False,False,False,False,False,,0.0,0.0,0.0,2026-07-05 00:00:00+00:00,purchase_decision,True,
M2-P045-CH-R1,B005,Eucalune,True,True,True,False,False,1.0,0.0,0.0,0.0,2026-07-05 00:00:00+00:00,purchase_decision,True,
M2-P045-CH-R2,B003,ArcticLoom,True,True,False,False,False,3.0,0.0,0.0,0.0,2026-07-06 00:00:00+00:00,purchase_decision,True,
M2-P045-CH-R2,B004,RestNest,True,True,False,False,False,1.0,0.0,0.0,0.0,2026-07-06 00:00:00+00:00,purchase_decision,True,
M2-P045-CH-R2,B001,AsterVale,False,False,False,False,False,,0.0,0.0,0.0,2026-07-06 00:00:00+00:00,purchase_decision,True,
M2-P045-CH-R2,B005,Eucalune,True,True,False,False,False,2.0,0.0,0.0,0.0,2026-07-06 00:00:00+00:00,purchase_decision,True,
M2-P045-CH-R2,B002,Serein Sleep,False,False,False,False,False,,0.0,0.0,0.0,2026-07-06 00:00:00+00:00,purchase_decision,True,
M2-P045-SE-R1,B002,Serein Sleep,True,True,False,False,False,3.0,0.0,0.0,0.0,2026-07-06 00:00:00+00:00,purchase_decision,True,
M2-P045-SE-R1,B004,RestNest,False,False,False,False,False,,0.0,0.0,0.0,2026-07-06 00:00:00+00:00,purchase_decision,True,
M2-P045-SE-R1,B003,ArcticLoom,True,True,False,False,False,2.0,0.0,0.0,0.0,2026-07-06 00:00:00+00:00,purchase_decision,True,
M2-P045-SE-R1,B005,Eucalune,True,True,True,True,False,1.0,0.0,0.0,0.0,2026-07-06 00:00:00+00:00,purchase_decision,True,
M2-P045-SE-R1,B001,AsterVale,False,False,False,False,False,,0.0,0.0,0.0,2026-07-06 00:00:00+00:00,purchase_decision,True,
M2-P045-SE-R2,B002,Serein Sleep,True,True,True,True,False,1.0,0.0,0.0,0.0,2026-07-07 00:00:00+00:00,purchase_decision,True,
M2-P045-SE-R2,B003,ArcticLoom,True,True,False,False,False,3.0,0.0,0.0,0.0,2026-07-07 00:00:00+00:00,purchase_decision,True,
M2-P045-SE-R2,B005,Eucalune,True,True,False,False,False,2.0,0.0,0.0,0.0,2026-07-07 00:00:00+00:00,purchase_decision,True,
M2-P045-SE-R2,B001,AsterVale,True,False,False,False,False,5.0,0.0,0.0,0.0,2026-07-07 00:00:00+00:00,purchase_decision,True,
M2-P045-SE-R2,B004,RestNest,True,False,False,False,False,4.0,0.0,0.0,0.0,2026-07-07 00:00:00+00:00,purchase_decision,True,
M2-P046-AN-R1,B002,Serein Sleep,True,True,False,False,False,1.0,0.0,0.0,0.0,2026-07-08 00:00:00+00:00,purchase_decision,True,
M2-P046-AN-R1,B005,Eucalune,True,True,True,False,False,2.0,0.0,0.0,0.0,2026-07-08 00:00:00+00:00,purchase_decision,True,
M2-P046-AN-R1,B001,AsterVale,True,False,False,False,False,4.0,0.0,0.0,0.0,2026-07-08 00:00:00+00:00,purchase_decision,True,
M2-P046-AN-R1,B003,ArcticLoom,True,True,False,False,False,3.0,0.0,0.0,0.0,2026-07-08 00:00:00+00:00,purchase_decision,True,
M2-P046-AN-R1,B004,RestNest,False,False,False,False,False,,0.0,0.0,0.0,2026-07-08 00:00:00+00:00,purchase_decision,True,
M2-P046-AN-R2,B003,ArcticLoom,True,True,True,True,False,1.0,0.0,0.0,0.0,2026-07-02 00:00:00+00:00,purchase_decision,True,
M2-P046-AN-R2,B001,AsterVale,False,False,False,False,False,,0.0,0.0,0.0,2026-07-02 00:00:00+00:00,purchase_decision,True,
M2-P046-AN-R2,B002,Serein Sleep,True,True,False,False,False,2.0,0.0,0.0,0.0,2026-07-02 00:00:00+00:00,purchase_decision,True,
M2-P046-AN-R2,B004,RestNest,False,False,False,False,False,,0.0,0.0,0.0,2026-07-02 00:00:00+00:00,purchase_decision,True,
M2-P046-AN-R2,B005,Eucalune,True,True,False,False,False,3.0,0.0,0.0,0.0,2026-07-02 00:00:00+00:00,purchase_decision,True,
M2-P046-CH-R1,B004,RestNest,True,True,False,False,False,2.0,0.0,0.0,0.0,2026-07-06 00:00:00+00:00,purchase_decision,True,
M2-P046-CH-R1,B005,Eucalune,True,True,False,False,False,3.0,0.0,0.0,0.0,2026-07-06 00:00:00+00:00,purchase_decision,True,
M2-P046-CH-R1,B002,Serein Sleep,False,False,False,False,False,,0.0,0.0,0.0,2026-07-06 00:00:00+00:00,purchase_decision,True,
M2-P046-CH-R1,B003,ArcticLoom,True,True,False,False,False,1.0,0.0,0.0,0.0,2026-07-06 00:00:00+00:00,category_best,True,
M2-P046-CH-R1,B001,AsterVale,False,False,False,False,False,,0.0,0.0,0.0,2026-07-06 00:00:00+00:00,purchase_decision,True,
M2-P046-CH-R2,B004,RestNest,True,False,False,False,False,4.0,0.0,0.0,0.0,2026-07-07 00:00:00+00:00,purchase_decision,True,
M2-P046-CH-R2,B001,AsterVale,False,False,False,False,False,,0.0,0.0,0.0,2026-07-07 00:00:00+00:00,purchase_decision,True,
M2-P046-CH-R2,B002,Serein Sleep,True,True,True,True,False,1.0,0.0,0.0,0.0,2026-07-07 00:00:00+00:00,purchase_decision,True,
M2-P046-CH-R2,B003,ArcticLoom,True,True,False,False,False,2.0,0.0,0.0,0.0,2026-07-07 00:00:00+00:00,purchase_decision,True,
M2-P046-CH-R2,B005,Eucalune,True,True,False,False,False,3.0,0.0,0.0,0.0,2026-07-07 00:00:00+00:00,purchase_decision,True,
M2-P046-SE-R2,B003,ArcticLoom,True,True,False,False,False,2.0,0.0,0.0,0.0,2026-07-08 00:00:00+00:00,purchase_decision,True,
M2-P046-SE-R2,B001,AsterVale,False,False,False,False,False,,0.0,0.0,0.0,2026-07-08 00:00:00+00:00,purchase_decision,True,
M2-P046-SE-R2,B002,Serein Sleep,False,False,False,False,False,,0.0,0.0,0.0,2026-07-08 00:00:00+00:00,purchase_decision,True,
M2-P046-SE-R2,B005,Eucalune,True,True,True,False,False,1.0,0.0,0.0,0.0,2026-07-08 00:00:00+00:00,purchase_decision,True,
M2-P046-SE-R2,B004,RestNest,False,False,False,False,False,,0.0,0.0,0.0,2026-07-08 00:00:00+00:00,purchase_decision,True,
M2-P047-CH-R1,B002,Serein Sleep,True,True,False,False,False,1.0,0.0,0.0,0.0,2026-07-07 00:00:00+00:00,purchase_decision,True,
M2-P047-CH-R1,B004,RestNest,False,False,False,False,False,,0.0,0.0,0.0,2026-07-07 00:00:00+00:00,purchase_decision,True,
M2-P047-CH-R1,B001,AsterVale,True,True,False,False,False,3.0,0.0,0.0,0.0,2026-07-07 00:00:00+00:00,purchase_decision,True,
M2-P047-CH-R1,B005,Eucalune,True,False,False,False,False,4.0,0.0,0.0,0.0,2026-07-07 00:00:00+00:00,purchase_decision,True,
M2-P047-CH-R1,B003,ArcticLoom,True,True,True,False,False,2.0,0.0,0.0,0.0,2026-07-07 00:00:00+00:00,purchase_decision,True,
M2-P047-CH-R2,B004,RestNest,True,True,True,True,False,1.0,0.0,0.0,0.0,2026-07-08 00:00:00+00:00,purchase_decision,True,
M2-P047-CH-R2,B002,Serein Sleep,True,True,True,False,False,2.0,0.0,0.0,0.0,2026-07-08 00:00:00+00:00,purchase_decision,True,
M2-P047-CH-R2,B001,AsterVale,False,False,False,False,False,,0.0,0.0,0.0,2026-07-08 00:00:00+00:00,purchase_decision,True,
M2-P047-CH-R2,B005,Eucalune,False,False,False,False,False,,0.0,0.0,0.0,2026-07-08 00:00:00+00:00,purchase_decision,True,
M2-P047-CH-R2,B003,ArcticLoom,True,True,False,False,False,3.0,0.0,0.0,0.0,2026-07-08 00:00:00+00:00,purchase_decision,True,
M2-P047-SE-R1,B005,Eucalune,False,False,False,False,False,,0.0,0.0,0.0,2026-07-08 00:00:00+00:00,purchase_decision,True,
M2-P047-SE-R1,B001,AsterVale,False,False,False,False,False,,0.0,0.0,0.0,2026-07-08 00:00:00+00:00,purchase_decision,True,
M2-P047-SE-R1,B002,Serein Sleep,True,True,True,True,False,1.0,0.0,0.0,0.0,2026-07-08 00:00:00+00:00,purchase_decision,True,
M2-P047-SE-R1,B004,RestNest,True,True,False,False,False,3.0,0.0,0.0,0.0,2026-07-08 00:00:00+00:00,purchase_decision,True,
M2-P047-SE-R1,B003,ArcticLoom,True,True,False,False,False,2.0,0.0,0.0,0.0,2026-07-08 00:00:00+00:00,purchase_decision,True,
M2-P047-SE-R2,B005,Eucalune,True,True,False,False,False,2.0,0.0,0.0,0.0,2026-07-02 00:00:00+00:00,purchase_decision,True,
M2-P047-SE-R2,B001,AsterVale,False,False,False,False,False,,0.0,0.0,0.0,2026-07-02 00:00:00+00:00,purchase_decision,True,
M2-P047-SE-R2,B003,ArcticLoom,True,True,True,True,False,1.0,0.0,0.0,0.0,2026-07-02 00:00:00+00:00,purchase_decision,True,
M2-P047-SE-R2,B004,RestNest,True,True,False,False,False,3.0,0.0,0.0,0.0,2026-07-02 00:00:00+00:00,purchase_decision,True,
M2-P047-SE-R2,B002,Serein Sleep,False,False,False,False,False,,0.0,0.0,0.0,2026-07-02 00:00:00+00:00,purchase_decision,True,
M2-P048-AN-R1,B002,Serein Sleep,True,True,True,False,False,1.0,0.0,0.0,0.0,2026-07-03 00:00:00+00:00,purchase_decision,True,
M2-P048-AN-R1,B001,AsterVale,False,False,False,False,False,,0.0,0.0,0.0,2026-07-03 00:00:00+00:00,purchase_decision,True,
M2-P048-AN-R1,B005,Eucalune,False,False,False,False,False,,0.0,0.0,0.0,2026-07-03 00:00:00+00:00,purchase_decision,True,
M2-P048-AN-R1,B004,RestNest,False,False,False,False,False,,0.0,0.0,0.0,2026-07-03 00:00:00+00:00,purchase_decision,True,
M2-P048-AN-R1,B003,ArcticLoom,True,True,True,False,False,2.0,0.0,0.0,0.0,2026-07-03 00:00:00+00:00,purchase_decision,True,
M2-P048-AN-R2,B002,Serein Sleep,True,True,True,True,False,1.0,0.0,0.0,0.0,2026-07-04 00:00:00+00:00,purchase_decision,True,
M2-P048-AN-R2,B004,RestNest,True,False,False,False,False,4.0,0.0,0.0,0.0,2026-07-04 00:00:00+00:00,purchase_decision,True,
M2-P048-AN-R2,B005,Eucalune,False,False,False,False,False,,0.0,0.0,0.0,2026-07-04 00:00:00+00:00,purchase_decision,True,
M2-P048-AN-R2,B003,ArcticLoom,True,True,False,False,False,2.0,0.0,0.0,0.0,2026-07-04 00:00:00+00:00,purchase_decision,True,
M2-P048-AN-R2,B001,AsterVale,True,True,False,False,False,3.0,0.0,0.0,0.0,2026-07-04 00:00:00+00:00,purchase_decision,True,
M2-P048-CH-R2,B005,Eucalune,False,False,False,False,False,,0.0,0.0,0.0,2026-07-02 00:00:00+00:00,purchase_decision,True,
M2-P048-CH-R2,B001,AsterVale,False,False,False,False,False,,0.0,0.0,0.0,2026-07-02 00:00:00+00:00,purchase_decision,True,
M2-P048-CH-R2,B002,Serein Sleep,False,False,False,False,False,,0.0,0.0,0.0,2026-07-02 00:00:00+00:00,purchase_decision,True,
M2-P048-CH-R2,B004,RestNest,True,True,False,False,False,1.0,0.0,0.0,0.0,2026-07-02 00:00:00+00:00,purchase_decision,True,
M2-P048-CH-R2,B003,ArcticLoom,True,True,False,False,False,2.0,0.0,0.0,0.0,2026-07-02 00:00:00+00:00,purchase_decision,True,
M2-P048-SE-R1,B004,RestNest,True,True,False,False,False,3.0,0.0,0.0,0.0,2026-07-02 00:00:00+00:00,purchase_decision,True,
M2-P048-SE-R1,B003,ArcticLoom,True,True,True,False,False,2.0,0.0,0.0,0.0,2026-07-02 00:00:00+00:00,purchase_decision,True,
M2-P048-SE-R1,B005,Eucalune,False,False,False,False,False,,0.0,0.0,0.0,2026-07-02 00:00:00+00:00,purchase_decision,True,
M2-P048-SE-R1,B001,AsterVale,False,False,False,False,False,,0.0,0.0,0.0,2026-07-02 00:00:00+00:00,purchase_decision,True,
M2-P048-SE-R1,B002,Serein Sleep,True,True,True,True,False,1.0,0.0,0.0,0.0,2026-07-02 00:00:00+00:00,purchase_decision,True,
M2-P048-SE-R2,B004,RestNest,True,True,False,False,False,2.0,0.0,0.0,0.0,2026-07-03 00:00:00+00:00,purchase_decision,True,
M2-P048-SE-R2,B001,AsterVale,True,True,False,False,False,3.0,0.0,0.0,0.0,2026-07-03 00:00:00+00:00,purchase_decision,True,
M2-P048-SE-R2,B002,Serein Sleep,False,False,False,False,False,,0.0,0.0,0.0,2026-07-03 00:00:00+00:00,purchase_decision,True,
M2-P048-SE-R2,B003,ArcticLoom,False,False,False,False,False,,0.0,0.0,0.0,2026-07-03 00:00:00+00:00,purchase_decision,True,
M2-P048-SE-R2,B005,Eucalune,True,True,False,False,False,1.0,0.0,0.0,0.0,2026-07-03 00:00:00+00:00,purchase_decision,True,
M2-P049-AN-R1,B001,AsterVale,True,True,True,True,False,1.0,1.0,1.0,0.0,2026-07-04 00:00:00+00:00,branded_overview,True,
M2-P049-AN-R1,B004,RestNest,False,False,False,False,False,,0.0,0.0,0.0,2026-07-04 00:00:00+00:00,branded_overview,True,
M2-P049-AN-R1,B005,Eucalune,False,False,False,False,False,,0.0,0.0,0.0,2026-07-04 00:00:00+00:00,branded_overview,True,
M2-P049-AN-R1,B002,Serein Sleep,False,False,False,False,False,,0.0,0.0,0.0,2026-07-04 00:00:00+00:00,branded_overview,True,
M2-P049-AN-R1,B003,ArcticLoom,False,False,False,False,False,,0.0,0.0,0.0,2026-07-04 00:00:00+00:00,branded_overview,True,
M2-P049-AN-R2,B002,Serein Sleep,False,False,False,False,False,,0.0,0.0,0.0,2026-07-05 00:00:00+00:00,branded_overview,True,
M2-P049-AN-R2,B004,RestNest,True,False,False,False,False,4.0,0.0,0.0,0.0,2026-07-05 00:00:00+00:00,branded_overview,True,
M2-P049-AN-R2,B005,Eucalune,True,True,False,False,False,3.0,0.0,0.0,0.0,2026-07-05 00:00:00+00:00,branded_overview,True,
M2-P049-AN-R2,B001,AsterVale,True,True,True,False,False,1.0,1.0,1.0,0.0,2026-07-05 00:00:00+00:00,branded_overview,True,
M2-P049-AN-R2,B003,ArcticLoom,True,True,False,False,False,2.0,0.0,0.0,0.0,2026-07-05 00:00:00+00:00,branded_overview,True,
M2-P049-CH-R1,B001,AsterVale,True,True,False,False,False,1.0,1.0,1.0,1.0,2026-07-02 00:00:00+00:00,branded_overview,True,
M2-P049-CH-R1,B005,Eucalune,False,False,False,False,False,,0.0,0.0,0.0,2026-07-02 00:00:00+00:00,branded_overview,True,
M2-P049-CH-R1,B003,ArcticLoom,False,False,False,False,False,,0.0,0.0,0.0,2026-07-02 00:00:00+00:00,branded_overview,True,
M2-P049-CH-R1,B004,RestNest,False,False,False,False,False,,0.0,0.0,0.0,2026-07-02 00:00:00+00:00,branded_overview,True,
M2-P049-CH-R1,B002,Serein Sleep,True,True,False,False,False,2.0,0.0,0.0,0.0,2026-07-02 00:00:00+00:00,branded_overview,True,
M2-P049-SE-R1,B003,ArcticLoom,True,True,True,False,False,2.0,0.0,0.0,0.0,2026-07-03 00:00:00+00:00,branded_overview,True,
M2-P049-SE-R1,B001,AsterVale,True,True,True,True,False,1.0,1.0,0.0,1.0,2026-07-03 00:00:00+00:00,branded_overview,True,
M2-P049-SE-R1,B002,Serein Sleep,False,False,False,False,False,,0.0,0.0,0.0,2026-07-03 00:00:00+00:00,branded_overview,True,
M2-P049-SE-R1,B004,RestNest,True,True,False,False,False,3.0,0.0,0.0,0.0,2026-07-03 00:00:00+00:00,branded_overview,True,
M2-P049-SE-R1,B005,Eucalune,True,False,False,False,False,4.0,0.0,0.0,0.0,2026-07-03 00:00:00+00:00,branded_overview,True,
M2-P050-AN-R1,B001,AsterVale,True,True,True,True,False,1.0,1.0,0.0,0.0,2026-07-05 00:00:00+00:00,branded_overview,True,
M2-P050-AN-R1,B005,Eucalune,False,False,False,False,False,,0.0,0.0,0.0,2026-07-05 00:00:00+00:00,branded_overview,True,
M2-P050-AN-R1,B004,RestNest,False,False,False,False,False,,0.0,0.0,0.0,2026-07-05 00:00:00+00:00,branded_overview,True,
M2-P050-AN-R1,B002,Serein Sleep,False,False,False,False,False,,0.0,0.0,0.0,2026-07-05 00:00:00+00:00,branded_overview,True,
M2-P050-AN-R1,B003,ArcticLoom,False,False,False,False,False,,0.0,0.0,0.0,2026-07-05 00:00:00+00:00,branded_overview,True,
M2-P050-AN-R2,B005,Eucalune,False,False,False,False,False,,0.0,0.0,0.0,2026-07-06 00:00:00+00:00,branded_overview,True,
M2-P050-AN-R2,B003,ArcticLoom,True,True,False,False,False,2.0,0.0,0.0,0.0,2026-07-06 00:00:00+00:00,branded_overview,True,
M2-P050-AN-R2,B002,Serein Sleep,False,False,False,False,False,,0.0,0.0,0.0,2026-07-06 00:00:00+00:00,branded_overview,True,
M2-P050-AN-R2,B004,RestNest,False,False,False,False,False,,0.0,0.0,0.0,2026-07-06 00:00:00+00:00,branded_overview,True,
M2-P050-AN-R2,B001,AsterVale,True,True,True,True,False,1.0,1.0,1.0,0.0,2026-07-06 00:00:00+00:00,branded_overview,True,
M2-P050-CH-R1,B002,Serein Sleep,True,True,False,False,False,3.0,0.0,0.0,0.0,2026-07-03 00:00:00+00:00,branded_overview,True,
M2-P050-CH-R1,B004,RestNest,True,True,True,False,False,2.0,0.0,0.0,0.0,2026-07-03 00:00:00+00:00,branded_overview,True,
M2-P050-CH-R1,B005,Eucalune,True,False,False,False,False,4.0,0.0,0.0,0.0,2026-07-03 00:00:00+00:00,branded_overview,True,
M2-P050-CH-R1,B001,AsterVale,True,True,False,False,False,1.0,1.0,0.0,0.0,2026-07-03 00:00:00+00:00,branded_overview,True,
M2-P050-CH-R1,B003,ArcticLoom,False,False,False,False,False,,0.0,0.0,0.0,2026-07-03 00:00:00+00:00,branded_overview,True,
M2-P050-CH-R2,B005,Eucalune,False,False,False,False,False,,0.0,0.0,0.0,2026-07-04 00:00:00+00:00,branded_overview,True,
M2-P050-CH-R2,B001,AsterVale,True,True,False,False,False,1.0,1.0,1.0,0.0,2026-07-04 00:00:00+00:00,branded_overview,True,
M2-P050-CH-R2,B002,Serein Sleep,True,True,False,False,False,2.0,0.0,0.0,0.0,2026-07-04 00:00:00+00:00,branded_overview,True,
M2-P050-CH-R2,B003,ArcticLoom,False,False,False,False,False,,0.0,0.0,0.0,2026-07-04 00:00:00+00:00,branded_overview,True,
M2-P050-CH-R2,B004,RestNest,False,False,False,False,False,,0.0,0.0,0.0,2026-07-04 00:00:00+00:00,branded_overview,True,
M2-P050-SE-R1,B002,Serein Sleep,True,True,False,False,False,3.0,0.0,0.0,0.0,2026-07-04 00:00:00+00:00,branded_overview,True,
M2-P050-SE-R1,B005,Eucalune,True,True,False,False,False,2.0,0.0,0.0,0.0,2026-07-04 00:00:00+00:00,branded_overview,True,
M2-P050-SE-R1,B003,ArcticLoom,False,False,False,False,False,,0.0,0.0,0.0,2026-07-04 00:00:00+00:00,branded_overview,True,
M2-P050-SE-R1,B001,AsterVale,True,True,True,True,False,1.0,1.0,1.0,0.0,2026-07-04 00:00:00+00:00,branded_overview,True,
M2-P050-SE-R1,B004,RestNest,False,False,False,False,False,,0.0,0.0,0.0,2026-07-04 00:00:00+00:00,branded_overview,True,
M2-P050-SE-R2,B001,AsterVale,True,True,True,True,False,1.0,1.0,1.0,0.0,2026-07-05 00:00:00+00:00,branded_overview,True,
M2-P050-SE-R2,B003,ArcticLoom,False,False,False,False,False,,0.0,0.0,0.0,2026-07-05 00:00:00+00:00,branded_overview,True,
M2-P050-SE-R2,B002,Serein Sleep,False,False,False,False,False,,0.0,0.0,0.0,2026-07-05 00:00:00+00:00,branded_overview,True,
M2-P050-SE-R2,B005,Eucalune,False,False,False,False,False,,0.0,0.0,0.0,2026-07-05 00:00:00+00:00,branded_overview,True,
M2-P050-SE-R2,B004,RestNest,False,False,False,False,False,,0.0,0.0,0.0,2026-07-05 00:00:00+00:00,branded_overview,True,
M2-P051-AN-R1,B005,Eucalune,False,False,False,False,False,,0.0,0.0,0.0,2026-07-06 00:00:00+00:00,branded_overview,True,
M2-P051-AN-R1,B002,Serein Sleep,True,True,False,False,False,2.0,0.0,0.0,0.0,2026-07-06 00:00:00+00:00,branded_overview,True,
M2-P051-AN-R1,B003,ArcticLoom,True,True,False,False,False,3.0,0.0,0.0,0.0,2026-07-06 00:00:00+00:00,branded_overview,True,
M2-P051-AN-R1,B001,AsterVale,True,True,True,True,False,1.0,1.0,1.0,0.0,2026-07-06 00:00:00+00:00,branded_overview,True,
M2-P051-AN-R1,B004,RestNest,False,False,False,False,False,,0.0,0.0,0.0,2026-07-06 00:00:00+00:00,branded_overview,True,
M2-P051-CH-R1,B001,AsterVale,True,True,True,False,False,1.0,1.0,1.0,0.0,2026-07-04 00:00:00+00:00,branded_overview,True,
M2-P051-CH-R1,B005,Eucalune,False,False,False,False,False,,0.0,0.0,0.0,2026-07-04 00:00:00+00:00,branded_overview,True,
M2-P051-CH-R1,B003,ArcticLoom,True,True,False,False,False,2.0,0.0,0.0,0.0,2026-07-04 00:00:00+00:00,branded_overview,True,
M2-P051-CH-R1,B004,RestNest,True,True,False,False,False,3.0,0.0,0.0,0.0,2026-07-04 00:00:00+00:00,branded_overview,True,
M2-P051-CH-R1,B002,Serein Sleep,False,False,False,False,False,,0.0,0.0,0.0,2026-07-04 00:00:00+00:00,branded_overview,True,
M2-P051-CH-R2,B002,Serein Sleep,False,False,False,False,False,,0.0,0.0,0.0,2026-07-05 00:00:00+00:00,branded_overview,True,
M2-P051-CH-R2,B004,RestNest,False,False,False,False,False,,0.0,0.0,0.0,2026-07-05 00:00:00+00:00,branded_overview,True,
M2-P051-CH-R2,B003,ArcticLoom,False,False,False,False,False,,0.0,0.0,0.0,2026-07-05 00:00:00+00:00,branded_overview,True,
M2-P051-CH-R2,B005,Eucalune,False,False,False,False,False,,0.0,0.0,0.0,2026-07-05 00:00:00+00:00,branded_overview,True,
M2-P051-CH-R2,B001,AsterVale,True,True,True,True,False,1.0,1.0,1.0,0.0,2026-07-05 00:00:00+00:00,branded_overview,True,
M2-P051-SE-R1,B005,Eucalune,False,False,False,False,False,,0.0,0.0,0.0,2026-07-05 00:00:00+00:00,branded_overview,True,
M2-P051-SE-R1,B002,Serein Sleep,True,True,False,False,False,2.0,0.0,0.0,0.0,2026-07-05 00:00:00+00:00,branded_overview,True,
M2-P051-SE-R1,B003,ArcticLoom,False,False,False,False,False,,0.0,0.0,0.0,2026-07-05 00:00:00+00:00,branded_overview,True,
M2-P051-SE-R1,B001,AsterVale,True,True,False,False,False,1.0,1.0,1.0,0.0,2026-07-05 00:00:00+00:00,branded_overview,True,
M2-P051-SE-R1,B004,RestNest,False,False,False,False,False,,0.0,0.0,0.0,2026-07-05 00:00:00+00:00,branded_overview,True,
M2-P051-SE-R2,B002,Serein Sleep,False,False,False,False,False,,0.0,0.0,0.0,2026-07-06 00:00:00+00:00,branded_overview,True,
M2-P051-SE-R2,B001,AsterVale,True,True,True,True,False,1.0,1.0,1.0,0.0,2026-07-06 00:00:00+00:00,branded_overview,True,
M2-P051-SE-R2,B004,RestNest,True,False,False,False,False,4.0,0.0,0.0,0.0,2026-07-06 00:00:00+00:00,branded_overview,True,
M2-P051-SE-R2,B005,Eucalune,True,True,False,False,False,3.0,0.0,0.0,0.0,2026-07-06 00:00:00+00:00,branded_overview,True,
M2-P051-SE-R2,B003,ArcticLoom,True,True,False,False,False,2.0,0.0,0.0,0.0,2026-07-06 00:00:00+00:00,branded_overview,True,
M2-P052-AN-R1,B004,RestNest,True,True,False,False,False,2.0,0.0,0.0,0.0,2026-07-07 00:00:00+00:00,branded_overview,True,
M2-P052-AN-R1,B003,ArcticLoom,True,True,False,False,False,3.0,0.0,0.0,0.0,2026-07-07 00:00:00+00:00,branded_overview,True,
M2-P052-AN-R1,B005,Eucalune,False,False,False,False,False,,0.0,0.0,0.0,2026-07-07 00:00:00+00:00,branded_overview,True,
M2-P052-AN-R1,B002,Serein Sleep,False,False,False,False,False,,0.0,0.0,0.0,2026-07-07 00:00:00+00:00,branded_overview,True,
M2-P052-AN-R1,B001,AsterVale,True,True,True,True,False,1.0,1.0,1.0,0.0,2026-07-07 00:00:00+00:00,branded_overview,True,
M2-P052-AN-R2,B003,ArcticLoom,True,True,False,False,False,2.0,0.0,0.0,0.0,2026-07-08 00:00:00+00:00,branded_overview,True,
M2-P052-AN-R2,B002,Serein Sleep,False,False,False,False,False,,0.0,0.0,0.0,2026-07-08 00:00:00+00:00,branded_overview,True,
M2-P052-AN-R2,B001,AsterVale,True,True,False,False,False,1.0,1.0,1.0,0.0,2026-07-08 00:00:00+00:00,branded_overview,True,
M2-P052-AN-R2,B004,RestNest,True,True,False,False,False,3.0,0.0,0.0,0.0,2026-07-08 00:00:00+00:00,branded_overview,True,
M2-P052-AN-R2,B005,Eucalune,False,False,False,False,False,,0.0,0.0,0.0,2026-07-08 00:00:00+00:00,branded_overview,True,
M2-P052-CH-R1,B001,AsterVale,True,True,True,True,False,1.0,0.0,1.0,1.0,2026-07-05 00:00:00+00:00,branded_overview,True,
M2-P052-CH-R1,B004,RestNest,False,False,False,False,False,,0.0,0.0,0.0,2026-07-05 00:00:00+00:00,branded_overview,True,
M2-P052-CH-R1,B002,Serein Sleep,False,False,False,False,False,,0.0,0.0,0.0,2026-07-05 00:00:00+00:00,branded_overview,True,
M2-P052-CH-R1,B003,ArcticLoom,False,False,False,False,False,,0.0,0.0,0.0,2026-07-05 00:00:00+00:00,branded_overview,True,
M2-P052-CH-R1,B005,Eucalune,False,False,False,False,False,,0.0,0.0,0.0,2026-07-05 00:00:00+00:00,branded_overview,True,
M2-P052-CH-R2,B005,Eucalune,True,True,False,False,False,3.0,0.0,0.0,0.0,2026-07-06 00:00:00+00:00,branded_overview,True,
M2-P052-CH-R2,B004,RestNest,True,False,False,False,False,4.0,0.0,0.0,0.0,2026-07-06 00:00:00+00:00,branded_overview,True,
M2-P052-CH-R2,B001,AsterVale,True,True,True,True,False,1.0,1.0,1.0,0.0,2026-07-06 00:00:00+00:00,branded_overview,True,
M2-P052-CH-R2,B003,ArcticLoom,False,False,False,False,False,,0.0,0.0,0.0,2026-07-06 00:00:00+00:00,branded_overview,True,
M2-P052-CH-R2,B002,Serein Sleep,True,True,False,False,False,2.0,0.0,0.0,0.0,2026-07-06 00:00:00+00:00,branded_overview,True,
M2-P052-SE-R1,B002,Serein Sleep,False,False,False,False,False,,0.0,0.0,0.0,2026-07-06 00:00:00+00:00,branded_overview,True,
M2-P052-SE-R1,B003,ArcticLoom,False,False,False,False,False,,0.0,0.0,0.0,2026-07-06 00:00:00+00:00,branded_overview,True,
M2-P052-SE-R1,B005,Eucalune,False,False,False,False,False,,0.0,0.0,0.0,2026-07-06 00:00:00+00:00,branded_overview,True,
M2-P052-SE-R1,B004,RestNest,True,True,False,False,False,2.0,0.0,0.0,0.0,2026-07-06 00:00:00+00:00,branded_overview,True,
M2-P052-SE-R1,B001,AsterVale,True,True,False,False,False,1.0,1.0,0.0,0.0,2026-07-06 00:00:00+00:00,branded_overview,True,
M2-P052-SE-R2,B003,ArcticLoom,False,False,False,False,False,,0.0,0.0,0.0,2026-07-07 00:00:00+00:00,branded_overview,True,
M2-P052-SE-R2,B004,RestNest,False,False,False,False,False,,0.0,0.0,0.0,2026-07-07 00:00:00+00:00,branded_overview,True,
M2-P052-SE-R2,B005,Eucalune,False,False,False,False,False,,0.0,0.0,0.0,2026-07-07 00:00:00+00:00,branded_overview,True,
M2-P052-SE-R2,B002,Serein Sleep,False,False,False,False,False,,0.0,0.0,0.0,2026-07-07 00:00:00+00:00,branded_overview,True,
M2-P052-SE-R2,B001,AsterVale,True,True,True,True,False,1.0,1.0,0.0,0.0,2026-07-07 00:00:00+00:00,branded_overview,True,
M2-P053-AN-R1,B005,Eucalune,False,False,False,False,False,,0.0,0.0,0.0,2026-07-08 00:00:00+00:00,branded_comparison,True,
M2-P053-AN-R1,B001,AsterVale,True,True,False,False,False,1.0,1.0,1.0,0.0,2026-07-08 00:00:00+00:00,branded_comparison,True,
M2-P053-AN-R1,B003,ArcticLoom,False,False,False,False,False,,0.0,0.0,0.0,2026-07-08 00:00:00+00:00,branded_comparison,True,
M2-P053-AN-R1,B004,RestNest,False,False,False,False,False,,0.0,0.0,0.0,2026-07-08 00:00:00+00:00,branded_comparison,True,
M2-P053-AN-R1,B002,Serein Sleep,True,True,False,False,False,2.0,0.0,0.0,0.0,2026-07-08 00:00:00+00:00,branded_comparison,True,
M2-P053-CH-R1,B005,Eucalune,True,True,False,False,False,2.0,0.0,0.0,0.0,2026-07-06 00:00:00+00:00,branded_comparison,True,
M2-P053-CH-R1,B003,ArcticLoom,False,False,False,False,False,,0.0,0.0,0.0,2026-07-06 00:00:00+00:00,branded_comparison,True,
M2-P053-CH-R1,B002,Serein Sleep,False,False,False,False,False,,0.0,0.0,0.0,2026-07-06 00:00:00+00:00,branded_comparison,True,
M2-P053-CH-R1,B004,RestNest,False,False,False,False,False,,0.0,0.0,0.0,2026-07-06 00:00:00+00:00,branded_comparison,True,
M2-P053-CH-R1,B001,AsterVale,True,True,False,False,False,1.0,1.0,0.0,0.0,2026-07-06 00:00:00+00:00,branded_comparison,True,
M2-P053-CH-R2,B004,RestNest,False,False,False,False,False,,0.0,0.0,0.0,2026-07-07 00:00:00+00:00,branded_comparison,True,
M2-P053-CH-R2,B005,Eucalune,True,True,False,False,False,3.0,0.0,0.0,0.0,2026-07-07 00:00:00+00:00,branded_comparison,True,
M2-P053-CH-R2,B001,AsterVale,True,True,True,True,False,1.0,1.0,1.0,0.0,2026-07-07 00:00:00+00:00,branded_comparison,True,
M2-P053-CH-R2,B002,Serein Sleep,True,True,False,False,False,2.0,0.0,0.0,0.0,2026-07-07 00:00:00+00:00,branded_comparison,True,
M2-P053-CH-R2,B003,ArcticLoom,False,False,False,False,False,,0.0,0.0,0.0,2026-07-07 00:00:00+00:00,branded_comparison,True,
M2-P053-SE-R1,B004,RestNest,False,False,False,False,False,,0.0,0.0,0.0,2026-07-07 00:00:00+00:00,branded_comparison,True,
M2-P053-SE-R1,B003,ArcticLoom,False,False,False,False,False,,0.0,0.0,0.0,2026-07-07 00:00:00+00:00,branded_comparison,True,
M2-P053-SE-R1,B002,Serein Sleep,False,False,False,False,False,,0.0,0.0,0.0,2026-07-07 00:00:00+00:00,branded_comparison,True,
M2-P053-SE-R1,B005,Eucalune,True,True,False,False,False,2.0,0.0,0.0,0.0,2026-07-07 00:00:00+00:00,branded_comparison,True,
M2-P053-SE-R1,B001,AsterVale,True,True,True,True,False,1.0,1.0,0.0,1.0,2026-07-07 00:00:00+00:00,branded_comparison,True,
M2-P053-SE-R2,B001,AsterVale,True,True,True,True,False,1.0,1.0,0.0,1.0,2026-07-08 00:00:00+00:00,branded_comparison,True,
M2-P053-SE-R2,B004,RestNest,False,False,False,False,False,,0.0,0.0,0.0,2026-07-08 00:00:00+00:00,branded_comparison,True,
M2-P053-SE-R2,B005,Eucalune,True,True,False,False,False,2.0,0.0,0.0,0.0,2026-07-08 00:00:00+00:00,branded_comparison,True,
M2-P053-SE-R2,B003,ArcticLoom,False,False,False,False,False,,0.0,0.0,0.0,2026-07-08 00:00:00+00:00,branded_comparison,True,
M2-P053-SE-R2,B002,Serein Sleep,False,False,False,False,False,,0.0,0.0,0.0,2026-07-08 00:00:00+00:00,branded_comparison,True,
M2-P054-AN-R2,B002,Serein Sleep,True,True,False,False,False,3.0,0.0,0.0,0.0,2026-07-03 00:00:00+00:00,branded_comparison,True,
M2-P054-AN-R2,B004,RestNest,False,False,False,False,False,,0.0,0.0,0.0,2026-07-03 00:00:00+00:00,branded_comparison,True,
M2-P054-AN-R2,B005,Eucalune,False,False,False,False,False,,0.0,0.0,0.0,2026-07-03 00:00:00+00:00,branded_comparison,True,
M2-P054-AN-R2,B001,AsterVale,True,True,False,False,False,1.0,1.0,1.0,0.0,2026-07-03 00:00:00+00:00,branded_comparison,True,
M2-P054-AN-R2,B003,ArcticLoom,True,True,False,False,False,2.0,0.0,0.0,0.0,2026-07-03 00:00:00+00:00,branded_comparison,True,
M2-P054-CH-R1,B001,AsterVale,True,True,False,False,False,1.0,1.0,1.0,0.0,2026-07-07 00:00:00+00:00,branded_comparison,True,
M2-P054-CH-R1,B002,Serein Sleep,False,False,False,False,False,,0.0,0.0,0.0,2026-07-07 00:00:00+00:00,branded_comparison,True,
M2-P054-CH-R1,B005,Eucalune,True,True,False,False,False,2.0,0.0,0.0,0.0,2026-07-07 00:00:00+00:00,branded_comparison,True,
M2-P054-CH-R1,B003,ArcticLoom,False,False,False,False,False,,0.0,0.0,0.0,2026-07-07 00:00:00+00:00,branded_comparison,True,
M2-P054-CH-R1,B004,RestNest,False,False,False,False,False,,0.0,0.0,0.0,2026-07-07 00:00:00+00:00,branded_comparison,True,
M2-P054-CH-R2,B002,Serein Sleep,True,True,False,False,False,2.0,0.0,0.0,0.0,2026-07-08 00:00:00+00:00,branded_comparison,True,
M2-P054-CH-R2,B004,RestNest,False,False,False,False,False,,0.0,0.0,0.0,2026-07-08 00:00:00+00:00,branded_comparison,True,
M2-P054-CH-R2,B001,AsterVale,True,True,True,False,False,1.0,1.0,1.0,0.0,2026-07-08 00:00:00+00:00,branded_comparison,True,
M2-P054-CH-R2,B005,Eucalune,True,True,False,False,False,3.0,0.0,0.0,0.0,2026-07-08 00:00:00+00:00,branded_comparison,True,
M2-P054-CH-R2,B003,ArcticLoom,False,False,False,False,False,,0.0,0.0,0.0,2026-07-08 00:00:00+00:00,branded_comparison,True,
M2-P054-SE-R2,B002,Serein Sleep,False,False,False,False,False,,0.0,0.0,0.0,2026-07-02 00:00:00+00:00,branded_comparison,True,
M2-P054-SE-R2,B004,RestNest,True,True,False,False,False,2.0,0.0,0.0,0.0,2026-07-02 00:00:00+00:00,branded_comparison,True,
M2-P054-SE-R2,B001,AsterVale,True,True,True,True,False,1.0,1.0,1.0,0.0,2026-07-02 00:00:00+00:00,branded_comparison,True,
M2-P054-SE-R2,B003,ArcticLoom,False,False,False,False,False,,0.0,0.0,0.0,2026-07-02 00:00:00+00:00,branded_comparison,True,
M2-P054-SE-R2,B005,Eucalune,False,False,False,False,False,,0.0,0.0,0.0,2026-07-02 00:00:00+00:00,branded_comparison,True,
M2-P055-AN-R1,B003,ArcticLoom,False,False,False,False,False,,0.0,0.0,0.0,2026-07-03 00:00:00+00:00,branded_comparison,True,
M2-P055-AN-R1,B001,AsterVale,True,True,True,True,False,1.0,1.0,0.0,0.0,2026-07-03 00:00:00+00:00,branded_comparison,True,
M2-P055-AN-R1,B004,RestNest,False,False,False,False,False,,0.0,0.0,0.0,2026-07-03 00:00:00+00:00,branded_comparison,True,
M2-P055-AN-R1,B005,Eucalune,False,False,False,False,False,,0.0,0.0,0.0,2026-07-03 00:00:00+00:00,branded_comparison,True,
M2-P055-AN-R1,B002,Serein Sleep,True,True,False,False,False,2.0,0.0,0.0,0.0,2026-07-03 00:00:00+00:00,branded_comparison,True,
M2-P055-AN-R2,B003,ArcticLoom,False,False,False,False,False,,0.0,0.0,0.0,2026-07-04 00:00:00+00:00,branded_comparison,True,
M2-P055-AN-R2,B002,Serein Sleep,True,True,False,False,False,3.0,0.0,0.0,0.0,2026-07-04 00:00:00+00:00,branded_comparison,True,
M2-P055-AN-R2,B005,Eucalune,True,True,False,False,False,2.0,0.0,0.0,0.0,2026-07-04 00:00:00+00:00,branded_comparison,True,
M2-P055-AN-R2,B001,AsterVale,True,True,True,True,False,1.0,1.0,1.0,0.0,2026-07-04 00:00:00+00:00,branded_comparison,True,
M2-P055-AN-R2,B004,RestNest,False,False,False,False,False,,0.0,0.0,0.0,2026-07-04 00:00:00+00:00,branded_comparison,True,
M2-P055-CH-R2,B005,Eucalune,True,True,False,False,False,2.0,0.0,0.0,0.0,2026-07-02 00:00:00+00:00,branded_comparison,True,
M2-P055-CH-R2,B001,AsterVale,True,True,False,False,False,1.0,1.0,0.0,0.0,2026-07-02 00:00:00+00:00,branded_comparison,True,
M2-P055-CH-R2,B004,RestNest,True,True,False,False,False,3.0,0.0,0.0,0.0,2026-07-02 00:00:00+00:00,branded_comparison,True,
M2-P055-CH-R2,B002,Serein Sleep,True,True,True,False,False,4.0,0.0,0.0,0.0,2026-07-02 00:00:00+00:00,branded_comparison,True,
M2-P055-CH-R2,B003,ArcticLoom,False,False,False,False,False,,0.0,0.0,0.0,2026-07-02 00:00:00+00:00,branded_comparison,True,
M2-P055-SE-R1,B005,Eucalune,False,False,False,False,False,,0.0,0.0,0.0,2026-07-02 00:00:00+00:00,branded_comparison,True,
M2-P055-SE-R1,B004,RestNest,False,False,False,False,False,,0.0,0.0,0.0,2026-07-02 00:00:00+00:00,branded_comparison,True,
M2-P055-SE-R1,B003,ArcticLoom,False,False,False,False,False,,0.0,0.0,0.0,2026-07-02 00:00:00+00:00,branded_comparison,True,
M2-P055-SE-R1,B001,AsterVale,True,True,True,True,False,1.0,1.0,0.0,0.0,2026-07-02 00:00:00+00:00,branded_comparison,True,
M2-P055-SE-R1,B002,Serein Sleep,True,True,False,False,False,2.0,0.0,0.0,0.0,2026-07-02 00:00:00+00:00,branded_comparison,True,
M2-P056-AN-R1,B003,ArcticLoom,False,False,False,False,False,,0.0,0.0,0.0,2026-07-04 00:00:00+00:00,branded_comparison,True,
M2-P056-AN-R1,B002,Serein Sleep,False,False,False,False,False,,0.0,0.0,0.0,2026-07-04 00:00:00+00:00,branded_comparison,True,
M2-P056-AN-R1,B004,RestNest,False,False,False,False,False,,0.0,0.0,0.0,2026-07-04 00:00:00+00:00,branded_comparison,True,
M2-P056-AN-R1,B005,Eucalune,False,False,False,False,False,,0.0,0.0,0.0,2026-07-04 00:00:00+00:00,branded_comparison,True,
M2-P056-AN-R1,B001,AsterVale,True,True,True,True,False,1.0,1.0,0.0,0.0,2026-07-04 00:00:00+00:00,branded_comparison,True,
M2-P056-AN-R2,B004,RestNest,False,False,False,False,False,,0.0,0.0,0.0,2026-07-05 00:00:00+00:00,branded_comparison,True,
M2-P056-AN-R2,B005,Eucalune,False,False,False,False,False,,0.0,0.0,0.0,2026-07-05 00:00:00+00:00,branded_comparison,True,
M2-P056-AN-R2,B003,ArcticLoom,False,False,False,False,False,,0.0,0.0,0.0,2026-07-05 00:00:00+00:00,branded_comparison,True,
M2-P056-AN-R2,B002,Serein Sleep,True,True,False,False,False,2.0,0.0,0.0,0.0,2026-07-05 00:00:00+00:00,branded_comparison,True,
M2-P056-AN-R2,B001,AsterVale,True,True,False,False,False,1.0,1.0,1.0,0.0,2026-07-05 00:00:00+00:00,branded_comparison,True,
M2-P056-CH-R2,B004,RestNest,False,False,False,False,False,,0.0,0.0,0.0,2026-07-03 00:00:00+00:00,branded_comparison,True,
M2-P056-CH-R2,B002,Serein Sleep,False,False,False,False,False,,0.0,0.0,0.0,2026-07-03 00:00:00+00:00,branded_comparison,True,
M2-P056-CH-R2,B005,Eucalune,False,False,False,False,False,,0.0,0.0,0.0,2026-07-03 00:00:00+00:00,branded_comparison,True,
M2-P056-CH-R2,B001,AsterVale,True,True,False,False,False,1.0,1.0,1.0,0.0,2026-07-03 00:00:00+00:00,branded_comparison,True,
M2-P056-CH-R2,B003,ArcticLoom,False,False,False,False,False,,0.0,0.0,0.0,2026-07-03 00:00:00+00:00,branded_comparison,True,
M2-P056-SE-R1,B003,ArcticLoom,True,True,False,False,False,2.0,0.0,0.0,0.0,2026-07-03 00:00:00+00:00,branded_comparison,True,
M2-P056-SE-R1,B005,Eucalune,False,False,False,False,False,,0.0,0.0,0.0,2026-07-03 00:00:00+00:00,branded_comparison,True,
M2-P056-SE-R1,B002,Serein Sleep,False,False,False,False,False,,0.0,0.0,0.0,2026-07-03 00:00:00+00:00,branded_comparison,True,
M2-P056-SE-R1,B001,AsterVale,True,True,False,False,False,1.0,1.0,1.0,0.0,2026-07-03 00:00:00+00:00,branded_comparison,True,
M2-P056-SE-R1,B004,RestNest,False,False,False,False,False,,0.0,0.0,0.0,2026-07-03 00:00:00+00:00,branded_comparison,True,
M2-P056-SE-R2,B002,Serein Sleep,True,True,False,False,False,2.0,0.0,0.0,0.0,2026-07-04 00:00:00+00:00,branded_comparison,True,
M2-P056-SE-R2,B005,Eucalune,False,False,False,False,False,,0.0,0.0,0.0,2026-07-04 00:00:00+00:00,branded_comparison,True,
M2-P056-SE-R2,B001,AsterVale,True,True,False,False,False,1.0,1.0,1.0,0.0,2026-07-04 00:00:00+00:00,branded_comparison,True,
M2-P056-SE-R2,B004,RestNest,False,False,False,False,False,,0.0,0.0,0.0,2026-07-04 00:00:00+00:00,branded_comparison,True,
M2-P056-SE-R2,B003,ArcticLoom,True,True,False,False,False,3.0,0.0,0.0,0.0,2026-07-04 00:00:00+00:00,branded_comparison,True,
M2-P057-AN-R1,B001,AsterVale,True,True,True,True,False,1.0,1.0,1.0,0.0,2026-07-05 00:00:00+00:00,branded_suitability,True,
M2-P057-AN-R1,B003,ArcticLoom,False,False,False,False,False,,0.0,0.0,0.0,2026-07-05 00:00:00+00:00,branded_suitability,True,
M2-P057-AN-R1,B004,RestNest,False,False,False,False,False,,0.0,0.0,0.0,2026-07-05 00:00:00+00:00,branded_suitability,True,
M2-P057-AN-R1,B002,Serein Sleep,False,False,False,False,False,,0.0,0.0,0.0,2026-07-05 00:00:00+00:00,branded_suitability,True,
M2-P057-AN-R1,B005,Eucalune,False,False,False,False,False,,0.0,0.0,0.0,2026-07-05 00:00:00+00:00,branded_suitability,True,
M2-P057-AN-R2,B002,Serein Sleep,True,True,False,False,False,2.0,0.0,0.0,0.0,2026-07-06 00:00:00+00:00,branded_suitability,True,
M2-P057-AN-R2,B004,RestNest,False,False,False,False,False,,0.0,0.0,0.0,2026-07-06 00:00:00+00:00,branded_suitability,True,
M2-P057-AN-R2,B003,ArcticLoom,False,False,False,False,False,,0.0,0.0,0.0,2026-07-06 00:00:00+00:00,branded_suitability,True,
M2-P057-AN-R2,B001,AsterVale,True,True,True,True,False,1.0,1.0,1.0,0.0,2026-07-06 00:00:00+00:00,branded_suitability,True,
M2-P057-AN-R2,B005,Eucalune,False,False,False,False,False,,0.0,0.0,0.0,2026-07-06 00:00:00+00:00,branded_suitability,True,
M2-P057-CH-R1,B005,Eucalune,True,True,False,False,False,3.0,0.0,0.0,0.0,2026-07-03 00:00:00+00:00,branded_suitability,True,
M2-P057-CH-R1,B002,Serein Sleep,True,True,True,False,False,2.0,0.0,0.0,0.0,2026-07-03 00:00:00+00:00,branded_suitability,True,
M2-P057-CH-R1,B001,AsterVale,True,True,False,False,False,1.0,1.0,0.0,0.0,2026-07-03 00:00:00+00:00,branded_suitability,True,
M2-P057-CH-R1,B004,RestNest,False,False,False,False,False,,0.0,0.0,0.0,2026-07-03 00:00:00+00:00,branded_suitability,True,
M2-P057-CH-R1,B003,ArcticLoom,False,False,False,False,False,,0.0,0.0,0.0,2026-07-03 00:00:00+00:00,branded_suitability,True,
M2-P057-CH-R2,B004,RestNest,False,False,False,False,False,,0.0,0.0,0.0,2026-07-04 00:00:00+00:00,branded_suitability,True,
M2-P057-CH-R2,B003,ArcticLoom,False,False,False,False,False,,0.0,0.0,0.0,2026-07-04 00:00:00+00:00,branded_suitability,True,
M2-P057-CH-R2,B002,Serein Sleep,False,False,False,False,False,,0.0,0.0,0.0,2026-07-04 00:00:00+00:00,branded_suitability,True,
M2-P057-CH-R2,B005,Eucalune,False,False,False,False,False,,0.0,0.0,0.0,2026-07-04 00:00:00+00:00,branded_suitability,True,
M2-P057-CH-R2,B001,AsterVale,True,True,True,True,False,1.0,0.0,1.0,0.0,2026-07-04 00:00:00+00:00,branded_suitability,True,
M2-P057-SE-R1,B003,ArcticLoom,False,False,False,False,False,,0.0,0.0,0.0,2026-07-04 00:00:00+00:00,branded_suitability,True,
M2-P057-SE-R1,B001,AsterVale,True,True,True,False,False,1.0,1.0,1.0,0.0,2026-07-04 00:00:00+00:00,category_best,True,
M2-P057-SE-R1,B004,RestNest,False,False,False,False,False,,0.0,0.0,0.0,2026-07-04 00:00:00+00:00,branded_suitability,True,
M2-P057-SE-R1,B002,Serein Sleep,False,False,False,False,False,,0.0,0.0,0.0,2026-07-04 00:00:00+00:00,branded_suitability,True,
M2-P057-SE-R1,B005,Eucalune,False,False,False,False,False,,0.0,0.0,0.0,2026-07-04 00:00:00+00:00,branded_suitability,True,
M2-P057-SE-R2,B002,Serein Sleep,False,False,False,False,False,,0.0,0.0,0.0,2026-07-05 00:00:00+00:00,branded_suitability,True,
M2-P057-SE-R2,B001,AsterVale,True,True,True,True,False,1.0,1.0,0.0,0.0,2026-07-05 00:00:00+00:00,branded_suitability,True,
M2-P057-SE-R2,B005,Eucalune,True,True,True,False,False,2.0,0.0,0.0,0.0,2026-07-05 00:00:00+00:00,branded_suitability,True,
M2-P057-SE-R2,B003,ArcticLoom,False,False,False,False,False,,0.0,0.0,0.0,2026-07-05 00:00:00+00:00,branded_suitability,True,
M2-P057-SE-R2,B004,RestNest,False,False,False,False,False,,0.0,0.0,0.0,2026-07-05 00:00:00+00:00,branded_suitability,True,
M2-P058-AN-R2,B001,AsterVale,True,True,True,True,False,1.0,1.0,0.0,0.0,2026-07-07 00:00:00+00:00,branded_suitability,True,
M2-P058-AN-R2,B004,RestNest,False,False,False,False,False,,0.0,0.0,0.0,2026-07-07 00:00:00+00:00,branded_suitability,True,
M2-P058-AN-R2,B005,Eucalune,True,True,False,False,False,3.0,0.0,0.0,0.0,2026-07-07 00:00:00+00:00,branded_suitability,True,
M2-P058-AN-R2,B002,Serein Sleep,True,True,False,False,False,2.0,0.0,0.0,0.0,2026-07-07 00:00:00+00:00,branded_suitability,True,
M2-P058-AN-R2,B003,ArcticLoom,False,False,False,False,False,,0.0,0.0,0.0,2026-07-07 00:00:00+00:00,branded_suitability,True,
M2-P058-CH-R1,B001,AsterVale,True,True,False,False,False,1.0,1.0,1.0,0.0,2026-07-04 00:00:00+00:00,branded_suitability,True,
M2-P058-CH-R1,B003,ArcticLoom,False,False,False,False,False,,0.0,0.0,0.0,2026-07-04 00:00:00+00:00,branded_suitability,True,
M2-P058-CH-R1,B004,RestNest,False,False,False,False,False,,0.0,0.0,0.0,2026-07-04 00:00:00+00:00,branded_suitability,True,
M2-P058-CH-R1,B002,Serein Sleep,True,True,False,False,False,2.0,0.0,0.0,0.0,2026-07-04 00:00:00+00:00,branded_suitability,True,
M2-P058-CH-R1,B005,Eucalune,False,False,False,False,False,,0.0,0.0,0.0,2026-07-04 00:00:00+00:00,branded_suitability,True,
M2-P058-SE-R1,B003,ArcticLoom,False,False,False,False,False,,0.0,0.0,0.0,2026-07-05 00:00:00+00:00,branded_suitability,True,
M2-P058-SE-R1,B001,AsterVale,True,True,False,False,False,1.0,0.0,1.0,0.0,2026-07-05 00:00:00+00:00,branded_suitability,True,
M2-P058-SE-R1,B002,Serein Sleep,True,True,False,False,False,3.0,0.0,0.0,0.0,2026-07-05 00:00:00+00:00,branded_suitability,True,
M2-P058-SE-R1,B004,RestNest,False,False,False,False,False,,0.0,0.0,0.0,2026-07-05 00:00:00+00:00,branded_suitability,True,
M2-P058-SE-R1,B005,Eucalune,True,True,False,False,False,2.0,0.0,0.0,0.0,2026-07-05 00:00:00+00:00,branded_suitability,True,
M2-P059-AN-R1,B005,Eucalune,False,False,False,False,False,,0.0,0.0,0.0,2026-07-07 00:00:00+00:00,branded_suitability,True,
M2-P059-AN-R1,B003,ArcticLoom,False,False,False,False,False,,0.0,0.0,0.0,2026-07-07 00:00:00+00:00,branded_suitability,True,
M2-P059-AN-R1,B004,RestNest,True,True,False,False,False,2.0,0.0,0.0,0.0,2026-07-07 00:00:00+00:00,branded_suitability,True,
M2-P059-AN-R1,B001,AsterVale,True,True,False,False,False,1.0,1.0,0.0,1.0,2026-07-07 00:00:00+00:00,branded_suitability,True,
M2-P059-AN-R1,B002,Serein Sleep,False,False,False,False,False,,0.0,0.0,0.0,2026-07-07 00:00:00+00:00,branded_suitability,True,
M2-P059-AN-R2,B001,AsterVale,True,True,False,False,False,1.0,1.0,1.0,0.0,2026-07-08 00:00:00+00:00,branded_suitability,True,
M2-P059-AN-R2,B005,Eucalune,True,False,False,False,False,3.0,0.0,0.0,0.0,2026-07-08 00:00:00+00:00,branded_suitability,True,
M2-P059-AN-R2,B004,RestNest,False,False,False,False,False,,0.0,0.0,0.0,2026-07-08 00:00:00+00:00,branded_suitability,True,
M2-P059-AN-R2,B003,ArcticLoom,True,True,False,False,False,2.0,0.0,0.0,0.0,2026-07-08 00:00:00+00:00,branded_suitability,True,
M2-P059-AN-R2,B002,Serein Sleep,False,False,False,False,False,,0.0,0.0,0.0,2026-07-08 00:00:00+00:00,branded_suitability,True,
M2-P059-CH-R1,B003,ArcticLoom,False,False,False,False,False,,0.0,0.0,0.0,2026-07-05 00:00:00+00:00,branded_suitability,True,
M2-P059-CH-R1,B005,Eucalune,False,False,False,False,False,,0.0,0.0,0.0,2026-07-05 00:00:00+00:00,branded_suitability,True,
M2-P059-CH-R1,B004,RestNest,False,False,False,False,False,,0.0,0.0,0.0,2026-07-05 00:00:00+00:00,branded_suitability,True,
M2-P059-CH-R1,B001,AsterVale,True,True,True,False,False,1.0,1.0,1.0,0.0,2026-07-05 00:00:00+00:00,branded_suitability,True,
M2-P059-CH-R1,B002,Serein Sleep,False,False,False,False,False,,0.0,0.0,0.0,2026-07-05 00:00:00+00:00,branded_suitability,True,
M2-P059-SE-R1,B003,ArcticLoom,False,False,False,False,False,,0.0,0.0,0.0,2026-07-06 00:00:00+00:00,branded_suitability,True,
M2-P059-SE-R1,B001,AsterVale,True,True,True,True,False,1.0,1.0,1.0,1.0,2026-07-06 00:00:00+00:00,branded_suitability,True,
M2-P059-SE-R1,B004,RestNest,False,False,False,False,False,,0.0,0.0,0.0,2026-07-06 00:00:00+00:00,branded_suitability,True,
M2-P059-SE-R1,B005,Eucalune,False,False,False,False,False,,0.0,0.0,0.0,2026-07-06 00:00:00+00:00,branded_suitability,True,
M2-P059-SE-R1,B002,Serein Sleep,True,True,False,False,False,2.0,0.0,0.0,0.0,2026-07-06 00:00:00+00:00,branded_suitability,True,
M2-P059-SE-R2,B001,AsterVale,True,True,True,False,False,1.0,1.0,1.0,1.0,2026-07-07 00:00:00+00:00,branded_suitability,True,
M2-P059-SE-R2,B005,Eucalune,False,False,False,False,False,,0.0,0.0,0.0,2026-07-07 00:00:00+00:00,branded_suitability,True,
M2-P059-SE-R2,B004,RestNest,True,True,False,False,False,3.0,0.0,0.0,0.0,2026-07-07 00:00:00+00:00,branded_suitability,True,
M2-P059-SE-R2,B003,ArcticLoom,True,True,False,False,False,2.0,0.0,0.0,0.0,2026-07-07 00:00:00+00:00,branded_suitability,True,
M2-P059-SE-R2,B002,Serein Sleep,False,False,False,False,False,,0.0,0.0,0.0,2026-07-07 00:00:00+00:00,branded_suitability,True,
M2-P060-AN-R1,B003,ArcticLoom,True,True,False,False,False,3.0,0.0,0.0,0.0,2026-07-08 00:00:00+00:00,branded_suitability,True,
M2-P060-AN-R1,B005,Eucalune,False,False,False,False,False,,0.0,0.0,0.0,2026-07-08 00:00:00+00:00,branded_suitability,True,
M2-P060-AN-R1,B004,RestNest,False,False,False,False,False,,0.0,0.0,0.0,2026-07-08 00:00:00+00:00,branded_suitability,True,
M2-P060-AN-R1,B002,Serein Sleep,True,True,False,False,False,2.0,0.0,0.0,0.0,2026-07-08 00:00:00+00:00,branded_suitability,True,
M2-P060-AN-R1,B001,AsterVale,True,True,False,False,False,1.0,1.0,1.0,1.0,2026-07-08 00:00:00+00:00,branded_suitability,True,
M2-P060-AN-R2,B005,Eucalune,False,False,False,False,False,,0.0,0.0,0.0,2026-07-02 00:00:00+00:00,branded_suitability,True,
M2-P060-AN-R2,B002,Serein Sleep,False,False,False,False,False,,0.0,0.0,0.0,2026-07-02 00:00:00+00:00,branded_suitability,True,
M2-P060-AN-R2,B003,ArcticLoom,True,True,True,False,False,2.0,0.0,0.0,0.0,2026-07-02 00:00:00+00:00,branded_suitability,True,
M2-P060-AN-R2,B001,AsterVale,True,True,True,True,False,1.0,1.0,0.0,0.0,2026-07-02 00:00:00+00:00,branded_suitability,True,
M2-P060-AN-R2,B004,RestNest,True,True,False,False,False,3.0,0.0,0.0,0.0,2026-07-02 00:00:00+00:00,branded_suitability,True,
M2-P060-CH-R1,B005,Eucalune,True,True,False,False,False,3.0,0.0,0.0,0.0,2026-07-06 00:00:00+00:00,branded_suitability,True,
M2-P060-CH-R1,B004,RestNest,True,True,True,False,False,2.0,0.0,0.0,0.0,2026-07-06 00:00:00+00:00,branded_suitability,True,
M2-P060-CH-R1,B003,ArcticLoom,False,False,False,False,False,,0.0,0.0,0.0,2026-07-06 00:00:00+00:00,branded_suitability,True,
M2-P060-CH-R1,B002,Serein Sleep,False,False,False,False,False,,0.0,0.0,0.0,2026-07-06 00:00:00+00:00,branded_suitability,True,
M2-P060-CH-R1,B001,AsterVale,True,True,False,False,False,1.0,1.0,1.0,0.0,2026-07-06 00:00:00+00:00,branded_suitability,True,
M2-P060-CH-R2,B002,Serein Sleep,False,False,False,False,False,,0.0,0.0,0.0,2026-07-07 00:00:00+00:00,branded_suitability,True,
M2-P060-CH-R2,B001,AsterVale,True,True,True,True,False,1.0,1.0,1.0,0.0,2026-07-07 00:00:00+00:00,branded_suitability,True,
M2-P060-CH-R2,B004,RestNest,False,False,False,False,False,,0.0,0.0,0.0,2026-07-07 00:00:00+00:00,branded_suitability,True,
M2-P060-CH-R2,B003,ArcticLoom,False,False,False,False,False,,0.0,0.0,0.0,2026-07-07 00:00:00+00:00,branded_suitability,True,
M2-P060-CH-R2,B005,Eucalune,False,False,False,False,False,,0.0,0.0,0.0,2026-07-07 00:00:00+00:00,branded_suitability,True,
M2-P060-SE-R1,B001,AsterVale,True,True,True,True,False,1.0,1.0,1.0,0.0,2026-07-07 00:00:00+00:00,branded_suitability,True,
M2-P060-SE-R1,B005,Eucalune,True,False,False,False,False,5.0,0.0,0.0,0.0,2026-07-07 00:00:00+00:00,branded_suitability,True,
M2-P060-SE-R1,B002,Serein Sleep,True,True,False,False,False,2.0,0.0,0.0,0.0,2026-07-07 00:00:00+00:00,branded_suitability,True,
M2-P060-SE-R1,B004,RestNest,True,False,False,False,False,4.0,0.0,0.0,0.0,2026-07-07 00:00:00+00:00,branded_suitability,True,
M2-P060-SE-R1,B003,ArcticLoom,True,True,False,False,False,3.0,0.0,0.0,0.0,2026-07-07 00:00:00+00:00,branded_suitability,True,
M2-P061-AN-R1,B001,AsterVale,True,True,False,False,False,1.0,1.0,1.0,0.0,2026-07-02 00:00:00+00:00,branded_trust,True,
M2-P061-AN-R1,B002,Serein Sleep,False,False,False,False,False,,0.0,0.0,0.0,2026-07-02 00:00:00+00:00,branded_trust,True,
M2-P061-AN-R1,B003,ArcticLoom,False,False,False,False,False,,0.0,0.0,0.0,2026-07-02 00:00:00+00:00,branded_trust,True,
M2-P061-AN-R1,B005,Eucalune,False,False,False,False,False,,0.0,0.0,0.0,2026-07-02 00:00:00+00:00,branded_trust,True,
M2-P061-AN-R1,B004,RestNest,False,False,False,False,False,,0.0,0.0,0.0,2026-07-02 00:00:00+00:00,branded_trust,True,
M2-P061-AN-R2,B003,ArcticLoom,False,False,False,False,False,,0.0,0.0,0.0,2026-07-03 00:00:00+00:00,branded_trust,True,
M2-P061-AN-R2,B001,AsterVale,True,True,True,False,False,1.0,1.0,1.0,1.0,2026-07-03 00:00:00+00:00,branded_trust,True,
M2-P061-AN-R2,B005,Eucalune,False,False,False,False,False,,0.0,0.0,0.0,2026-07-03 00:00:00+00:00,branded_trust,True,
M2-P061-AN-R2,B002,Serein Sleep,False,False,False,False,False,,0.0,0.0,0.0,2026-07-03 00:00:00+00:00,branded_trust,True,
M2-P061-AN-R2,B004,RestNest,False,False,False,False,False,,0.0,0.0,0.0,2026-07-03 00:00:00+00:00,branded_trust,True,
M2-P061-CH-R2,B003,ArcticLoom,False,False,False,False,False,,0.0,0.0,0.0,2026-07-08 00:00:00+00:00,branded_trust,True,
M2-P061-CH-R2,B002,Serein Sleep,True,True,False,False,False,2.0,0.0,0.0,0.0,2026-07-08 00:00:00+00:00,branded_trust,True,
M2-P061-CH-R2,B005,Eucalune,True,True,False,False,False,3.0,0.0,0.0,0.0,2026-07-08 00:00:00+00:00,branded_trust,True,
M2-P061-CH-R2,B004,RestNest,False,False,False,False,False,,0.0,0.0,0.0,2026-07-08 00:00:00+00:00,branded_trust,True,
M2-P061-CH-R2,B001,AsterVale,True,True,False,False,False,1.0,1.0,1.0,0.0,2026-07-08 00:00:00+00:00,branded_trust,True,
M2-P061-SE-R1,B004,RestNest,False,False,False,False,False,,0.0,0.0,0.0,2026-07-08 00:00:00+00:00,branded_trust,True,
M2-P061-SE-R1,B003,ArcticLoom,False,False,False,False,False,,0.0,0.0,0.0,2026-07-08 00:00:00+00:00,branded_trust,True,
M2-P061-SE-R1,B005,Eucalune,True,True,False,False,False,2.0,0.0,0.0,0.0,2026-07-08 00:00:00+00:00,branded_trust,True,
M2-P061-SE-R1,B002,Serein Sleep,False,False,False,False,False,,0.0,0.0,0.0,2026-07-08 00:00:00+00:00,branded_trust,True,
M2-P061-SE-R1,B001,AsterVale,True,True,False,False,False,1.0,1.0,1.0,1.0,2026-07-08 00:00:00+00:00,branded_trust,True,
M2-P061-SE-R2,B001,AsterVale,True,True,True,True,False,1.0,1.0,1.0,0.0,2026-07-02 00:00:00+00:00,branded_trust,True,
M2-P061-SE-R2,B004,RestNest,False,False,False,False,False,,0.0,0.0,0.0,2026-07-02 00:00:00+00:00,branded_trust,True,
M2-P061-SE-R2,B002,Serein Sleep,True,True,False,False,False,2.0,0.0,0.0,0.0,2026-07-02 00:00:00+00:00,branded_trust,True,
M2-P061-SE-R2,B005,Eucalune,True,True,False,False,False,3.0,0.0,0.0,0.0,2026-07-02 00:00:00+00:00,branded_trust,True,
M2-P061-SE-R2,B003,ArcticLoom,True,False,False,False,False,4.0,0.0,0.0,0.0,2026-07-02 00:00:00+00:00,branded_trust,True,
M2-P062-AN-R1,B002,Serein Sleep,False,False,False,False,False,,0.0,0.0,0.0,2026-07-03 00:00:00+00:00,branded_trust,True,
M2-P062-AN-R1,B001,AsterVale,True,True,False,False,False,1.0,1.0,1.0,0.0,2026-07-03 00:00:00+00:00,branded_trust,True,
M2-P062-AN-R1,B003,ArcticLoom,True,True,False,False,False,2.0,0.0,0.0,0.0,2026-07-03 00:00:00+00:00,branded_trust,True,
M2-P062-AN-R1,B004,RestNest,False,False,False,False,False,,0.0,0.0,0.0,2026-07-03 00:00:00+00:00,branded_trust,True,
M2-P062-AN-R1,B005,Eucalune,False,False,False,False,False,,0.0,0.0,0.0,2026-07-03 00:00:00+00:00,branded_trust,True,
M2-P062-AN-R2,B004,RestNest,False,False,False,False,False,,0.0,0.0,0.0,2026-07-04 00:00:00+00:00,branded_trust,True,
M2-P062-AN-R2,B003,ArcticLoom,False,False,False,False,False,,0.0,0.0,0.0,2026-07-04 00:00:00+00:00,branded_trust,True,
M2-P062-AN-R2,B005,Eucalune,True,True,True,False,False,2.0,0.0,0.0,0.0,2026-07-04 00:00:00+00:00,branded_trust,True,
M2-P062-AN-R2,B002,Serein Sleep,False,False,False,False,False,,0.0,0.0,0.0,2026-07-04 00:00:00+00:00,category_best,True,
M2-P062-AN-R2,B001,AsterVale,True,True,False,False,False,1.0,1.0,0.0,0.0,2026-07-04 00:00:00+00:00,branded_trust,True,
M2-P062-CH-R1,B002,Serein Sleep,True,False,False,False,False,4.0,0.0,0.0,0.0,2026-07-08 00:00:00+00:00,branded_trust,True,
M2-P062-CH-R1,B004,RestNest,True,False,False,False,False,5.0,0.0,0.0,0.0,2026-07-08 00:00:00+00:00,branded_trust,True,
M2-P062-CH-R1,B001,AsterVale,True,True,True,False,False,2.0,1.0,1.0,0.0,2026-07-08 00:00:00+00:00,branded_trust,True,
M2-P062-CH-R1,B003,ArcticLoom,True,True,True,False,False,1.0,0.0,0.0,0.0,2026-07-08 00:00:00+00:00,branded_trust,True,
M2-P062-CH-R1,B005,Eucalune,True,True,False,False,False,3.0,0.0,0.0,0.0,2026-07-08 00:00:00+00:00,branded_trust,True,
M2-P062-CH-R2,B005,Eucalune,False,False,False,False,False,,0.0,0.0,0.0,2026-07-02 00:00:00+00:00,branded_trust,True,
M2-P062-CH-R2,B004,RestNest,False,False,False,False,False,,0.0,0.0,0.0,2026-07-02 00:00:00+00:00,branded_trust,True,
M2-P062-CH-R2,B003,ArcticLoom,False,False,False,False,False,,0.0,0.0,0.0,2026-07-02 00:00:00+00:00,branded_trust,True,
M2-P062-CH-R2,B001,AsterVale,True,True,False,False,False,1.0,1.0,1.0,0.0,2026-07-02 00:00:00+00:00,branded_trust,True,
M2-P062-CH-R2,B002,Serein Sleep,False,False,False,False,False,,0.0,0.0,0.0,2026-07-02 00:00:00+00:00,branded_trust,True,
M2-P062-SE-R1,B003,ArcticLoom,True,False,False,False,False,5.0,0.0,0.0,0.0,2026-07-02 00:00:00+00:00,branded_trust,True,
M2-P062-SE-R1,B004,RestNest,True,True,False,False,False,2.0,0.0,0.0,0.0,2026-07-02 00:00:00+00:00,branded_trust,True,
M2-P062-SE-R1,B002,Serein Sleep,True,False,False,False,False,4.0,0.0,0.0,0.0,2026-07-02 00:00:00+00:00,branded_trust,True,
M2-P062-SE-R1,B001,AsterVale,True,True,False,False,False,1.0,1.0,0.0,0.0,2026-07-02 00:00:00+00:00,branded_trust,True,
M2-P062-SE-R1,B005,Eucalune,True,True,False,False,False,3.0,0.0,0.0,0.0,2026-07-02 00:00:00+00:00,branded_trust,True,
M2-P062-SE-R2,B003,ArcticLoom,False,False,False,False,False,,0.0,0.0,0.0,2026-07-03 00:00:00+00:00,branded_trust,True,
M2-P062-SE-R2,B005,Eucalune,True,True,False,False,False,3.0,0.0,0.0,0.0,2026-07-03 00:00:00+00:00,branded_trust,True,
M2-P062-SE-R2,B002,Serein Sleep,True,True,False,False,False,2.0,0.0,0.0,0.0,2026-07-03 00:00:00+00:00,branded_trust,True,
M2-P062-SE-R2,B001,AsterVale,True,True,True,True,False,1.0,1.0,0.0,0.0,2026-07-03 00:00:00+00:00,branded_trust,True,
M2-P062-SE-R2,B004,RestNest,False,False,False,False,False,,0.0,0.0,0.0,2026-07-03 00:00:00+00:00,branded_trust,True,
M2-P063-AN-R2,B003,ArcticLoom,True,True,True,True,False,1.0,0.0,0.0,0.0,2026-07-05 00:00:00+00:00,branded_trust,True,
M2-P063-AN-R2,B001,AsterVale,True,True,False,False,False,3.0,1.0,0.0,0.0,2026-07-05 00:00:00+00:00,branded_trust,True,
M2-P063-AN-R2,B002,Serein Sleep,True,True,True,False,False,2.0,0.0,0.0,0.0,2026-07-05 00:00:00+00:00,branded_trust,True,
M2-P063-AN-R2,B004,RestNest,False,False,False,False,False,,0.0,0.0,0.0,2026-07-05 00:00:00+00:00,branded_trust,True,
M2-P063-AN-R2,B005,Eucalune,False,False,False,False,False,,0.0,0.0,0.0,2026-07-05 00:00:00+00:00,branded_trust,True,
M2-P063-CH-R1,B002,Serein Sleep,True,True,False,False,False,2.0,0.0,0.0,0.0,2026-07-02 00:00:00+00:00,branded_trust,True,
M2-P063-CH-R1,B004,RestNest,True,True,False,False,False,3.0,0.0,0.0,0.0,2026-07-02 00:00:00+00:00,branded_trust,True,
M2-P063-CH-R1,B003,ArcticLoom,False,False,False,False,False,,0.0,0.0,0.0,2026-07-02 00:00:00+00:00,branded_trust,True,
M2-P063-CH-R1,B001,AsterVale,True,True,True,True,False,1.0,1.0,1.0,0.0,2026-07-02 00:00:00+00:00,branded_trust,True,
M2-P063-CH-R1,B005,Eucalune,False,False,False,False,False,,0.0,0.0,0.0,2026-07-02 00:00:00+00:00,branded_trust,True,
M2-P063-CH-R2,B004,RestNest,True,True,False,False,False,3.0,0.0,0.0,0.0,2026-07-03 00:00:00+00:00,branded_trust,True,
M2-P063-CH-R2,B002,Serein Sleep,True,True,False,False,False,2.0,0.0,0.0,0.0,2026-07-03 00:00:00+00:00,branded_trust,True,
M2-P063-CH-R2,B005,Eucalune,False,False,False,False,False,,0.0,0.0,0.0,2026-07-03 00:00:00+00:00,branded_trust,True,
M2-P063-CH-R2,B003,ArcticLoom,False,False,False,False,False,,0.0,0.0,0.0,2026-07-03 00:00:00+00:00,branded_trust,True,
M2-P063-CH-R2,B001,AsterVale,True,True,True,True,False,1.0,1.0,1.0,1.0,2026-07-03 00:00:00+00:00,branded_trust,True,
M2-P063-SE-R1,B005,Eucalune,False,False,False,False,False,,0.0,0.0,0.0,2026-07-03 00:00:00+00:00,branded_trust,True,
M2-P063-SE-R1,B004,RestNest,False,False,False,False,False,,0.0,0.0,0.0,2026-07-03 00:00:00+00:00,branded_trust,True,
M2-P063-SE-R1,B003,ArcticLoom,False,False,False,False,False,,0.0,0.0,0.0,2026-07-03 00:00:00+00:00,branded_trust,True,
M2-P063-SE-R1,B002,Serein Sleep,False,False,False,False,False,,0.0,0.0,0.0,2026-07-03 00:00:00+00:00,branded_trust,True,
M2-P063-SE-R1,B001,AsterVale,True,True,False,False,False,1.0,1.0,1.0,0.0,2026-07-03 00:00:00+00:00,branded_trust,True,
M2-P063-SE-R2,B005,Eucalune,False,False,False,False,False,,0.0,0.0,0.0,2026-07-04 00:00:00+00:00,branded_trust,True,
M2-P063-SE-R2,B004,RestNest,False,False,False,False,False,,0.0,0.0,0.0,2026-07-04 00:00:00+00:00,branded_trust,True,
M2-P063-SE-R2,B002,Serein Sleep,True,True,False,False,False,2.0,0.0,0.0,0.0,2026-07-04 00:00:00+00:00,branded_trust,True,
M2-P063-SE-R2,B001,AsterVale,True,True,False,False,False,1.0,1.0,1.0,0.0,2026-07-04 00:00:00+00:00,branded_trust,True,
M2-P063-SE-R2,B003,ArcticLoom,False,False,False,False,False,,0.0,0.0,0.0,2026-07-04 00:00:00+00:00,branded_trust,True,
M2-P064-AN-R1,B001,AsterVale,True,True,False,False,False,3.0,1.0,0.0,1.0,2026-07-05 00:00:00+00:00,branded_trust,True,
M2-P064-AN-R1,B005,Eucalune,True,True,True,False,False,2.0,0.0,0.0,0.0,2026-07-05 00:00:00+00:00,branded_trust,True,
M2-P064-AN-R1,B002,Serein Sleep,True,True,True,True,False,1.0,0.0,0.0,0.0,2026-07-05 00:00:00+00:00,branded_trust,True,
M2-P064-AN-R1,B004,RestNest,False,False,False,False,False,,0.0,0.0,0.0,2026-07-05 00:00:00+00:00,branded_trust,True,
M2-P064-AN-R1,B003,ArcticLoom,False,False,False,False,False,,0.0,0.0,0.0,2026-07-05 00:00:00+00:00,branded_trust,True,
M2-P064-CH-R1,B004,RestNest,False,False,False,False,False,,0.0,0.0,0.0,2026-07-03 00:00:00+00:00,branded_trust,True,
M2-P064-CH-R1,B005,Eucalune,False,False,False,False,False,,0.0,0.0,0.0,2026-07-03 00:00:00+00:00,branded_trust,True,
M2-P064-CH-R1,B001,AsterVale,True,True,True,True,False,1.0,1.0,1.0,1.0,2026-07-03 00:00:00+00:00,branded_trust,True,
M2-P064-CH-R1,B002,Serein Sleep,True,True,False,False,False,3.0,0.0,0.0,0.0,2026-07-03 00:00:00+00:00,branded_trust,True,
M2-P064-CH-R1,B003,ArcticLoom,True,True,True,False,False,2.0,0.0,0.0,0.0,2026-07-03 00:00:00+00:00,branded_trust,True,
M2-P064-CH-R2,B002,Serein Sleep,True,False,False,False,False,2.0,0.0,0.0,0.0,2026-07-04 00:00:00+00:00,branded_trust,True,
M2-P064-CH-R2,B001,AsterVale,True,True,True,False,False,1.0,1.0,0.0,0.0,2026-07-04 00:00:00+00:00,branded_trust,True,
M2-P064-CH-R2,B004,RestNest,False,False,False,False,False,,0.0,0.0,0.0,2026-07-04 00:00:00+00:00,branded_trust,True,
M2-P064-CH-R2,B005,Eucalune,True,True,False,False,False,3.0,0.0,0.0,0.0,2026-07-04 00:00:00+00:00,branded_trust,True,
M2-P064-CH-R2,B003,ArcticLoom,False,False,False,False,False,,0.0,0.0,0.0,2026-07-04 00:00:00+00:00,branded_trust,True,
M2-P064-SE-R1,B003,ArcticLoom,False,False,False,False,False,,0.0,0.0,0.0,2026-07-04 00:00:00+00:00,branded_trust,True,
M2-P064-SE-R1,B002,Serein Sleep,True,True,False,False,False,3.0,0.0,0.0,0.0,2026-07-04 00:00:00+00:00,branded_trust,True,
M2-P064-SE-R1,B004,RestNest,False,False,False,False,False,,0.0,0.0,0.0,2026-07-04 00:00:00+00:00,branded_trust,True,
M2-P064-SE-R1,B005,Eucalune,True,True,True,False,False,2.0,0.0,0.0,0.0,2026-07-04 00:00:00+00:00,branded_trust,True,
M2-P064-SE-R1,B001,AsterVale,True,True,True,True,False,1.0,1.0,1.0,0.0,2026-07-04 00:00:00+00:00,branded_trust,True,
