citation_id,run_id,cited_brand_id,cited_brand_raw,url,domain_reported,source_type_reported,normalized_url,valid_url,url_host,is_owned,is_non_owned,canonical_url
C000281,M1-P016-AN-R2,,,https://arcticloom.example/collections/cooling-tech,arcticloom.example,owned,https://arcticloom.example/collections/cooling-tech,True,arcticloom.example,False,True,https://arcticloom.example/collections/cooling-tech
C000878,M1-P052-CH-R2,,,https://arcticloom.example/collections/cooling-tech,arcticloom.example,owned,https://arcticloom.example/collections/cooling-tech,True,arcticloom.example,False,True,https://arcticloom.example/collections/cooling-tech
C000885,M1-P052-AN-R2,,,https://forum.example/r/hotsleepers/cooling-sheet-experiences,forum.example,forum,https://forum.example/r/hotsleepers/cooling-sheet-experiences,True,forum.example,False,True,https://forum.example/r/hotsleepers/cooling-sheet-experiences
C000329,M1-P019-SE-R2,,,https://home-review.example/best-cooling-bedding,home-review.example,editorial,https://home-review.example/best-cooling-bedding,True,home-review.example,False,True,https://home-review.example/best-cooling-bedding
C000789,M1-P047-SE-R1,,,https://independent-sleep.example/reviews/serein-sleep,independent-sleep.example,editorial,https://independent-sleep.example/reviews/serein-sleep,True,independent-sleep.example,False,True,https://independent-sleep.example/reviews/serein-sleep
C000886,M1-P052-AN-R2,,,https://astervale.example/products/cooling-sheet-set,astervale.example,owned,https://astervale.example/products/cooling-sheet-set,True,astervale.example,False,True,https://astervale.example/products/cooling-sheet-set
C000098,M1-P006-SE-R2,,,https://arcticloom.example/collections/cooling-tech,arcticloom.example,owned,https://arcticloom.example/collections/cooling-tech,True,arcticloom.example,False,True,https://arcticloom.example/collections/cooling-tech
C001081,M2-P001-CH-R1,,,https://home-review.example/best-cooling-bedding,home-review.example,editorial,https://home-review.example/best-cooling-bedding,True,home-review.example,False,True,https://home-review.example/best-cooling-bedding
C000766,M1-P046-CH-R2,,,https://sleep-lab.example/guides/cooling-sheets,sleep-lab.example,editorial,https://sleep-lab.example/guides/cooling-sheets,True,sleep-lab.example,False,True,https://sleep-lab.example/guides/cooling-sheets
C000106,M1-P007-CH-R2,,,https://forum.example/r/hotsleepers/cooling-sheet-experiences,forum.example,forum,https://forum.example/r/hotsleepers/cooling-sheet-experiences,True,forum.example,False,True,https://forum.example/r/hotsleepers/cooling-sheet-experiences
C000611,M1-P036-AN-R2,,,https://home-review.example/best-cooling-bedding,home-review.example,editorial,https://home-review.example/best-cooling-bedding,True,home-review.example,False,True,https://home-review.example/best-cooling-bedding
C001010,M1-P060-SE-R2,B001,Aster Vale,https://astervale.example/products/cooling-sheet-set,astervale.example,owned,https://astervale.example/products/cooling-sheet-set,True,astervale.example,True,False,https://astervale.example/products/cooling-sheet-set
C000076,M1-P005-CH-R1,,,https://sereinsleep.example/products/clean-cooling-sheets,sereinsleep.example,owned,https://sereinsleep.example/products/clean-cooling-sheets,True,sereinsleep.example,False,True,https://sereinsleep.example/products/clean-cooling-sheets
C000251,M1-P015-CH-R1,,,https://eucalune.example/products/eucalyptus-sheets,eucalune.example,owned,https://eucalune.example/products/eucalyptus-sheets,True,eucalune.example,False,True,https://eucalune.example/products/eucalyptus-sheets
C000951,M1-P056-AN-R1,,,https://forum.example/r/hotsleepers/cooling-sheet-experiences,forum.example,forum,https://forum.example/r/hotsleepers/cooling-sheet-experiences,True,forum.example,False,True,https://forum.example/r/hotsleepers/cooling-sheet-experiences
C001050,M1-P062-AN-R2,,,https://arcticloom.example/collections/cooling-tech,arcticloom.example,owned,https://arcticloom.example/collections/cooling-tech,True,arcticloom.example,False,True,https://arcticloom.example/collections/cooling-tech
C001405,M2-P018-AN-R2,,,https://sleep-lab.example/guides/cooling-sheets,sleep-lab.example,editorial,https://sleep-lab.example/guides/cooling-sheets,True,sleep-lab.example,False,True,https://sleep-lab.example/guides/cooling-sheets
C000173,M1-P010-AN-R2,,,https://independent-sleep.example/reviews/arcticloom,independent-sleep.example,editorial,https://independent-sleep.example/reviews/arcticloom,True,independent-sleep.example,False,True,https://independent-sleep.example/reviews/arcticloom
C000837,M1-P049-AN-R2,,,https://sereinsleep.example/products/clean-cooling-sheets,sereinsleep.example,owned,https://sereinsleep.example/products/clean-cooling-sheets,True,sereinsleep.example,False,True,https://sereinsleep.example/products/clean-cooling-sheets
C000525,M1-P031-CH-R2,,,https://restnest.example/products/value-cooling-set,restnest.example,owned,https://restnest.example/products/value-cooling-set,True,restnest.example,False,True,https://restnest.example/products/value-cooling-set
C001840,M2-P042-AN-R1,,,https://forum.example/r/hotsleepers/cooling-sheet-experiences,forum.example,forum,https://forum.example/r/hotsleepers/cooling-sheet-experiences,True,forum.example,False,True,https://forum.example/r/hotsleepers/cooling-sheet-experiences
C000094,M1-P006-SE-R1,,,https://sleep-lab.example/guides/cooling-sheets,sleep-lab.example,editorial,https://sleep-lab.example/guides/cooling-sheets,True,sleep-lab.example,False,True,https://sleep-lab.example/guides/cooling-sheets
C000502,M1-P030-CH-R1,,,https://arcticloom.example/collections/cooling-tech,arcticloom.example,owned,https://arcticloom.example/collections/cooling-tech,True,arcticloom.example,False,True,https://arcticloom.example/collections/cooling-tech
C000680,M1-P040-SE-R2,,,https://home-review.example/best-cooling-bedding,home-review.example,editorial,https://home-review.example/best-cooling-bedding,True,home-review.example,False,True,https://home-review.example/best-cooling-bedding
C001173,M2-P005-AN-R2,,,https://arcticloom.example/collections/cooling-tech,arcticloom.example,owned,https://arcticloom.example/collections/cooling-tech,True,arcticloom.example,False,True,https://arcticloom.example/collections/cooling-tech
C001564,M2-P026-CH-R1,,,https://sereinsleep.example/products/clean-cooling-sheets,sereinsleep.example,owned,https://sereinsleep.example/products/clean-cooling-sheets,True,sereinsleep.example,False,True,https://sereinsleep.example/products/clean-cooling-sheets
C001071,M1-P064-SE-R1,,,https://independent-sleep.example/reviews/serein-sleep,independent-sleep.example,editorial,https://independent-sleep.example/reviews/serein-sleep,True,independent-sleep.example,False,True,https://independent-sleep.example/reviews/serein-sleep
C001035,M1-P062-CH-R1,,,https://independent-sleep.example/reviews/astervale,independent-sleep.example,editorial,https://independent-sleep.example/reviews/astervale,True,independent-sleep.example,False,True,https://independent-sleep.example/reviews/astervale
C001479,M2-P022-CH-R2,,,https://forum.example/r/hotsleepers/cooling-sheet-experiences,forum.example,forum,https://forum.example/r/hotsleepers/cooling-sheet-experiences,True,forum.example,False,True,https://forum.example/r/hotsleepers/cooling-sheet-experiences
C000300,M1-P018-CH-R1,,,https://eucalune.example/products/eucalyptus-sheets,eucalune.example,owned,https://eucalune.example/products/eucalyptus-sheets,True,eucalune.example,False,True,https://eucalune.example/products/eucalyptus-sheets
C000826,M1-P049-CH-R1,,,https://astervale.example/products/cooling-sheet-set,astervale.example,owned,https://astervale.example/products/cooling-sheet-set,True,astervale.example,False,True,https://astervale.example/products/cooling-sheet-set
C001126,M2-P003-SE-R1,,,https://sleep-lab.example/guides/cooling-sheets,sleep-lab.example,editorial,https://sleep-lab.example/guides/cooling-sheets,True,sleep-lab.example,False,True,https://sleep-lab.example/guides/cooling-sheets
C000297,M1-P017-AN-R2,,,https://sleep-lab.example/guides/cooling-sheets,sleep-lab.example,editorial,https://sleep-lab.example/guides/cooling-sheets,True,sleep-lab.example,False,True,https://sleep-lab.example/guides/cooling-sheets
C001806,M2-P040-CH-R2,,,https://independent-sleep.example/reviews/serein-sleep,independent-sleep.example,editorial,https://independent-sleep.example/reviews/serein-sleep,True,independent-sleep.example,False,True,https://independent-sleep.example/reviews/serein-sleep
C001409,M2-P019-CH-R1,,,https://home-review.example/best-cooling-bedding,home-review.example,editorial,https://home-review.example/best-cooling-bedding,True,home-review.example,False,True,https://home-review.example/best-cooling-bedding
C000887,M1-P052-AN-R2,,,https://arcticloom.example/collections/cooling-tech,arcticloom.example,owned,https://arcticloom.example/collections/cooling-tech,True,arcticloom.example,False,True,https://arcticloom.example/collections/cooling-tech
C001553,M2-P025-SE-R2,,,https://independent-sleep.example/reviews/restnest,independent-sleep.example,editorial,https://independent-sleep.example/reviews/restnest,True,independent-sleep.example,False,True,https://independent-sleep.example/reviews/restnest
C001999,M2-P052-CH-R1,,,https://forum.example/r/hotsleepers/cooling-sheet-experiences,forum.example,forum,https://forum.example/r/hotsleepers/cooling-sheet-experiences,True,forum.example,False,True,https://forum.example/r/hotsleepers/cooling-sheet-experiences
C000086,M1-P005-AN-R2,,,https://sereinsleep.example/products/clean-cooling-sheets,sereinsleep.example,owned,https://sereinsleep.example/products/clean-cooling-sheets,True,sereinsleep.example,False,True,https://sereinsleep.example/products/clean-cooling-sheets
C001018,M1-P060-AN-R2,,,https://independent-sleep.example/reviews/serein-sleep,independent-sleep.example,editorial,https://independent-sleep.example/reviews/serein-sleep,True,independent-sleep.example,False,True,https://independent-sleep.example/reviews/serein-sleep
C000790,M1-P047-SE-R2,,,https://sleep-lab.example/guides/cooling-sheets,sleep-lab.example,editorial,https://sleep-lab.example/guides/cooling-sheets,True,sleep-lab.example,False,True,https://sleep-lab.example/guides/cooling-sheets
C000927,M1-P055-CH-R2,,,https://sleep-lab.example/guides/cooling-sheets,sleep-lab.example,editorial,https://sleep-lab.example/guides/cooling-sheets,True,sleep-lab.example,False,True,https://sleep-lab.example/guides/cooling-sheets
C000395,M1-P023-CH-R2,,,https://forum.example/r/hotsleepers/cooling-sheet-experiences,forum.example,forum,https://forum.example/r/hotsleepers/cooling-sheet-experiences,True,forum.example,False,True,https://forum.example/r/hotsleepers/cooling-sheet-experiences
C000707,M1-P042-CH-R2,,,https://independent-sleep.example/reviews/arcticloom,independent-sleep.example,editorial,https://independent-sleep.example/reviews/arcticloom,True,independent-sleep.example,False,True,https://independent-sleep.example/reviews/arcticloom
C002190,M2-P062-SE-R2,,,https://sereinsleep.example/products/clean-cooling-sheets,sereinsleep.example,owned,https://sereinsleep.example/products/clean-cooling-sheets,True,sereinsleep.example,False,True,https://sereinsleep.example/products/clean-cooling-sheets
C000714,M1-P042-AN-R2,,,https://independent-sleep.example/reviews/restnest,independent-sleep.example,editorial,https://independent-sleep.example/reviews/restnest,True,independent-sleep.example,False,True,https://independent-sleep.example/reviews/restnest
C000767,M1-P046-CH-R2,,,https://sereinsleep.example/products/clean-cooling-sheets,sereinsleep.example,owned,https://sereinsleep.example/products/clean-cooling-sheets,True,sereinsleep.example,False,True,https://sereinsleep.example/products/clean-cooling-sheets
C001127,M2-P003-SE-R2,,,https://home-review.example/best-cooling-bedding,home-review.example,editorial,https://home-review.example/best-cooling-bedding,True,home-review.example,False,True,https://home-review.example/best-cooling-bedding
C001248,M2-P009-AN-R2,,,https://astervale.example/products/cooling-sheet-set,astervale.example,owned,https://astervale.example/products/cooling-sheet-set,True,astervale.example,False,True,https://astervale.example/products/cooling-sheet-set
C001364,M2-P016-SE-R2,,,https://sleep-lab.example/guides/cooling-sheets,sleep-lab.example,editorial,https://sleep-lab.example/guides/cooling-sheets,True,sleep-lab.example,False,True,https://sleep-lab.example/guides/cooling-sheets
C002085,M2-P057-SE-R1,,,https://independent-sleep.example/reviews/astervale,independent-sleep.example,editorial,https://independent-sleep.example/reviews/astervale,True,independent-sleep.example,False,True,https://independent-sleep.example/reviews/astervale
C001352,M2-P015-AN-R2,,,https://home-review.example/best-cooling-bedding,home-review.example,editorial,https://home-review.example/best-cooling-bedding,True,home-review.example,False,True,https://home-review.example/best-cooling-bedding
C000258,M1-P015-CH-R2,,,https://sereinsleep.example/products/clean-cooling-sheets,sereinsleep.example,owned,https://sereinsleep.example/products/clean-cooling-sheets,True,sereinsleep.example,False,True,https://sereinsleep.example/products/clean-cooling-sheets
C000237,M1-P014-SE-R1,,,https://restnest.example/products/value-cooling-set,restnest.example,owned,https://restnest.example/products/value-cooling-set,True,restnest.example,False,True,https://restnest.example/products/value-cooling-set
C001786,M2-P039-CH-R1,,,https://independent-sleep.example/reviews/arcticloom,independent-sleep.example,editorial,https://independent-sleep.example/reviews/arcticloom,True,independent-sleep.example,False,True,https://independent-sleep.example/reviews/arcticloom
C001096,M2-P002-CH-R1,,,https://sleep-lab.example/guides/cooling-sheets,sleep-lab.example,editorial,https://sleep-lab.example/guides/cooling-sheets,True,sleep-lab.example,False,True,https://sleep-lab.example/guides/cooling-sheets
C001779,M2-P038-AN-R1,,,https://arcticloom.example/collections/cooling-tech,arcticloom.example,owned,https://arcticloom.example/collections/cooling-tech,True,arcticloom.example,False,True,https://arcticloom.example/collections/cooling-tech
C001216,M2-P008-SE-R1,,,https://forum.example/r/hotsleepers/cooling-sheet-experiences,forum.example,forum,https://forum.example/r/hotsleepers/cooling-sheet-experiences,True,forum.example,False,True,https://forum.example/r/hotsleepers/cooling-sheet-experiences
C001427,M2-P019-AN-R2,,,https://independent-sleep.example/reviews/restnest,independent-sleep.example,editorial,https://independent-sleep.example/reviews/restnest,True,independent-sleep.example,False,True,https://independent-sleep.example/reviews/restnest
C001693,M2-P033-SE-R2,,,https://independent-sleep.example/reviews/astervale,independent-sleep.example,editorial,https://independent-sleep.example/reviews/astervale,True,independent-sleep.example,False,True,https://independent-sleep.example/reviews/astervale
C001994,M2-P051-AN-R1,,,https://independent-sleep.example/reviews/serein-sleep,independent-sleep.example,editorial,https://independent-sleep.example/reviews/serein-sleep,True,independent-sleep.example,False,True,https://independent-sleep.example/reviews/serein-sleep
C000489,M1-P029-CH-R1,,,https://sleep-lab.example/guides/cooling-sheets,sleep-lab.example,editorial,https://sleep-lab.example/guides/cooling-sheets,True,sleep-lab.example,False,True,https://sleep-lab.example/guides/cooling-sheets
C001234,M2-P009-CH-R2,,,https://sleep-lab.example/guides/cooling-sheets,sleep-lab.example,editorial,https://sleep-lab.example/guides/cooling-sheets,True,sleep-lab.example,False,True,https://sleep-lab.example/guides/cooling-sheets
C001262,M2-P010-AN-R2,,,https://sleep-lab.example/guides/cooling-sheets,sleep-lab.example,editorial,https://sleep-lab.example/guides/cooling-sheets,True,sleep-lab.example,False,True,https://sleep-lab.example/guides/cooling-sheets
C001698,M2-P033-AN-R2,,,https://independent-sleep.example/reviews/arcticloom,independent-sleep.example,editorial,https://independent-sleep.example/reviews/arcticloom,True,independent-sleep.example,False,True,https://independent-sleep.example/reviews/arcticloom
C000558,M1-P033-AN-R1,,,https://forum.example/r/hotsleepers/cooling-sheet-experiences,forum.example,forum,https://forum.example/r/hotsleepers/cooling-sheet-experiences,True,forum.example,False,True,https://forum.example/r/hotsleepers/cooling-sheet-experiences
C002220,M2-P064-CH-R2,,,https://eucalune.example/products/eucalyptus-sheets,eucalune.example,owned,https://eucalune.example/products/eucalyptus-sheets,True,eucalune.example,False,True,https://eucalune.example/products/eucalyptus-sheets
C000319,M1-P019-CH-R2,,,https://forum.example/r/hotsleepers/cooling-sheet-experiences,forum.example,forum,https://forum.example/r/hotsleepers/cooling-sheet-experiences,True,forum.example,False,True,https://forum.example/r/hotsleepers/cooling-sheet-experiences
C001347,M2-P015-AN-R1,,,https://home-review.example/best-cooling-bedding,home-review.example,editorial,https://home-review.example/best-cooling-bedding,True,home-review.example,False,True,https://home-review.example/best-cooling-bedding
C000757,M1-P045-AN-R1,,,https://sleep-lab.example/guides/cooling-sheets,sleep-lab.example,editorial,https://sleep-lab.example/guides/cooling-sheets,True,sleep-lab.example,False,True,https://sleep-lab.example/guides/cooling-sheets
C002114,M2-P058-AN-R2,,,https://sereinsleep.example/products/clean-cooling-sheets,sereinsleep.example,owned,https://sereinsleep.example/products/clean-cooling-sheets,True,sereinsleep.example,False,True,https://sereinsleep.example/products/clean-cooling-sheets
C000527,M1-P031-SE-R1,,,https://independent-sleep.example/reviews/eucalune,independent-sleep.example,editorial,https://independent-sleep.example/reviews/eucalune,True,independent-sleep.example,False,True,https://independent-sleep.example/reviews/eucalune
C002228,M2-P064-AN-R1,,,https://sleep-lab.example/guides/cooling-sheets,sleep-lab.example,editorial,https://sleep-lab.example/guides/cooling-sheets,True,sleep-lab.example,False,True,https://sleep-lab.example/guides/cooling-sheets
C000265,M1-P015-AN-R2,,,https://sleep-lab.example/guides/cooling-sheets,sleep-lab.example,editorial,https://sleep-lab.example/guides/cooling-sheets,True,sleep-lab.example,False,True,https://sleep-lab.example/guides/cooling-sheets
C000299,M1-P018-CH-R1,,,https://home-review.example/best-cooling-bedding,home-review.example,editorial,https://home-review.example/best-cooling-bedding,True,home-review.example,False,True,https://home-review.example/best-cooling-bedding
C000758,M1-P045-AN-R1,,,https://home-review.example/best-cooling-bedding,home-review.example,editorial,https://home-review.example/best-cooling-bedding,True,home-review.example,False,True,https://home-review.example/best-cooling-bedding
C001170,M2-P005-SE-R2,,,https://eucalune.example/products/eucalyptus-sheets,eucalune.example,owned,https://eucalune.example/products/eucalyptus-sheets,True,eucalune.example,False,True,https://eucalune.example/products/eucalyptus-sheets
C000061,M1-P004-SE-R1,,,https://home-review.example/best-cooling-bedding,home-review.example,editorial,https://home-review.example/best-cooling-bedding,True,home-review.example,False,True,https://home-review.example/best-cooling-bedding
C000740,M1-P044-SE-R2,,,https://home-review.example/best-cooling-bedding,home-review.example,editorial,https://home-review.example/best-cooling-bedding,True,home-review.example,False,True,https://home-review.example/best-cooling-bedding
C001166,M2-P005-SE-R1,,,https://eucalune.example/products/eucalyptus-sheets,eucalune.example,owned,https://eucalune.example/products/eucalyptus-sheets,True,eucalune.example,False,True,https://eucalune.example/products/eucalyptus-sheets
C001399,M2-P018-SE-R1,,,https://sereinsleep.example/products/clean-cooling-sheets,sereinsleep.example,owned,https://sereinsleep.example/products/clean-cooling-sheets,True,sereinsleep.example,False,True,https://sereinsleep.example/products/clean-cooling-sheets
C001502,M2-P023-CH-R2,,,https://arcticloom.example/collections/cooling-tech,arcticloom.example,owned,https://arcticloom.example/collections/cooling-tech,True,arcticloom.example,False,True,https://arcticloom.example/collections/cooling-tech
C001120,M2-P003-CH-R2,,,https://home-review.example/best-cooling-bedding,home-review.example,editorial,https://home-review.example/best-cooling-bedding,True,home-review.example,False,True,https://home-review.example/best-cooling-bedding
C000353,M1-P020-AN-R2,,,https://home-review.example/best-cooling-bedding,home-review.example,editorial,https://home-review.example/best-cooling-bedding,True,home-review.example,False,True,https://home-review.example/best-cooling-bedding
C000690,M1-P041-CH-R1,,,https://sleep-lab.example/guides/cooling-sheets,sleep-lab.example,editorial,https://sleep-lab.example/guides/cooling-sheets,True,sleep-lab.example,False,True,https://sleep-lab.example/guides/cooling-sheets
C000389,M1-P022-AN-R1,,,https://independent-sleep.example/reviews/astervale,independent-sleep.example,editorial,https://independent-sleep.example/reviews/astervale,True,independent-sleep.example,False,True,https://independent-sleep.example/reviews/astervale
C001784,M2-P039-CH-R1,,,https://forum.example/r/hotsleepers/cooling-sheet-experiences,forum.example,forum,https://forum.example/r/hotsleepers/cooling-sheet-experiences,True,forum.example,False,True,https://forum.example/r/hotsleepers/cooling-sheet-experiences
C002223,M2-P064-SE-R1,,,https://independent-sleep.example/reviews/eucalune,independent-sleep.example,editorial,https://independent-sleep.example/reviews/eucalune,True,independent-sleep.example,False,True,https://independent-sleep.example/reviews/eucalune
C001351,M2-P015-AN-R2,,,https://sleep-lab.example/guides/cooling-sheets,sleep-lab.example,editorial,https://sleep-lab.example/guides/cooling-sheets,True,sleep-lab.example,False,True,https://sleep-lab.example/guides/cooling-sheets
C002221,M2-P064-SE-R1,,,https://sleep-lab.example/guides/cooling-sheets,sleep-lab.example,editorial,https://sleep-lab.example/guides/cooling-sheets,True,sleep-lab.example,False,True,https://sleep-lab.example/guides/cooling-sheets
C001122,M2-P003-CH-R2,,,https://independent-sleep.example/reviews/arcticloom,independent-sleep.example,editorial,https://independent-sleep.example/reviews/arcticloom,True,independent-sleep.example,False,True,https://independent-sleep.example/reviews/arcticloom
C000645,M1-P038-SE-R2,,,https://independent-sleep.example/reviews/serein-sleep,independent-sleep.example,editorial,https://independent-sleep.example/reviews/serein-sleep,True,independent-sleep.example,False,True,https://independent-sleep.example/reviews/serein-sleep
C001296,M2-P012-SE-R2,,,https://independent-sleep.example/reviews/eucalune,independent-sleep.example,editorial,https://independent-sleep.example/reviews/eucalune,True,independent-sleep.example,False,True,https://independent-sleep.example/reviews/eucalune
C001909,M2-P047-CH-R1,,,https://independent-sleep.example/reviews/serein-sleep,independent-sleep.example,editorial,https://independent-sleep.example/reviews/serein-sleep,True,independent-sleep.example,False,True,https://independent-sleep.example/reviews/serein-sleep
C000860,M1-P051-CH-R2,,,https://sereinsleep.example/products/clean-cooling-sheets,sereinsleep.example,owned,https://sereinsleep.example/products/clean-cooling-sheets,True,sereinsleep.example,False,True,https://sereinsleep.example/products/clean-cooling-sheets
C000777,M1-P046-AN-R1,,,https://independent-sleep.example/reviews/serein-sleep,independent-sleep.example,editorial,https://independent-sleep.example/reviews/serein-sleep,True,independent-sleep.example,False,True,https://independent-sleep.example/reviews/serein-sleep
C001238,M2-P009-SE-R1,,,https://arcticloom.example/collections/cooling-tech,arcticloom.example,owned,https://arcticloom.example/collections/cooling-tech,True,arcticloom.example,False,True,https://arcticloom.example/collections/cooling-tech
C000404,M1-P023-AN-R1,,,https://home-review.example/best-cooling-bedding,home-review.example,editorial,https://home-review.example/best-cooling-bedding,True,home-review.example,False,True,https://home-review.example/best-cooling-bedding
C001878,M2-P045-SE-R2,,,https://home-review.example/best-cooling-bedding,home-review.example,editorial,https://home-review.example/best-cooling-bedding,True,home-review.example,False,True,https://home-review.example/best-cooling-bedding
C001249,M2-P009-AN-R2,,,https://independent-sleep.example/reviews/serein-sleep,independent-sleep.example,editorial,https://independent-sleep.example/reviews/serein-sleep,True,independent-sleep.example,False,True,https://independent-sleep.example/reviews/serein-sleep
C001905,M2-P046-AN-R2,,,https://eucalune.example/products/eucalyptus-sheets,eucalune.example,owned,https://eucalune.example/products/eucalyptus-sheets,True,eucalune.example,False,True,https://eucalune.example/products/eucalyptus-sheets
C000066,M1-P004-AN-R1,,,https://forum.example/r/hotsleepers/cooling-sheet-experiences,forum.example,forum,https://forum.example/r/hotsleepers/cooling-sheet-experiences,True,forum.example,False,True,https://forum.example/r/hotsleepers/cooling-sheet-experiences
C001839,M2-P042-SE-R2,,,https://independent-sleep.example/reviews/arcticloom,independent-sleep.example,editorial,https://independent-sleep.example/reviews/arcticloom,True,independent-sleep.example,False,True,https://independent-sleep.example/reviews/arcticloom
C001199,M2-P007-CH-R2,,,https://eucalune.example/products/eucalyptus-sheets,eucalune.example,owned,https://eucalune.example/products/eucalyptus-sheets,True,eucalune.example,False,True,https://eucalune.example/products/eucalyptus-sheets
C001876,M2-P045-SE-R1,,,https://arcticloom.example/collections/cooling-tech,arcticloom.example,owned,https://arcticloom.example/collections/cooling-tech,True,arcticloom.example,False,True,https://arcticloom.example/collections/cooling-tech
C001353,M2-P015-AN-R2,,,https://independent-sleep.example/reviews/restnest,independent-sleep.example,editorial,https://independent-sleep.example/reviews/restnest,True,independent-sleep.example,False,True,https://independent-sleep.example/reviews/restnest
C000728,M1-P044-CH-R1,,,https://sleep-lab.example/guides/cooling-sheets,sleep-lab.example,editorial,https://sleep-lab.example/guides/cooling-sheets,True,sleep-lab.example,False,True,https://sleep-lab.example/guides/cooling-sheets
C000234,M1-P014-SE-R1,,,https://sleep-lab.example/guides/cooling-sheets,sleep-lab.example,editorial,https://sleep-lab.example/guides/cooling-sheets,True,sleep-lab.example,False,True,https://sleep-lab.example/guides/cooling-sheets
C000719,M1-P043-CH-R2,,,https://sleep-lab.example/guides/cooling-sheets,sleep-lab.example,editorial,https://sleep-lab.example/guides/cooling-sheets,True,sleep-lab.example,False,True,https://sleep-lab.example/guides/cooling-sheets
C001224,M2-P008-AN-R1,,,https://sleep-lab.example/guides/cooling-sheets,sleep-lab.example,editorial,https://sleep-lab.example/guides/cooling-sheets,True,sleep-lab.example,False,True,https://sleep-lab.example/guides/cooling-sheets
C000552,M1-P033-CH-R2,,,https://restnest.example/products/value-cooling-set,restnest.example,owned,https://restnest.example/products/value-cooling-set,True,restnest.example,False,True,https://restnest.example/products/value-cooling-set
C001626,M2-P029-CH-R2,,,https://eucalune.example/products/eucalyptus-sheets,eucalune.example,owned,https://eucalune.example/products/eucalyptus-sheets,True,eucalune.example,False,True,https://eucalune.example/products/eucalyptus-sheets
C000058,M1-P004-CH-R2,,,https://forum.example/r/hotsleepers/cooling-sheet-experiences,forum.example,forum,https://forum.example/r/hotsleepers/cooling-sheet-experiences,True,forum.example,False,True,https://forum.example/r/hotsleepers/cooling-sheet-experiences
C002251,M1-P029-AN-R2,,,HTTPS://independent-sleep.example/reviews/serein-sleep/?utm_source=audit&utm_campaign=m2#section,independent-sleep.example,editorial,https://independent-sleep.example/reviews/serein-sleep,True,independent-sleep.example,False,True,https://independent-sleep.example/reviews/serein-sleep
C002092,M2-P057-AN-R2,,,https://astervale.example/products/cooling-sheet-set,astervale.example,owned,https://astervale.example/products/cooling-sheet-set,True,astervale.example,False,True,https://astervale.example/products/cooling-sheet-set
C001704,M2-P034-SE-R1,,,https://sleep-lab.example/guides/cooling-sheets,sleep-lab.example,editorial,https://sleep-lab.example/guides/cooling-sheets,True,sleep-lab.example,False,True,https://sleep-lab.example/guides/cooling-sheets
C001970,M2-P050-AN-R1,,,https://sleep-lab.example/guides/cooling-sheets,sleep-lab.example,editorial,https://sleep-lab.example/guides/cooling-sheets,True,sleep-lab.example,False,True,https://sleep-lab.example/guides/cooling-sheets
C001162,M2-P005-CH-R2,,,https://eucalune.example/products/eucalyptus-sheets,eucalune.example,owned,https://eucalune.example/products/eucalyptus-sheets,True,eucalune.example,False,True,https://eucalune.example/products/eucalyptus-sheets
C002154,M2-P060-AN-R2,,,https://home-review.example/best-cooling-bedding,home-review.example,editorial,https://home-review.example/best-cooling-bedding,True,home-review.example,False,True,https://home-review.example/best-cooling-bedding
C001114,M2-P002-AN-R2,,,https://home-review.example/best-cooling-bedding,home-review.example,editorial,https://home-review.example/best-cooling-bedding,True,home-review.example,False,True,https://home-review.example/best-cooling-bedding
C000670,M1-P040-CH-R1,,,https://sereinsleep.example/products/clean-cooling-sheets,sereinsleep.example,owned,https://sereinsleep.example/products/clean-cooling-sheets,True,sereinsleep.example,False,True,https://sereinsleep.example/products/clean-cooling-sheets
C002156,M2-P060-AN-R2,,,https://independent-sleep.example/reviews/arcticloom,independent-sleep.example,editorial,https://independent-sleep.example/reviews/arcticloom,True,independent-sleep.example,False,True,https://independent-sleep.example/reviews/arcticloom
C001089,M2-P001-SE-R2,,,https://sereinsleep.example/products/clean-cooling-sheets,sereinsleep.example,owned,https://sereinsleep.example/products/clean-cooling-sheets,True,sereinsleep.example,False,True,https://sereinsleep.example/products/clean-cooling-sheets
C000227,M1-P013-AN-R2,,,https://arcticloom.example/collections/cooling-tech,arcticloom.example,owned,https://arcticloom.example/collections/cooling-tech,True,arcticloom.example,False,True,https://arcticloom.example/collections/cooling-tech
C002229,M2-P064-AN-R1,,,https://independent-sleep.example/reviews/serein-sleep,independent-sleep.example,editorial,https://independent-sleep.example/reviews/serein-sleep,True,independent-sleep.example,False,True,https://independent-sleep.example/reviews/serein-sleep
C000231,M1-P014-CH-R2,,,https://home-review.example/best-cooling-bedding,home-review.example,editorial,https://home-review.example/best-cooling-bedding,True,home-review.example,False,True,https://home-review.example/best-cooling-bedding
C000192,M1-P012-CH-R2,,,https://restnest.example/products/value-cooling-set,restnest.example,owned,https://restnest.example/products/value-cooling-set,True,restnest.example,False,True,https://restnest.example/products/value-cooling-set
C000302,M1-P018-SE-R1,,,https://sleep-lab.example/guides/cooling-sheets,sleep-lab.example,editorial,https://sleep-lab.example/guides/cooling-sheets,True,sleep-lab.example,False,True,https://sleep-lab.example/guides/cooling-sheets
C000862,M1-P051-SE-R1,,,https://sleep-lab.example/guides/cooling-sheets,sleep-lab.example,editorial,https://sleep-lab.example/guides/cooling-sheets,True,sleep-lab.example,False,True,https://sleep-lab.example/guides/cooling-sheets
C001972,M2-P050-AN-R2,,,https://sleep-lab.example/guides/cooling-sheets,sleep-lab.example,editorial,https://sleep-lab.example/guides/cooling-sheets,True,sleep-lab.example,False,True,https://sleep-lab.example/guides/cooling-sheets
C001598,M2-P027-AN-R1,,,https://independent-sleep.example/reviews/restnest,independent-sleep.example,editorial,https://independent-sleep.example/reviews/restnest,True,independent-sleep.example,False,True,https://independent-sleep.example/reviews/restnest
C000010,M1-P001-SE-R2,,,https://restnest.example/products/value-cooling-set,restnest.example,owned,https://restnest.example/products/value-cooling-set,True,restnest.example,False,True,https://restnest.example/products/value-cooling-set
C001395,M2-P018-CH-R2,,,https://independent-sleep.example/reviews/eucalune,independent-sleep.example,editorial,https://independent-sleep.example/reviews/eucalune,True,independent-sleep.example,False,True,https://independent-sleep.example/reviews/eucalune
C000162,M1-P010-CH-R2,,,https://astervale.example/products/cooling-sheet-set,astervale.example,owned,https://astervale.example/products/cooling-sheet-set,True,astervale.example,False,True,https://astervale.example/products/cooling-sheet-set
C001530,M2-P024-SE-R1,,,https://arcticloom.example/collections/cooling-tech,arcticloom.example,owned,https://arcticloom.example/collections/cooling-tech,True,arcticloom.example,False,True,https://arcticloom.example/collections/cooling-tech
C001004,M1-P060-CH-R2,,,https://astervale.example/products/cooling-sheet-set,astervale.example,owned,https://astervale.example/products/cooling-sheet-set,True,astervale.example,False,True,https://astervale.example/products/cooling-sheet-set
C000383,M1-P022-SE-R2,,,https://home-review.example/best-cooling-bedding,home-review.example,editorial,https://home-review.example/best-cooling-bedding,True,home-review.example,False,True,https://home-review.example/best-cooling-bedding
C001339,M2-P014-AN-R2,,,https://forum.example/r/hotsleepers/cooling-sheet-experiences,forum.example,forum,https://forum.example/r/hotsleepers/cooling-sheet-experiences,True,forum.example,False,True,https://forum.example/r/hotsleepers/cooling-sheet-experiences
C001855,M2-P043-AN-R1,,,https://astervale.example/products/cooling-sheet-set,astervale.example,owned,https://astervale.example/products/cooling-sheet-set,True,astervale.example,False,True,https://astervale.example/products/cooling-sheet-set
C000274,M1-P016-SE-R2,,,https://sleep-lab.example/guides/cooling-sheets,sleep-lab.example,editorial,https://sleep-lab.example/guides/cooling-sheets,True,sleep-lab.example,False,True,https://sleep-lab.example/guides/cooling-sheets
C001767,M2-P037-AN-R2,,,https://forum.example/r/hotsleepers/cooling-sheet-experiences,forum.example,forum,https://forum.example/r/hotsleepers/cooling-sheet-experiences,True,forum.example,False,True,https://forum.example/r/hotsleepers/cooling-sheet-experiences
C000071,M1-P004-AN-R2,,,https://home-review.example/best-cooling-bedding,home-review.example,editorial,https://home-review.example/best-cooling-bedding,True,home-review.example,False,True,https://home-review.example/best-cooling-bedding
C000272,M1-P016-CH-R2,,,https://forum.example/r/hotsleepers/cooling-sheet-experiences,forum.example,forum,https://forum.example/r/hotsleepers/cooling-sheet-experiences,True,forum.example,False,True,https://forum.example/r/hotsleepers/cooling-sheet-experiences
C001932,M2-P048-SE-R1,,,https://home-review.example/best-cooling-bedding,home-review.example,editorial,https://home-review.example/best-cooling-bedding,True,home-review.example,False,True,https://home-review.example/best-cooling-bedding
C001458,M2-P021-CH-R2,,,https://astervale.example/products/cooling-sheet-set,astervale.example,owned,https://astervale.example/products/cooling-sheet-set,True,astervale.example,False,True,https://astervale.example/products/cooling-sheet-set
C001341,M2-P015-CH-R1,,,https://eucalune.example/products/eucalyptus-sheets,eucalune.example,owned,https://eucalune.example/products/eucalyptus-sheets,True,eucalune.example,False,True,https://eucalune.example/products/eucalyptus-sheets
C000627,M1-P037-SE-R1,,,https://independent-sleep.example/reviews/restnest,independent-sleep.example,editorial,https://independent-sleep.example/reviews/restnest,True,independent-sleep.example,False,True,https://independent-sleep.example/reviews/restnest
C001822,M2-P041-SE-R2,,,https://independent-sleep.example/reviews/restnest,independent-sleep.example,editorial,https://independent-sleep.example/reviews/restnest,True,independent-sleep.example,False,True,https://independent-sleep.example/reviews/restnest
C000908,M1-P054-CH-R1,,,https://independent-sleep.example/reviews/astervale,independent-sleep.example,editorial,https://independent-sleep.example/reviews/astervale,True,independent-sleep.example,False,True,https://independent-sleep.example/reviews/astervale
C002189,M2-P062-SE-R2,,,https://astervale.example/products/cooling-sheet-set,astervale.example,owned,https://astervale.example/products/cooling-sheet-set,True,astervale.example,False,True,https://astervale.example/products/cooling-sheet-set
C001981,M2-P051-CH-R2,,,https://astervale.example/products/cooling-sheet-set,astervale.example,owned,https://astervale.example/products/cooling-sheet-set,True,astervale.example,False,True,https://astervale.example/products/cooling-sheet-set
C000923,M1-P054-AN-R2,,,https://astervale.example/products/cooling-sheet-set,astervale.example,owned,https://astervale.example/products/cooling-sheet-set,True,astervale.example,False,True,https://astervale.example/products/cooling-sheet-set
C000250,M1-P015-CH-R1,,,https://sleep-lab.example/guides/cooling-sheets,sleep-lab.example,editorial,https://sleep-lab.example/guides/cooling-sheets,True,sleep-lab.example,False,True,https://sleep-lab.example/guides/cooling-sheets
C000892,M1-P053-CH-R2,,,https://home-review.example/best-cooling-bedding,home-review.example,editorial,https://home-review.example/best-cooling-bedding,True,home-review.example,False,True,https://home-review.example/best-cooling-bedding
C001432,M2-P020-CH-R2,,,https://forum.example/r/hotsleepers/cooling-sheet-experiences,forum.example,forum,https://forum.example/r/hotsleepers/cooling-sheet-experiences,True,forum.example,False,True,https://forum.example/r/hotsleepers/cooling-sheet-experiences
C001754,M2-P037-CH-R2,,,https://home-review.example/best-cooling-bedding,home-review.example,editorial,https://home-review.example/best-cooling-bedding,True,home-review.example,False,True,https://home-review.example/best-cooling-bedding
C000536,M1-P031-AN-R2,,,https://eucalune.example/products/eucalyptus-sheets,eucalune.example,owned,https://eucalune.example/products/eucalyptus-sheets,True,eucalune.example,False,True,https://eucalune.example/products/eucalyptus-sheets
C001701,M2-P034-CH-R1,,,https://independent-sleep.example/reviews/arcticloom,independent-sleep.example,editorial,https://independent-sleep.example/reviews/arcticloom,True,independent-sleep.example,False,True,https://independent-sleep.example/reviews/arcticloom
C000074,M1-P005-CH-R1,,,https://forum.example/r/hotsleepers/cooling-sheet-experiences,forum.example,forum,https://forum.example/r/hotsleepers/cooling-sheet-experiences,True,forum.example,False,True,https://forum.example/r/hotsleepers/cooling-sheet-experiences
C000810,M1-P048-SE-R1,,,https://home-review.example/best-cooling-bedding,home-review.example,editorial,https://home-review.example/best-cooling-bedding,True,home-review.example,False,True,https://home-review.example/best-cooling-bedding
C001782,M2-P038-AN-R2,,,https://independent-sleep.example/reviews/arcticloom,independent-sleep.example,editorial,https://independent-sleep.example/reviews/arcticloom,True,independent-sleep.example,False,True,https://independent-sleep.example/reviews/arcticloom
C000829,M1-P049-CH-R2,,,https://astervale.example/products/cooling-sheet-set,astervale.example,owned,https://astervale.example/products/cooling-sheet-set,True,astervale.example,False,True,https://astervale.example/products/cooling-sheet-set
C001243,M2-P009-SE-R2,,,https://astervale.example/products/cooling-sheet-set,astervale.example,owned,https://astervale.example/products/cooling-sheet-set,True,astervale.example,False,True,https://astervale.example/products/cooling-sheet-set
C001816,M2-P041-CH-R1,,,https://home-review.example/best-cooling-bedding,home-review.example,editorial,https://home-review.example/best-cooling-bedding,True,home-review.example,False,True,https://home-review.example/best-cooling-bedding
C001196,M2-P007-CH-R1,,,https://home-review.example/best-cooling-bedding,home-review.example,editorial,https://home-review.example/best-cooling-bedding,True,home-review.example,False,True,https://home-review.example/best-cooling-bedding
C000635,M1-P038-CH-R1,,,https://home-review.example/best-cooling-bedding,home-review.example,editorial,https://home-review.example/best-cooling-bedding,True,home-review.example,False,True,https://home-review.example/best-cooling-bedding
C000526,M1-P031-SE-R1,,,https://sleep-lab.example/guides/cooling-sheets,sleep-lab.example,editorial,https://sleep-lab.example/guides/cooling-sheets,True,sleep-lab.example,False,True,https://sleep-lab.example/guides/cooling-sheets
C001075,M1-P064-SE-R2,,,https://independent-sleep.example/reviews/serein-sleep,independent-sleep.example,editorial,https://independent-sleep.example/reviews/serein-sleep,True,independent-sleep.example,False,True,https://independent-sleep.example/reviews/serein-sleep
C000296,M1-P017-AN-R2,,,https://home-review.example/best-cooling-bedding,home-review.example,editorial,https://home-review.example/best-cooling-bedding,True,home-review.example,False,True,https://home-review.example/best-cooling-bedding
C000218,M1-P013-SE-R1,,,https://independent-sleep.example/reviews/eucalune,independent-sleep.example,editorial,https://independent-sleep.example/reviews/eucalune,True,independent-sleep.example,False,True,https://independent-sleep.example/reviews/eucalune
C000568,M1-P034-CH-R2,,,https://independent-sleep.example/reviews/serein-sleep,independent-sleep.example,editorial,https://independent-sleep.example/reviews/serein-sleep,True,independent-sleep.example,False,True,https://independent-sleep.example/reviews/serein-sleep
C001728,M2-P035-SE-R1,,,https://restnest.example/products/value-cooling-set,restnest.example,owned,https://restnest.example/products/value-cooling-set,True,restnest.example,False,True,https://restnest.example/products/value-cooling-set
C002051,M2-P055-CH-R2,,,https://restnest.example/products/value-cooling-set,restnest.example,owned,https://restnest.example/products/value-cooling-set,True,restnest.example,False,True,https://restnest.example/products/value-cooling-set
C001810,M2-P040-SE-R2,,,https://sleep-lab.example/guides/cooling-sheets,sleep-lab.example,editorial,https://sleep-lab.example/guides/cooling-sheets,True,sleep-lab.example,False,True,https://sleep-lab.example/guides/cooling-sheets
C001942,M2-P049-CH-R1,,,https://astervale.example/products/cooling-sheet-set,astervale.example,owned,https://astervale.example/products/cooling-sheet-set,True,astervale.example,False,True,https://astervale.example/products/cooling-sheet-set
C001449,M2-P020-AN-R2,,,https://sleep-lab.example/guides/cooling-sheets,sleep-lab.example,editorial,https://sleep-lab.example/guides/cooling-sheets,True,sleep-lab.example,False,True,https://sleep-lab.example/guides/cooling-sheets
C000644,M1-P038-SE-R2,,,https://forum.example/r/hotsleepers/cooling-sheet-experiences,forum.example,forum,https://forum.example/r/hotsleepers/cooling-sheet-experiences,True,forum.example,False,True,https://forum.example/r/hotsleepers/cooling-sheet-experiences
C000721,M1-P043-SE-R1,,,https://sleep-lab.example/guides/cooling-sheets,sleep-lab.example,editorial,https://sleep-lab.example/guides/cooling-sheets,True,sleep-lab.example,False,True,https://sleep-lab.example/guides/cooling-sheets
C000087,M1-P006-CH-R1,,,https://forum.example/r/hotsleepers/cooling-sheet-experiences,forum.example,forum,https://forum.example/r/hotsleepers/cooling-sheet-experiences,True,forum.example,False,True,https://forum.example/r/hotsleepers/cooling-sheet-experiences
C000687,M1-P040-AN-R1,,,https://independent-sleep.example/reviews/serein-sleep,independent-sleep.example,editorial,https://independent-sleep.example/reviews/serein-sleep,True,independent-sleep.example,False,True,https://independent-sleep.example/reviews/serein-sleep
C001312,M2-P013-CH-R2,,,https://restnest.example/products/value-cooling-set,restnest.example,owned,https://restnest.example/products/value-cooling-set,True,restnest.example,False,True,https://restnest.example/products/value-cooling-set
C000626,M1-P037-SE-R1,,,https://restnest.example/products/value-cooling-set,restnest.example,owned,https://restnest.example/products/value-cooling-set,True,restnest.example,False,True,https://restnest.example/products/value-cooling-set
C000856,M1-P051-CH-R1,,,https://sleep-lab.example/guides/cooling-sheets,sleep-lab.example,editorial,https://sleep-lab.example/guides/cooling-sheets,True,sleep-lab.example,False,True,https://sleep-lab.example/guides/cooling-sheets
C001195,M2-P007-CH-R1,,,https://sleep-lab.example/guides/cooling-sheets,sleep-lab.example,editorial,https://sleep-lab.example/guides/cooling-sheets,True,sleep-lab.example,False,True,https://sleep-lab.example/guides/cooling-sheets
C001940,M2-P049-CH-R1,,,https://home-review.example/best-cooling-bedding,home-review.example,editorial,https://home-review.example/best-cooling-bedding,True,home-review.example,False,True,https://home-review.example/best-cooling-bedding
C001956,M2-P049-AN-R2,,,https://forum.example/r/hotsleepers/cooling-sheet-experiences,forum.example,forum,https://forum.example/r/hotsleepers/cooling-sheet-experiences,True,forum.example,False,True,https://forum.example/r/hotsleepers/cooling-sheet-experiences
C002141,M2-P060-SE-R1,,,https://home-review.example/best-cooling-bedding,home-review.example,editorial,https://home-review.example/best-cooling-bedding,True,home-review.example,False,True,https://home-review.example/best-cooling-bedding
C001969,M2-P050-AN-R1,,,https://home-review.example/best-cooling-bedding,home-review.example,editorial,https://home-review.example/best-cooling-bedding,True,home-review.example,False,True,https://home-review.example/best-cooling-bedding
C001725,M2-P035-SE-R1,,,https://sleep-lab.example/guides/cooling-sheets,sleep-lab.example,editorial,https://sleep-lab.example/guides/cooling-sheets,True,sleep-lab.example,False,True,https://sleep-lab.example/guides/cooling-sheets
C001388,M2-P017-AN-R2,,,https://home-review.example/best-cooling-bedding,home-review.example,editorial,https://home-review.example/best-cooling-bedding,True,home-review.example,False,True,https://home-review.example/best-cooling-bedding
C000867,M1-P051-AN-R1,,,https://forum.example/r/hotsleepers/cooling-sheet-experiences,forum.example,forum,https://forum.example/r/hotsleepers/cooling-sheet-experiences,True,forum.example,False,True,https://forum.example/r/hotsleepers/cooling-sheet-experiences
C001088,M2-P001-SE-R2,,,https://arcticloom.example/collections/cooling-tech,arcticloom.example,owned,https://arcticloom.example/collections/cooling-tech,True,arcticloom.example,False,True,https://arcticloom.example/collections/cooling-tech
C000124,M1-P008-SE-R1,,,https://home-review.example/best-cooling-bedding,home-review.example,editorial,https://home-review.example/best-cooling-bedding,True,home-review.example,False,True,https://home-review.example/best-cooling-bedding
C001769,M2-P038-CH-R1,,,https://sleep-lab.example/guides/cooling-sheets,sleep-lab.example,editorial,https://sleep-lab.example/guides/cooling-sheets,True,sleep-lab.example,False,True,https://sleep-lab.example/guides/cooling-sheets
C001031,M1-P061-AN-R2,,,https://forum.example/r/hotsleepers/cooling-sheet-experiences,forum.example,forum,https://forum.example/r/hotsleepers/cooling-sheet-experiences,True,forum.example,False,True,https://forum.example/r/hotsleepers/cooling-sheet-experiences
C000791,M1-P047-SE-R2,,,https://independent-sleep.example/reviews/arcticloom,independent-sleep.example,editorial,https://independent-sleep.example/reviews/arcticloom,True,independent-sleep.example,False,True,https://independent-sleep.example/reviews/arcticloom
C000735,M1-P044-CH-R2,,,https://independent-sleep.example/reviews/eucalune,independent-sleep.example,editorial,https://independent-sleep.example/reviews/eucalune,True,independent-sleep.example,False,True,https://independent-sleep.example/reviews/eucalune
C000023,M1-P002-CH-R2,,,https://independent-sleep.example/reviews/eucalune,independent-sleep.example,editorial,https://independent-sleep.example/reviews/eucalune,True,independent-sleep.example,False,True,https://independent-sleep.example/reviews/eucalune
C001883,M2-P045-AN-R1,,,https://independent-sleep.example/reviews/arcticloom,independent-sleep.example,editorial,https://independent-sleep.example/reviews/arcticloom,True,independent-sleep.example,False,True,https://independent-sleep.example/reviews/arcticloom
C001042,M1-P062-SE-R2,,,https://astervale.example/products/cooling-sheet-set,astervale.example,owned,https://astervale.example/products/cooling-sheet-set,True,astervale.example,False,True,https://astervale.example/products/cooling-sheet-set
C001450,M2-P020-AN-R2,,,https://independent-sleep.example/reviews/serein-sleep,independent-sleep.example,editorial,https://independent-sleep.example/reviews/serein-sleep,True,independent-sleep.example,False,True,https://independent-sleep.example/reviews/serein-sleep
C001582,M2-P027-CH-R1,,,https://independent-sleep.example/reviews/eucalune,independent-sleep.example,editorial,https://independent-sleep.example/reviews/eucalune,True,independent-sleep.example,False,True,https://independent-sleep.example/reviews/eucalune
C001497,M2-P022-AN-R2,,,https://restnest.example/products/value-cooling-set,restnest.example,owned,https://restnest.example/products/value-cooling-set,True,restnest.example,False,True,https://restnest.example/products/value-cooling-set
C000579,M1-P034-AN-R1,,,https://independent-sleep.example/reviews/restnest,independent-sleep.example,editorial,https://independent-sleep.example/reviews/restnest,True,independent-sleep.example,False,True,https://independent-sleep.example/reviews/restnest
C000590,M1-P035-SE-R1,,,https://forum.example/r/hotsleepers/cooling-sheet-experiences,forum.example,forum,https://forum.example/r/hotsleepers/cooling-sheet-experiences,True,forum.example,False,True,https://forum.example/r/hotsleepers/cooling-sheet-experiences
C000943,M1-P056-CH-R1,,,https://astervale.example/products/cooling-sheet-set,astervale.example,owned,https://astervale.example/products/cooling-sheet-set,True,astervale.example,False,True,https://astervale.example/products/cooling-sheet-set
C001142,M2-P004-CH-R2,,,https://sereinsleep.example/products/clean-cooling-sheets,sereinsleep.example,owned,https://sereinsleep.example/products/clean-cooling-sheets,True,sereinsleep.example,False,True,https://sereinsleep.example/products/clean-cooling-sheets
C000845,M1-P050-SE-R1,,,https://independent-sleep.example/reviews/astervale,independent-sleep.example,editorial,https://independent-sleep.example/reviews/astervale,True,independent-sleep.example,False,True,https://independent-sleep.example/reviews/astervale
C001488,M2-P022-SE-R2,,,https://home-review.example/best-cooling-bedding,home-review.example,editorial,https://home-review.example/best-cooling-bedding,True,home-review.example,False,True,https://home-review.example/best-cooling-bedding
C001198,M2-P007-CH-R2,,,https://forum.example/r/hotsleepers/cooling-sheet-experiences,forum.example,forum,https://forum.example/r/hotsleepers/cooling-sheet-experiences,True,forum.example,False,True,https://forum.example/r/hotsleepers/cooling-sheet-experiences
C000715,M1-P042-AN-R2,,,https://independent-sleep.example/reviews/arcticloom,independent-sleep.example,editorial,https://independent-sleep.example/reviews/arcticloom,True,independent-sleep.example,False,True,https://independent-sleep.example/reviews/arcticloom
C000889,M1-P053-CH-R1,,,https://home-review.example/best-cooling-bedding,home-review.example,editorial,https://home-review.example/best-cooling-bedding,True,home-review.example,False,True,https://home-review.example/best-cooling-bedding
C002030,M2-P054-CH-R1,,,https://forum.example/r/hotsleepers/cooling-sheet-experiences,forum.example,forum,https://forum.example/r/hotsleepers/cooling-sheet-experiences,True,forum.example,False,True,https://forum.example/r/hotsleepers/cooling-sheet-experiences
C001438,M2-P020-SE-R2,,,https://arcticloom.example/collections/cooling-tech,arcticloom.example,owned,https://arcticloom.example/collections/cooling-tech,True,arcticloom.example,False,True,https://arcticloom.example/collections/cooling-tech
C001143,M2-P004-CH-R2,,,https://independent-sleep.example/reviews/arcticloom,independent-sleep.example,editorial,https://independent-sleep.example/reviews/arcticloom,True,independent-sleep.example,False,True,https://independent-sleep.example/reviews/arcticloom
C001699,M2-P033-AN-R2,,,https://sereinsleep.example/products/clean-cooling-sheets,sereinsleep.example,owned,https://sereinsleep.example/products/clean-cooling-sheets,True,sereinsleep.example,False,True,https://sereinsleep.example/products/clean-cooling-sheets
C002138,M2-P060-CH-R2,,,https://home-review.example/best-cooling-bedding,home-review.example,editorial,https://home-review.example/best-cooling-bedding,True,home-review.example,False,True,https://home-review.example/best-cooling-bedding
C001702,M2-P034-CH-R1,,,https://sereinsleep.example/products/clean-cooling-sheets,sereinsleep.example,owned,https://sereinsleep.example/products/clean-cooling-sheets,True,sereinsleep.example,False,True,https://sereinsleep.example/products/clean-cooling-sheets
C001085,M2-P001-SE-R1,,,https://sleep-lab.example/guides/cooling-sheets,sleep-lab.example,editorial,https://sleep-lab.example/guides/cooling-sheets,True,sleep-lab.example,False,True,https://sleep-lab.example/guides/cooling-sheets
C000107,M1-P007-CH-R2,,,https://independent-sleep.example/reviews/arcticloom,independent-sleep.example,editorial,https://independent-sleep.example/reviews/arcticloom,True,independent-sleep.example,False,True,https://independent-sleep.example/reviews/arcticloom
C000284,M1-P017-CH-R2,,,https://forum.example/r/hotsleepers/cooling-sheet-experiences,forum.example,forum,https://forum.example/r/hotsleepers/cooling-sheet-experiences,True,forum.example,False,True,https://forum.example/r/hotsleepers/cooling-sheet-experiences
C000946,M1-P056-SE-R1,,,https://sleep-lab.example/guides/cooling-sheets,sleep-lab.example,editorial,https://sleep-lab.example/guides/cooling-sheets,True,sleep-lab.example,False,True,https://sleep-lab.example/guides/cooling-sheets
C000455,M1-P027-CH-R1,,,https://sereinsleep.example/products/clean-cooling-sheets,sereinsleep.example,owned,https://sereinsleep.example/products/clean-cooling-sheets,True,sereinsleep.example,False,True,https://sereinsleep.example/products/clean-cooling-sheets
C001545,M2-P025-CH-R2,,,https://forum.example/r/hotsleepers/cooling-sheet-experiences,forum.example,forum,https://forum.example/r/hotsleepers/cooling-sheet-experiences,True,forum.example,False,True,https://forum.example/r/hotsleepers/cooling-sheet-experiences
C001803,M2-P040-CH-R1,,,https://independent-sleep.example/reviews/arcticloom,independent-sleep.example,editorial,https://independent-sleep.example/reviews/arcticloom,True,independent-sleep.example,False,True,https://independent-sleep.example/reviews/arcticloom
C001737,M2-P036-CH-R1,,,https://sleep-lab.example/guides/cooling-sheets,sleep-lab.example,editorial,https://sleep-lab.example/guides/cooling-sheets,True,sleep-lab.example,False,True,https://sleep-lab.example/guides/cooling-sheets
C002217,M2-P064-CH-R2,,,https://sleep-lab.example/guides/cooling-sheets,sleep-lab.example,editorial,https://sleep-lab.example/guides/cooling-sheets,True,sleep-lab.example,False,True,https://sleep-lab.example/guides/cooling-sheets
C000132,M1-P008-AN-R2,,,https://independent-sleep.example/reviews/restnest,independent-sleep.example,editorial,https://independent-sleep.example/reviews/restnest,True,independent-sleep.example,False,True,https://independent-sleep.example/reviews/restnest
C000420,M1-P024-AN-R1,,,https://restnest.example/products/value-cooling-set,restnest.example,owned,https://restnest.example/products/value-cooling-set,True,restnest.example,False,True,https://restnest.example/products/value-cooling-set
C000753,M1-P045-SE-R1,,,https://restnest.example/products/value-cooling-set,restnest.example,owned,https://restnest.example/products/value-cooling-set,True,restnest.example,False,True,https://restnest.example/products/value-cooling-set
C001633,M2-P029-SE-R2,,,https://independent-sleep.example/reviews/serein-sleep,independent-sleep.example,editorial,https://independent-sleep.example/reviews/serein-sleep,True,independent-sleep.example,False,True,https://independent-sleep.example/reviews/serein-sleep
C000706,M1-P042-CH-R2,,,https://arcticloom.example/collections/cooling-tech,arcticloom.example,owned,https://arcticloom.example/collections/cooling-tech,True,arcticloom.example,False,True,https://arcticloom.example/collections/cooling-tech
C001589,M2-P027-SE-R1,,,https://independent-sleep.example/reviews/arcticloom,independent-sleep.example,editorial,https://independent-sleep.example/reviews/arcticloom,True,independent-sleep.example,False,True,https://independent-sleep.example/reviews/arcticloom
C002230,M2-P064-AN-R1,,,https://eucalune.example/products/eucalyptus-sheets,eucalune.example,owned,https://eucalune.example/products/eucalyptus-sheets,True,eucalune.example,False,True,https://eucalune.example/products/eucalyptus-sheets
C001318,M2-P013-SE-R2,,,https://independent-sleep.example/reviews/serein-sleep,independent-sleep.example,editorial,https://independent-sleep.example/reviews/serein-sleep,True,independent-sleep.example,False,True,https://independent-sleep.example/reviews/serein-sleep
C001500,M2-P023-CH-R2,,,https://forum.example/r/hotsleepers/cooling-sheet-experiences,forum.example,forum,https://forum.example/r/hotsleepers/cooling-sheet-experiences,True,forum.example,False,True,https://forum.example/r/hotsleepers/cooling-sheet-experiences
C001421,M2-P019-AN-R1,,,https://home-review.example/best-cooling-bedding,home-review.example,editorial,https://home-review.example/best-cooling-bedding,True,home-review.example,False,True,https://home-review.example/best-cooling-bedding
C001591,M2-P027-SE-R1,,,https://independent-sleep.example/reviews/astervale,independent-sleep.example,editorial,https://independent-sleep.example/reviews/astervale,True,independent-sleep.example,False,True,https://independent-sleep.example/reviews/astervale
C001989,M2-P051-SE-R2,,,https://arcticloom.example/collections/cooling-tech,arcticloom.example,owned,https://arcticloom.example/collections/cooling-tech,True,arcticloom.example,False,True,https://arcticloom.example/collections/cooling-tech
C001709,M2-P034-SE-R2,,,https://independent-sleep.example/reviews/arcticloom,independent-sleep.example,editorial,https://independent-sleep.example/reviews/arcticloom,True,independent-sleep.example,False,True,https://independent-sleep.example/reviews/arcticloom
C000232,M1-P014-CH-R2,,,https://independent-sleep.example/reviews/serein-sleep,independent-sleep.example,editorial,https://independent-sleep.example/reviews/serein-sleep,True,independent-sleep.example,False,True,https://independent-sleep.example/reviews/serein-sleep
C001315,M2-P013-SE-R1,,,https://eucalune.example/products/eucalyptus-sheets,eucalune.example,owned,https://eucalune.example/products/eucalyptus-sheets,True,eucalune.example,False,True,https://eucalune.example/products/eucalyptus-sheets
C000115,M1-P007-AN-R2,,,https://sleep-lab.example/guides/cooling-sheets,sleep-lab.example,editorial,https://sleep-lab.example/guides/cooling-sheets,True,sleep-lab.example,False,True,https://sleep-lab.example/guides/cooling-sheets
C001729,M2-P035-SE-R2,,,https://home-review.example/best-cooling-bedding,home-review.example,editorial,https://home-review.example/best-cooling-bedding,True,home-review.example,False,True,https://home-review.example/best-cooling-bedding
C000653,M1-P039-CH-R2,,,https://home-review.example/best-cooling-bedding,home-review.example,editorial,https://home-review.example/best-cooling-bedding,True,home-review.example,False,True,https://home-review.example/best-cooling-bedding
C001541,M2-P024-AN-R2,,,https://sleep-lab.example/guides/cooling-sheets,sleep-lab.example,editorial,https://sleep-lab.example/guides/cooling-sheets,True,sleep-lab.example,False,True,https://sleep-lab.example/guides/cooling-sheets
C001269,M2-P011-CH-R2,,,https://eucalune.example/products/eucalyptus-sheets,eucalune.example,owned,https://eucalune.example/products/eucalyptus-sheets,True,eucalune.example,False,True,https://eucalune.example/products/eucalyptus-sheets
C000337,M1-P020-CH-R1,,,https://sleep-lab.example/guides/cooling-sheets,sleep-lab.example,editorial,https://sleep-lab.example/guides/cooling-sheets,True,sleep-lab.example,False,True,https://sleep-lab.example/guides/cooling-sheets
C001100,M2-P002-CH-R2,,,https://sereinsleep.example/products/clean-cooling-sheets,sereinsleep.example,owned,https://sereinsleep.example/products/clean-cooling-sheets,True,sereinsleep.example,False,True,https://sereinsleep.example/products/clean-cooling-sheets
C000542,M1-P032-CH-R2,,,https://eucalune.example/products/eucalyptus-sheets,eucalune.example,owned,https://eucalune.example/products/eucalyptus-sheets,True,eucalune.example,False,True,https://eucalune.example/products/eucalyptus-sheets
C001024,M1-P061-CH-R2,,,https://sleep-lab.example/guides/cooling-sheets,sleep-lab.example,editorial,https://sleep-lab.example/guides/cooling-sheets,True,sleep-lab.example,False,True,https://sleep-lab.example/guides/cooling-sheets
C000035,M1-P002-AN-R2,,,https://home-review.example/best-cooling-bedding,home-review.example,editorial,https://home-review.example/best-cooling-bedding,True,home-review.example,False,True,https://home-review.example/best-cooling-bedding
C000854,M1-P050-AN-R2,,,https://astervale.example/products/cooling-sheet-set,astervale.example,owned,https://astervale.example/products/cooling-sheet-set,True,astervale.example,False,True,https://astervale.example/products/cooling-sheet-set
C001627,M2-P029-SE-R1,,,https://forum.example/r/hotsleepers/cooling-sheet-experiences,forum.example,forum,https://forum.example/r/hotsleepers/cooling-sheet-experiences,True,forum.example,False,True,https://forum.example/r/hotsleepers/cooling-sheet-experiences
C001236,M2-P009-CH-R2,,,https://arcticloom.example/collections/cooling-tech,arcticloom.example,owned,https://arcticloom.example/collections/cooling-tech,True,arcticloom.example,False,True,https://arcticloom.example/collections/cooling-tech
C001416,M2-P019-CH-R2,,,https://astervale.example/products/cooling-sheet-set,astervale.example,owned,https://astervale.example/products/cooling-sheet-set,True,astervale.example,False,True,https://astervale.example/products/cooling-sheet-set
C000824,M1-P049-CH-R1,,,https://sleep-lab.example/guides/cooling-sheets,sleep-lab.example,editorial,https://sleep-lab.example/guides/cooling-sheets,True,sleep-lab.example,False,True,https://sleep-lab.example/guides/cooling-sheets
C000869,M1-P051-AN-R2,,,https://forum.example/r/hotsleepers/cooling-sheet-experiences,forum.example,forum,https://forum.example/r/hotsleepers/cooling-sheet-experiences,True,forum.example,False,True,https://forum.example/r/hotsleepers/cooling-sheet-experiences
C001588,M2-P027-SE-R1,,,https://sereinsleep.example/products/clean-cooling-sheets,sereinsleep.example,owned,https://sereinsleep.example/products/clean-cooling-sheets,True,sereinsleep.example,False,True,https://sereinsleep.example/products/clean-cooling-sheets
C000524,M1-P031-CH-R2,,,https://independent-sleep.example/reviews/arcticloom,independent-sleep.example,editorial,https://independent-sleep.example/reviews/arcticloom,True,independent-sleep.example,False,True,https://independent-sleep.example/reviews/arcticloom
C000972,M1-P058-SE-R1,,,https://astervale.example/products/cooling-sheet-set,astervale.example,owned,https://astervale.example/products/cooling-sheet-set,True,astervale.example,False,True,https://astervale.example/products/cooling-sheet-set
C001668,M2-P032-CH-R2,,,https://home-review.example/best-cooling-bedding,home-review.example,editorial,https://home-review.example/best-cooling-bedding,True,home-review.example,False,True,https://home-review.example/best-cooling-bedding
C001278,M2-P011-SE-R2,,,https://eucalune.example/products/eucalyptus-sheets,eucalune.example,owned,https://eucalune.example/products/eucalyptus-sheets,True,eucalune.example,False,True,https://eucalune.example/products/eucalyptus-sheets
C000727,M1-P043-AN-R2,,,https://sleep-lab.example/guides/cooling-sheets,sleep-lab.example,editorial,https://sleep-lab.example/guides/cooling-sheets,True,sleep-lab.example,False,True,https://sleep-lab.example/guides/cooling-sheets
C001527,M2-P024-CH-R2,,,https://home-review.example/best-cooling-bedding,home-review.example,editorial,https://home-review.example/best-cooling-bedding,True,home-review.example,False,True,https://home-review.example/best-cooling-bedding
C000780,M1-P046-AN-R2,,,https://independent-sleep.example/reviews/arcticloom,independent-sleep.example,editorial,https://independent-sleep.example/reviews/arcticloom,True,independent-sleep.example,False,True,https://independent-sleep.example/reviews/arcticloom
C001218,M2-P008-SE-R1,,,https://eucalune.example/products/eucalyptus-sheets,eucalune.example,owned,https://eucalune.example/products/eucalyptus-sheets,True,eucalune.example,False,True,https://eucalune.example/products/eucalyptus-sheets
C000819,M1-P048-AN-R1,,,https://independent-sleep.example/reviews/eucalune,independent-sleep.example,editorial,https://independent-sleep.example/reviews/eucalune,True,independent-sleep.example,False,True,https://independent-sleep.example/reviews/eucalune
C000681,M1-P040-SE-R2,,,https://independent-sleep.example/reviews/arcticloom,independent-sleep.example,editorial,https://independent-sleep.example/reviews/arcticloom,True,independent-sleep.example,False,True,https://independent-sleep.example/reviews/arcticloom
C001611,M2-P028-SE-R2,,,https://sleep-lab.example/guides/cooling-sheets,sleep-lab.example,editorial,https://sleep-lab.example/guides/cooling-sheets,True,sleep-lab.example,False,True,https://sleep-lab.example/guides/cooling-sheets
C001200,M2-P007-SE-R1,,,https://sleep-lab.example/guides/cooling-sheets,sleep-lab.example,editorial,https://sleep-lab.example/guides/cooling-sheets,True,sleep-lab.example,False,True,https://sleep-lab.example/guides/cooling-sheets
C000325,M1-P019-SE-R1,,,https://sleep-lab.example/guides/cooling-sheets,sleep-lab.example,editorial,https://sleep-lab.example/guides/cooling-sheets,True,sleep-lab.example,False,True,https://sleep-lab.example/guides/cooling-sheets
C000853,M1-P050-AN-R2,,,https://sleep-lab.example/guides/cooling-sheets,sleep-lab.example,editorial,https://sleep-lab.example/guides/cooling-sheets,True,sleep-lab.example,False,True,https://sleep-lab.example/guides/cooling-sheets
C001037,M1-P062-CH-R2,,,https://forum.example/r/hotsleepers/cooling-sheet-experiences,forum.example,forum,https://forum.example/r/hotsleepers/cooling-sheet-experiences,True,forum.example,False,True,https://forum.example/r/hotsleepers/cooling-sheet-experiences
C001716,M2-P034-AN-R2,,,https://sleep-lab.example/guides/cooling-sheets,sleep-lab.example,editorial,https://sleep-lab.example/guides/cooling-sheets,True,sleep-lab.example,False,True,https://sleep-lab.example/guides/cooling-sheets
C001247,M2-P009-AN-R2,,,https://home-review.example/best-cooling-bedding,home-review.example,editorial,https://home-review.example/best-cooling-bedding,True,home-review.example,False,True,https://home-review.example/best-cooling-bedding
C001529,M2-P024-SE-R1,,,https://home-review.example/best-cooling-bedding,home-review.example,editorial,https://home-review.example/best-cooling-bedding,True,home-review.example,False,True,https://home-review.example/best-cooling-bedding
C000271,M1-P016-CH-R1,,,https://independent-sleep.example/reviews/restnest,independent-sleep.example,editorial,https://independent-sleep.example/reviews/restnest,True,independent-sleep.example,False,True,https://independent-sleep.example/reviews/restnest
C002072,M2-P056-SE-R2,,,https://astervale.example/products/cooling-sheet-set,astervale.example,owned,https://astervale.example/products/cooling-sheet-set,True,astervale.example,False,True,https://astervale.example/products/cooling-sheet-set
C000947,M1-P056-SE-R1,,,https://sereinsleep.example/products/clean-cooling-sheets,sereinsleep.example,owned,https://sereinsleep.example/products/clean-cooling-sheets,True,sereinsleep.example,False,True,https://sereinsleep.example/products/clean-cooling-sheets
C001299,M2-P012-AN-R1,,,https://independent-sleep.example/reviews/serein-sleep,independent-sleep.example,editorial,https://independent-sleep.example/reviews/serein-sleep,True,independent-sleep.example,False,True,https://independent-sleep.example/reviews/serein-sleep
C000803,M1-P048-CH-R1,,,https://sleep-lab.example/guides/cooling-sheets,sleep-lab.example,editorial,https://sleep-lab.example/guides/cooling-sheets,True,sleep-lab.example,False,True,https://sleep-lab.example/guides/cooling-sheets
C002264,M1-P009-AN-R2,,,HTTPS://www.FORUM.EXAMPLE/r/hotsleepers/cooling-sheet-experiences/?utm_source=audit&utm_campaign=m2#section,www.FORUM.EXAMPLE,forum,https://forum.example/r/hotsleepers/cooling-sheet-experiences,True,forum.example,False,True,https://forum.example/r/hotsleepers/cooling-sheet-experiences
C002191,M2-P062-SE-R2,,,https://independent-sleep.example/reviews/serein-sleep,independent-sleep.example,editorial,https://independent-sleep.example/reviews/serein-sleep,True,independent-sleep.example,False,True,https://independent-sleep.example/reviews/serein-sleep
C000814,M1-P048-SE-R2,,,https://home-review.example/best-cooling-bedding,home-review.example,editorial,https://home-review.example/best-cooling-bedding,True,home-review.example,False,True,https://home-review.example/best-cooling-bedding
C001547,M2-P025-CH-R2,,,https://eucalune.example/products/eucalyptus-sheets,eucalune.example,owned,https://eucalune.example/products/eucalyptus-sheets,True,eucalune.example,False,True,https://eucalune.example/products/eucalyptus-sheets
C000001,M1-P001-CH-R1,,,https://sleep-lab.example/guides/cooling-sheets,sleep-lab.example,editorial,https://sleep-lab.example/guides/cooling-sheets,True,sleep-lab.example,False,True,https://sleep-lab.example/guides/cooling-sheets
C000958,M1-P057-CH-R2,,,https://home-review.example/best-cooling-bedding,home-review.example,editorial,https://home-review.example/best-cooling-bedding,True,home-review.example,False,True,https://home-review.example/best-cooling-bedding
C000701,M1-P041-AN-R2,,,https://restnest.example/products/value-cooling-set,restnest.example,owned,https://restnest.example/products/value-cooling-set,True,restnest.example,False,True,https://restnest.example/products/value-cooling-set
C001768,M2-P038-CH-R1,,,https://forum.example/r/hotsleepers/cooling-sheet-experiences,forum.example,forum,https://forum.example/r/hotsleepers/cooling-sheet-experiences,True,forum.example,False,True,https://forum.example/r/hotsleepers/cooling-sheet-experiences
C001422,M2-P019-AN-R1,,,https://independent-sleep.example/reviews/arcticloom,independent-sleep.example,editorial,https://independent-sleep.example/reviews/arcticloom,True,independent-sleep.example,False,True,https://independent-sleep.example/reviews/arcticloom
C000800,M1-P047-AN-R2,,,https://independent-sleep.example/reviews/serein-sleep,independent-sleep.example,editorial,https://independent-sleep.example/reviews/serein-sleep,True,independent-sleep.example,False,True,https://independent-sleep.example/reviews/serein-sleep
C000230,M1-P014-CH-R1,,,https://forum.example/r/hotsleepers/cooling-sheet-experiences,forum.example,forum,https://forum.example/r/hotsleepers/cooling-sheet-experiences,True,forum.example,False,True,https://forum.example/r/hotsleepers/cooling-sheet-experiences
C001091,M2-P001-AN-R1,,,https://sleep-lab.example/guides/cooling-sheets,sleep-lab.example,editorial,https://sleep-lab.example/guides/cooling-sheets,True,sleep-lab.example,False,True,https://sleep-lab.example/guides/cooling-sheets
C000608,M1-P036-SE-R2,,,https://arcticloom.example/collections/cooling-tech,arcticloom.example,owned,https://arcticloom.example/collections/cooling-tech,True,arcticloom.example,False,True,https://arcticloom.example/collections/cooling-tech
C001964,M2-P050-CH-R2,,,https://astervale.example/products/cooling-sheet-set,astervale.example,owned,https://astervale.example/products/cooling-sheet-set,True,astervale.example,False,True,https://astervale.example/products/cooling-sheet-set
C000220,M1-P013-SE-R2,,,https://sleep-lab.example/guides/cooling-sheets,sleep-lab.example,editorial,https://sleep-lab.example/guides/cooling-sheets,True,sleep-lab.example,False,True,https://sleep-lab.example/guides/cooling-sheets
C001482,M2-P022-CH-R2,,,https://sereinsleep.example/products/clean-cooling-sheets,sereinsleep.example,owned,https://sereinsleep.example/products/clean-cooling-sheets,True,sereinsleep.example,False,True,https://sereinsleep.example/products/clean-cooling-sheets
C001808,M2-P040-SE-R1,,,https://sleep-lab.example/guides/cooling-sheets,sleep-lab.example,editorial,https://sleep-lab.example/guides/cooling-sheets,True,sleep-lab.example,False,True,https://sleep-lab.example/guides/cooling-sheets
C000557,M1-P033-AN-R1,,,https://sleep-lab.example/guides/cooling-sheets,sleep-lab.example,editorial,https://sleep-lab.example/guides/cooling-sheets,True,sleep-lab.example,False,True,https://sleep-lab.example/guides/cooling-sheets
C000782,M1-P047-CH-R1,,,https://sleep-lab.example/guides/cooling-sheets,sleep-lab.example,editorial,https://sleep-lab.example/guides/cooling-sheets,True,sleep-lab.example,False,True,https://sleep-lab.example/guides/cooling-sheets
C001052,M1-P063-CH-R1,,,https://sleep-lab.example/guides/cooling-sheets,sleep-lab.example,editorial,https://sleep-lab.example/guides/cooling-sheets,True,sleep-lab.example,False,True,https://sleep-lab.example/guides/cooling-sheets
C000484,M1-P028-AN-R1,,,https://arcticloom.example/collections/cooling-tech,arcticloom.example,owned,https://arcticloom.example/collections/cooling-tech,True,arcticloom.example,False,True,https://arcticloom.example/collections/cooling-tech
C001990,M2-P051-SE-R2,,,https://independent-sleep.example/reviews/restnest,independent-sleep.example,editorial,https://independent-sleep.example/reviews/restnest,True,independent-sleep.example,False,True,https://independent-sleep.example/reviews/restnest
C001550,M2-P025-SE-R1,,,https://arcticloom.example/collections/cooling-tech,arcticloom.example,owned,https://arcticloom.example/collections/cooling-tech,True,arcticloom.example,False,True,https://arcticloom.example/collections/cooling-tech
C002222,M2-P064-SE-R1,,,https://astervale.example/products/cooling-sheet-set,astervale.example,owned,https://astervale.example/products/cooling-sheet-set,True,astervale.example,False,True,https://astervale.example/products/cooling-sheet-set
C000348,M1-P020-SE-R2,,,https://sereinsleep.example/products/clean-cooling-sheets,sereinsleep.example,owned,https://sereinsleep.example/products/clean-cooling-sheets,True,sereinsleep.example,False,True,https://sereinsleep.example/products/clean-cooling-sheets
C002140,M2-P060-CH-R2,,,https://astervale.example/products/cooling-sheet-set,astervale.example,owned,https://astervale.example/products/cooling-sheet-set,True,astervale.example,False,True,https://astervale.example/products/cooling-sheet-set
C002163,M2-P061-CH-R2,,,https://independent-sleep.example/reviews/eucalune,independent-sleep.example,editorial,https://independent-sleep.example/reviews/eucalune,True,independent-sleep.example,False,True,https://independent-sleep.example/reviews/eucalune
C001761,M2-P037-SE-R2,,,https://forum.example/r/hotsleepers/cooling-sheet-experiences,forum.example,forum,https://forum.example/r/hotsleepers/cooling-sheet-experiences,True,forum.example,False,True,https://forum.example/r/hotsleepers/cooling-sheet-experiences
C000350,M1-P020-AN-R1,,,https://forum.example/r/hotsleepers/cooling-sheet-experiences,forum.example,forum,https://forum.example/r/hotsleepers/cooling-sheet-experiences,True,forum.example,False,True,https://forum.example/r/hotsleepers/cooling-sheet-experiences
C002001,M2-P052-CH-R2,,,https://home-review.example/best-cooling-bedding,home-review.example,editorial,https://home-review.example/best-cooling-bedding,True,home-review.example,False,True,https://home-review.example/best-cooling-bedding
C000474,M1-P028-CH-R2,,,https://sereinsleep.example/products/clean-cooling-sheets,sereinsleep.example,owned,https://sereinsleep.example/products/clean-cooling-sheets,True,sereinsleep.example,False,True,https://sereinsleep.example/products/clean-cooling-sheets
C001938,M2-P048-AN-R2,,,https://forum.example/r/hotsleepers/cooling-sheet-experiences,forum.example,forum,https://forum.example/r/hotsleepers/cooling-sheet-experiences,True,forum.example,False,True,https://forum.example/r/hotsleepers/cooling-sheet-experiences
C000712,M1-P042-AN-R1,,,https://forum.example/r/hotsleepers/cooling-sheet-experiences,forum.example,forum,https://forum.example/r/hotsleepers/cooling-sheet-experiences,True,forum.example,False,True,https://forum.example/r/hotsleepers/cooling-sheet-experiences
C000622,M1-P037-CH-R2,,,https://restnest.example/products/value-cooling-set,restnest.example,owned,https://restnest.example/products/value-cooling-set,True,restnest.example,False,True,https://restnest.example/products/value-cooling-set
C000041,M1-P003-CH-R2,,,https://home-review.example/best-cooling-bedding,home-review.example,editorial,https://home-review.example/best-cooling-bedding,True,home-review.example,False,True,https://home-review.example/best-cooling-bedding
C000669,M1-P040-CH-R1,,,https://sleep-lab.example/guides/cooling-sheets,sleep-lab.example,editorial,https://sleep-lab.example/guides/cooling-sheets,True,sleep-lab.example,False,True,https://sleep-lab.example/guides/cooling-sheets
C000388,M1-P022-AN-R1,,,https://independent-sleep.example/reviews/arcticloom,independent-sleep.example,editorial,https://independent-sleep.example/reviews/arcticloom,True,independent-sleep.example,False,True,https://independent-sleep.example/reviews/arcticloom
C001217,M2-P008-SE-R1,,,https://restnest.example/products/value-cooling-set,restnest.example,owned,https://restnest.example/products/value-cooling-set,True,restnest.example,False,True,https://restnest.example/products/value-cooling-set
C000133,M1-P009-CH-R1,,,https://forum.example/r/hotsleepers/cooling-sheet-experiences,forum.example,forum,https://forum.example/r/hotsleepers/cooling-sheet-experiences,True,forum.example,False,True,https://forum.example/r/hotsleepers/cooling-sheet-experiences
C000111,M1-P007-SE-R2,,,https://independent-sleep.example/reviews/eucalune,independent-sleep.example,editorial,https://independent-sleep.example/reviews/eucalune,True,independent-sleep.example,False,True,https://independent-sleep.example/reviews/eucalune
C001131,M2-P003-AN-R1,,,https://restnest.example/products/value-cooling-set,restnest.example,owned,https://restnest.example/products/value-cooling-set,True,restnest.example,False,True,https://restnest.example/products/value-cooling-set
C002135,M2-P060-CH-R1,,,https://restnest.example/products/value-cooling-set,restnest.example,owned,https://restnest.example/products/value-cooling-set,True,restnest.example,False,True,https://restnest.example/products/value-cooling-set
C001174,M2-P006-CH-R1,,,https://sleep-lab.example/guides/cooling-sheets,sleep-lab.example,editorial,https://sleep-lab.example/guides/cooling-sheets,True,sleep-lab.example,False,True,https://sleep-lab.example/guides/cooling-sheets
C000368,M1-P021-SE-R2,,,https://eucalune.example/products/eucalyptus-sheets,eucalune.example,owned,https://eucalune.example/products/eucalyptus-sheets,True,eucalune.example,False,True,https://eucalune.example/products/eucalyptus-sheets
C001222,M2-P008-SE-R2,,,https://arcticloom.example/collections/cooling-tech,arcticloom.example,owned,https://arcticloom.example/collections/cooling-tech,True,arcticloom.example,False,True,https://arcticloom.example/collections/cooling-tech
C001935,M2-P048-SE-R2,,,https://restnest.example/products/value-cooling-set,restnest.example,owned,https://restnest.example/products/value-cooling-set,True,restnest.example,False,True,https://restnest.example/products/value-cooling-set
C001441,M2-P020-AN-R1,,,https://forum.example/r/hotsleepers/cooling-sheet-experiences,forum.example,forum,https://forum.example/r/hotsleepers/cooling-sheet-experiences,True,forum.example,False,True,https://forum.example/r/hotsleepers/cooling-sheet-experiences
C001474,M2-P021-AN-R2,,,https://eucalune.example/products/eucalyptus-sheets,eucalune.example,owned,https://eucalune.example/products/eucalyptus-sheets,True,eucalune.example,False,True,https://eucalune.example/products/eucalyptus-sheets
C002000,M2-P052-CH-R1,,,https://astervale.example/products/cooling-sheet-set,astervale.example,owned,https://astervale.example/products/cooling-sheet-set,True,astervale.example,False,True,https://astervale.example/products/cooling-sheet-set
C000364,M1-P021-SE-R1,,,https://restnest.example/products/value-cooling-set,restnest.example,owned,https://restnest.example/products/value-cooling-set,True,restnest.example,False,True,https://restnest.example/products/value-cooling-set
C000821,M1-P048-AN-R2,,,https://restnest.example/products/value-cooling-set,restnest.example,owned,https://restnest.example/products/value-cooling-set,True,restnest.example,False,True,https://restnest.example/products/value-cooling-set
C001868,M2-P044-SE-R2,,,https://sereinsleep.example/products/clean-cooling-sheets,sereinsleep.example,owned,https://sereinsleep.example/products/clean-cooling-sheets,True,sereinsleep.example,False,True,https://sereinsleep.example/products/clean-cooling-sheets
C002128,M2-P059-AN-R2,,,https://sleep-lab.example/guides/cooling-sheets,sleep-lab.example,editorial,https://sleep-lab.example/guides/cooling-sheets,True,sleep-lab.example,False,True,https://sleep-lab.example/guides/cooling-sheets
C001836,M2-P042-SE-R2,,,https://forum.example/r/hotsleepers/cooling-sheet-experiences,forum.example,forum,https://forum.example/r/hotsleepers/cooling-sheet-experiences,True,forum.example,False,True,https://forum.example/r/hotsleepers/cooling-sheet-experiences
C001032,M1-P061-AN-R2,,,https://astervale.example/products/cooling-sheet-set,astervale.example,owned,https://astervale.example/products/cooling-sheet-set,True,astervale.example,False,True,https://astervale.example/products/cooling-sheet-set
C000254,M1-P015-CH-R1,,,https://independent-sleep.example/reviews/astervale,independent-sleep.example,editorial,https://independent-sleep.example/reviews/astervale,True,independent-sleep.example,False,True,https://independent-sleep.example/reviews/astervale
C000357,M1-P021-CH-R1,,,https://home-review.example/best-cooling-bedding,home-review.example,editorial,https://home-review.example/best-cooling-bedding,True,home-review.example,False,True,https://home-review.example/best-cooling-bedding
C001300,M2-P012-AN-R2,,,https://forum.example/r/hotsleepers/cooling-sheet-experiences,forum.example,forum,https://forum.example/r/hotsleepers/cooling-sheet-experiences,True,forum.example,False,True,https://forum.example/r/hotsleepers/cooling-sheet-experiences
C001435,M2-P020-SE-R1,,,https://restnest.example/products/value-cooling-set,restnest.example,owned,https://restnest.example/products/value-cooling-set,True,restnest.example,False,True,https://restnest.example/products/value-cooling-set
C000450,M1-P026-SE-R2,,,https://home-review.example/best-cooling-bedding,home-review.example,editorial,https://home-review.example/best-cooling-bedding,True,home-review.example,False,True,https://home-review.example/best-cooling-bedding
C001844,M2-P042-AN-R2,,,https://eucalune.example/products/eucalyptus-sheets,eucalune.example,owned,https://eucalune.example/products/eucalyptus-sheets,True,eucalune.example,False,True,https://eucalune.example/products/eucalyptus-sheets
C000381,M1-P022-SE-R1,,,https://independent-sleep.example/reviews/eucalune,independent-sleep.example,editorial,https://independent-sleep.example/reviews/eucalune,True,independent-sleep.example,False,True,https://independent-sleep.example/reviews/eucalune
C001661,M2-P031-SE-R2,,,https://independent-sleep.example/reviews/eucalune,independent-sleep.example,editorial,https://independent-sleep.example/reviews/eucalune,True,independent-sleep.example,False,True,https://independent-sleep.example/reviews/eucalune
C001946,M2-P049-SE-R1,,,https://home-review.example/best-cooling-bedding,home-review.example,editorial,https://home-review.example/best-cooling-bedding,True,home-review.example,False,True,https://home-review.example/best-cooling-bedding
C001534,M2-P024-SE-R2,,,https://independent-sleep.example/reviews/eucalune,independent-sleep.example,editorial,https://independent-sleep.example/reviews/eucalune,True,independent-sleep.example,False,True,https://independent-sleep.example/reviews/eucalune
C000751,M1-P045-SE-R1,,,https://forum.example/r/hotsleepers/cooling-sheet-experiences,forum.example,forum,https://forum.example/r/hotsleepers/cooling-sheet-experiences,True,forum.example,False,True,https://forum.example/r/hotsleepers/cooling-sheet-experiences
C002059,M2-P055-AN-R1,,,https://home-review.example/best-cooling-bedding,home-review.example,editorial,https://home-review.example/best-cooling-bedding,True,home-review.example,False,True,https://home-review.example/best-cooling-bedding
C000771,M1-P046-SE-R1,,,https://independent-sleep.example/reviews/restnest,independent-sleep.example,editorial,https://independent-sleep.example/reviews/restnest,True,independent-sleep.example,False,True,https://independent-sleep.example/reviews/restnest
C000244,M1-P014-AN-R1,,,https://sereinsleep.example/products/clean-cooling-sheets,sereinsleep.example,owned,https://sereinsleep.example/products/clean-cooling-sheets,True,sereinsleep.example,False,True,https://sereinsleep.example/products/clean-cooling-sheets
C002016,M2-P053-CH-R2,,,https://sleep-lab.example/guides/cooling-sheets,sleep-lab.example,editorial,https://sleep-lab.example/guides/cooling-sheets,True,sleep-lab.example,False,True,https://sleep-lab.example/guides/cooling-sheets
C001963,M2-P050-CH-R2,,,https://home-review.example/best-cooling-bedding,home-review.example,editorial,https://home-review.example/best-cooling-bedding,True,home-review.example,False,True,https://home-review.example/best-cooling-bedding
C000729,M1-P044-CH-R1,,,https://forum.example/r/hotsleepers/cooling-sheet-experiences,forum.example,forum,https://forum.example/r/hotsleepers/cooling-sheet-experiences,True,forum.example,False,True,https://forum.example/r/hotsleepers/cooling-sheet-experiences
C000436,M1-P025-SE-R2,,,https://independent-sleep.example/reviews/serein-sleep,independent-sleep.example,editorial,https://independent-sleep.example/reviews/serein-sleep,True,independent-sleep.example,False,True,https://independent-sleep.example/reviews/serein-sleep
C001752,M2-P037-CH-R1,,,https://arcticloom.example/collections/cooling-tech,arcticloom.example,owned,https://arcticloom.example/collections/cooling-tech,True,arcticloom.example,False,True,https://arcticloom.example/collections/cooling-tech
C001765,M2-P037-AN-R1,,,https://independent-sleep.example/reviews/serein-sleep,independent-sleep.example,editorial,https://independent-sleep.example/reviews/serein-sleep,True,independent-sleep.example,False,True,https://independent-sleep.example/reviews/serein-sleep
C001165,M2-P005-SE-R1,,,https://home-review.example/best-cooling-bedding,home-review.example,editorial,https://home-review.example/best-cooling-bedding,True,home-review.example,False,True,https://home-review.example/best-cooling-bedding
C001802,M2-P040-CH-R1,,,https://forum.example/r/hotsleepers/cooling-sheet-experiences,forum.example,forum,https://forum.example/r/hotsleepers/cooling-sheet-experiences,True,forum.example,False,True,https://forum.example/r/hotsleepers/cooling-sheet-experiences
C000584,M1-P035-CH-R1,,,https://forum.example/r/hotsleepers/cooling-sheet-experiences,forum.example,forum,https://forum.example/r/hotsleepers/cooling-sheet-experiences,True,forum.example,False,True,https://forum.example/r/hotsleepers/cooling-sheet-experiences
C001983,M2-P051-SE-R1,,,https://astervale.example/products/cooling-sheet-set,astervale.example,owned,https://astervale.example/products/cooling-sheet-set,True,astervale.example,False,True,https://astervale.example/products/cooling-sheet-set
C001124,M2-P003-CH-R2,,,https://astervale.example/products/cooling-sheet-set,astervale.example,owned,https://astervale.example/products/cooling-sheet-set,True,astervale.example,False,True,https://astervale.example/products/cooling-sheet-set
C001288,M2-P012-CH-R1,,,https://home-review.example/best-cooling-bedding,home-review.example,editorial,https://home-review.example/best-cooling-bedding,True,home-review.example,False,True,https://home-review.example/best-cooling-bedding
C001902,M2-P046-AN-R1,,,https://eucalune.example/products/eucalyptus-sheets,eucalune.example,owned,https://eucalune.example/products/eucalyptus-sheets,True,eucalune.example,False,True,https://eucalune.example/products/eucalyptus-sheets
C000256,M1-P015-CH-R2,,,https://home-review.example/best-cooling-bedding,home-review.example,editorial,https://home-review.example/best-cooling-bedding,True,home-review.example,False,True,https://home-review.example/best-cooling-bedding
C000399,M1-P023-SE-R1,,,https://sereinsleep.example/products/clean-cooling-sheets,sereinsleep.example,owned,https://sereinsleep.example/products/clean-cooling-sheets,True,sereinsleep.example,False,True,https://sereinsleep.example/products/clean-cooling-sheets
C001008,M1-P060-SE-R2,,,https://forum.example/r/hotsleepers/cooling-sheet-experiences,forum.example,forum,https://forum.example/r/hotsleepers/cooling-sheet-experiences,True,forum.example,False,True,https://forum.example/r/hotsleepers/cooling-sheet-experiences
C001587,M2-P027-SE-R1,,,https://forum.example/r/hotsleepers/cooling-sheet-experiences,forum.example,forum,https://forum.example/r/hotsleepers/cooling-sheet-experiences,True,forum.example,False,True,https://forum.example/r/hotsleepers/cooling-sheet-experiences
C000583,M1-P035-CH-R1,,,https://home-review.example/best-cooling-bedding,home-review.example,editorial,https://home-review.example/best-cooling-bedding,True,home-review.example,False,True,https://home-review.example/best-cooling-bedding
C001306,M2-P013-CH-R1,,,https://sereinsleep.example/products/clean-cooling-sheets,sereinsleep.example,owned,https://sereinsleep.example/products/clean-cooling-sheets,True,sereinsleep.example,False,True,https://sereinsleep.example/products/clean-cooling-sheets
C001916,M2-P047-SE-R1,,,https://independent-sleep.example/reviews/arcticloom,independent-sleep.example,editorial,https://independent-sleep.example/reviews/arcticloom,True,independent-sleep.example,False,True,https://independent-sleep.example/reviews/arcticloom
C002004,M2-P052-CH-R2,,,https://independent-sleep.example/reviews/serein-sleep,independent-sleep.example,editorial,https://independent-sleep.example/reviews/serein-sleep,True,independent-sleep.example,False,True,https://independent-sleep.example/reviews/serein-sleep
C000921,M1-P054-AN-R1,,,https://independent-sleep.example/reviews/arcticloom,independent-sleep.example,editorial,https://independent-sleep.example/reviews/arcticloom,True,independent-sleep.example,False,True,https://independent-sleep.example/reviews/arcticloom
C001987,M2-P051-SE-R2,,,https://home-review.example/best-cooling-bedding,home-review.example,editorial,https://home-review.example/best-cooling-bedding,True,home-review.example,False,True,https://home-review.example/best-cooling-bedding
C000562,M1-P033-AN-R2,,,https://home-review.example/best-cooling-bedding,home-review.example,editorial,https://home-review.example/best-cooling-bedding,True,home-review.example,False,True,https://home-review.example/best-cooling-bedding
C001201,M2-P007-SE-R1,,,https://astervale.example/products/cooling-sheet-set,astervale.example,owned,https://astervale.example/products/cooling-sheet-set,True,astervale.example,False,True,https://astervale.example/products/cooling-sheet-set
C001861,M2-P044-CH-R1,,,https://eucalune.example/products/eucalyptus-sheets,eucalune.example,owned,https://eucalune.example/products/eucalyptus-sheets,True,eucalune.example,False,True,https://eucalune.example/products/eucalyptus-sheets
C000351,M1-P020-AN-R1,,,https://arcticloom.example/collections/cooling-tech,arcticloom.example,owned,https://arcticloom.example/collections/cooling-tech,True,arcticloom.example,False,True,https://arcticloom.example/collections/cooling-tech
C000935,M1-P055-SE-R2,,,https://forum.example/r/hotsleepers/cooling-sheet-experiences,forum.example,forum,https://forum.example/r/hotsleepers/cooling-sheet-experiences,True,forum.example,False,True,https://forum.example/r/hotsleepers/cooling-sheet-experiences
C000441,M1-P026-CH-R1,,,https://sleep-lab.example/guides/cooling-sheets,sleep-lab.example,editorial,https://sleep-lab.example/guides/cooling-sheets,True,sleep-lab.example,False,True,https://sleep-lab.example/guides/cooling-sheets
C000974,M1-P058-SE-R1,,,https://independent-sleep.example/reviews/arcticloom,independent-sleep.example,editorial,https://independent-sleep.example/reviews/arcticloom,True,independent-sleep.example,False,True,https://independent-sleep.example/reviews/arcticloom
C000907,M1-P054-CH-R1,,,https://sleep-lab.example/guides/cooling-sheets,sleep-lab.example,editorial,https://sleep-lab.example/guides/cooling-sheets,True,sleep-lab.example,False,True,https://sleep-lab.example/guides/cooling-sheets
C002028,M2-P053-AN-R1,,,https://sereinsleep.example/products/clean-cooling-sheets,sereinsleep.example,owned,https://sereinsleep.example/products/clean-cooling-sheets,True,sereinsleep.example,False,True,https://sereinsleep.example/products/clean-cooling-sheets
C001046,M1-P062-AN-R1,,,https://restnest.example/products/value-cooling-set,restnest.example,owned,https://restnest.example/products/value-cooling-set,True,restnest.example,False,True,https://restnest.example/products/value-cooling-set
C002209,M2-P063-AN-R2,,,https://sleep-lab.example/guides/cooling-sheets,sleep-lab.example,editorial,https://sleep-lab.example/guides/cooling-sheets,True,sleep-lab.example,False,True,https://sleep-lab.example/guides/cooling-sheets
C000264,M1-P015-AN-R1,,,https://independent-sleep.example/reviews/serein-sleep,independent-sleep.example,editorial,https://independent-sleep.example/reviews/serein-sleep,True,independent-sleep.example,False,True,https://independent-sleep.example/reviews/serein-sleep
C001434,M2-P020-SE-R1,,,https://sereinsleep.example/products/clean-cooling-sheets,sereinsleep.example,owned,https://sereinsleep.example/products/clean-cooling-sheets,True,sereinsleep.example,False,True,https://sereinsleep.example/products/clean-cooling-sheets
C002219,M2-P064-CH-R2,,,https://independent-sleep.example/reviews/serein-sleep,independent-sleep.example,editorial,https://independent-sleep.example/reviews/serein-sleep,True,independent-sleep.example,False,True,https://independent-sleep.example/reviews/serein-sleep
C001057,M1-P063-SE-R1,,,https://astervale.example/products/cooling-sheet-set,astervale.example,owned,https://astervale.example/products/cooling-sheet-set,True,astervale.example,False,True,https://astervale.example/products/cooling-sheet-set
C000926,M1-P055-CH-R1,,,https://astervale.example/products/cooling-sheet-set,astervale.example,owned,https://astervale.example/products/cooling-sheet-set,True,astervale.example,False,True,https://astervale.example/products/cooling-sheet-set
C001365,M2-P016-AN-R1,,,https://forum.example/r/hotsleepers/cooling-sheet-experiences,forum.example,forum,https://forum.example/r/hotsleepers/cooling-sheet-experiences,True,forum.example,False,True,https://forum.example/r/hotsleepers/cooling-sheet-experiences
C001457,M2-P021-CH-R2,,,https://forum.example/r/hotsleepers/cooling-sheet-experiences,forum.example,forum,https://forum.example/r/hotsleepers/cooling-sheet-experiences,True,forum.example,False,True,https://forum.example/r/hotsleepers/cooling-sheet-experiences
C000279,M1-P016-AN-R2,,,https://home-review.example/best-cooling-bedding,home-review.example,editorial,https://home-review.example/best-cooling-bedding,True,home-review.example,False,True,https://home-review.example/best-cooling-bedding
C001533,M2-P024-SE-R2,,,https://eucalune.example/products/eucalyptus-sheets,eucalune.example,owned,https://eucalune.example/products/eucalyptus-sheets,True,eucalune.example,False,True,https://eucalune.example/products/eucalyptus-sheets
C001095,M2-P001-AN-R2,,,https://eucalune.example/products/eucalyptus-sheets,eucalune.example,owned,https://eucalune.example/products/eucalyptus-sheets,True,eucalune.example,False,True,https://eucalune.example/products/eucalyptus-sheets
C002210,M2-P063-AN-R2,,,https://forum.example/r/hotsleepers/cooling-sheet-experiences,forum.example,forum,https://forum.example/r/hotsleepers/cooling-sheet-experiences,True,forum.example,False,True,https://forum.example/r/hotsleepers/cooling-sheet-experiences
C001128,M2-P003-SE-R2,,,https://forum.example/r/hotsleepers/cooling-sheet-experiences,forum.example,forum,https://forum.example/r/hotsleepers/cooling-sheet-experiences,True,forum.example,False,True,https://forum.example/r/hotsleepers/cooling-sheet-experiences
C001559,M2-P025-AN-R2,,,https://arcticloom.example/collections/cooling-tech,arcticloom.example,owned,https://arcticloom.example/collections/cooling-tech,True,arcticloom.example,False,True,https://arcticloom.example/collections/cooling-tech
C001164,M2-P005-SE-R1,,,https://sleep-lab.example/guides/cooling-sheets,sleep-lab.example,editorial,https://sleep-lab.example/guides/cooling-sheets,True,sleep-lab.example,False,True,https://sleep-lab.example/guides/cooling-sheets
C001403,M2-P018-AN-R1,,,https://home-review.example/best-cooling-bedding,home-review.example,editorial,https://home-review.example/best-cooling-bedding,True,home-review.example,False,True,https://home-review.example/best-cooling-bedding
C002117,M2-P059-CH-R1,,,https://astervale.example/products/cooling-sheet-set,astervale.example,owned,https://astervale.example/products/cooling-sheet-set,True,astervale.example,False,True,https://astervale.example/products/cooling-sheet-set
C001287,M2-P012-CH-R1,,,https://sleep-lab.example/guides/cooling-sheets,sleep-lab.example,editorial,https://sleep-lab.example/guides/cooling-sheets,True,sleep-lab.example,False,True,https://sleep-lab.example/guides/cooling-sheets
C000260,M1-P015-SE-R1,,,https://sleep-lab.example/guides/cooling-sheets,sleep-lab.example,editorial,https://sleep-lab.example/guides/cooling-sheets,True,sleep-lab.example,False,True,https://sleep-lab.example/guides/cooling-sheets
C001368,M2-P016-AN-R1,,,https://sereinsleep.example/products/clean-cooling-sheets,sereinsleep.example,owned,https://sereinsleep.example/products/clean-cooling-sheets,True,sereinsleep.example,False,True,https://sereinsleep.example/products/clean-cooling-sheets
C001011,M1-P060-SE-R2,,,https://restnest.example/products/value-cooling-set,restnest.example,owned,https://restnest.example/products/value-cooling-set,True,restnest.example,False,True,https://restnest.example/products/value-cooling-set
C000750,M1-P045-CH-R2,,,https://arcticloom.example/collections/cooling-tech,arcticloom.example,owned,https://arcticloom.example/collections/cooling-tech,True,arcticloom.example,False,True,https://arcticloom.example/collections/cooling-tech
C002205,M2-P063-SE-R1,,,https://sleep-lab.example/guides/cooling-sheets,sleep-lab.example,editorial,https://sleep-lab.example/guides/cooling-sheets,True,sleep-lab.example,False,True,https://sleep-lab.example/guides/cooling-sheets
C001607,M2-P028-SE-R1,,,https://home-review.example/best-cooling-bedding,home-review.example,editorial,https://home-review.example/best-cooling-bedding,True,home-review.example,False,True,https://home-review.example/best-cooling-bedding
C001773,M2-P038-CH-R2,,,https://home-review.example/best-cooling-bedding,home-review.example,editorial,https://home-review.example/best-cooling-bedding,True,home-review.example,False,True,https://home-review.example/best-cooling-bedding
C000363,M1-P021-SE-R1,,,https://independent-sleep.example/reviews/eucalune,independent-sleep.example,editorial,https://independent-sleep.example/reviews/eucalune,True,independent-sleep.example,False,True,https://independent-sleep.example/reviews/eucalune
C001860,M2-P044-CH-R1,,,https://sleep-lab.example/guides/cooling-sheets,sleep-lab.example,editorial,https://sleep-lab.example/guides/cooling-sheets,True,sleep-lab.example,False,True,https://sleep-lab.example/guides/cooling-sheets
C001846,M2-P043-CH-R1,,,https://forum.example/r/hotsleepers/cooling-sheet-experiences,forum.example,forum,https://forum.example/r/hotsleepers/cooling-sheet-experiences,True,forum.example,False,True,https://forum.example/r/hotsleepers/cooling-sheet-experiences
C000018,M1-P002-CH-R1,,,https://sleep-lab.example/guides/cooling-sheets,sleep-lab.example,editorial,https://sleep-lab.example/guides/cooling-sheets,True,sleep-lab.example,False,True,https://sleep-lab.example/guides/cooling-sheets
C001988,M2-P051-SE-R2,,,https://astervale.example/products/cooling-sheet-set,astervale.example,owned,https://astervale.example/products/cooling-sheet-set,True,astervale.example,False,True,https://astervale.example/products/cooling-sheet-set
C000253,M1-P015-CH-R1,,,https://astervale.example/products/cooling-sheet-set,astervale.example,owned,https://astervale.example/products/cooling-sheet-set,True,astervale.example,False,True,https://astervale.example/products/cooling-sheet-set
C000939,M1-P055-AN-R2,,,https://forum.example/r/hotsleepers/cooling-sheet-experiences,forum.example,forum,https://forum.example/r/hotsleepers/cooling-sheet-experiences,True,forum.example,False,True,https://forum.example/r/hotsleepers/cooling-sheet-experiences
C001664,M2-P031-AN-R1,,,https://arcticloom.example/collections/cooling-tech,arcticloom.example,owned,https://arcticloom.example/collections/cooling-tech,True,arcticloom.example,False,True,https://arcticloom.example/collections/cooling-tech
C001834,M2-P042-SE-R1,,,https://sereinsleep.example/products/clean-cooling-sheets,sereinsleep.example,owned,https://sereinsleep.example/products/clean-cooling-sheets,True,sereinsleep.example,False,True,https://sereinsleep.example/products/clean-cooling-sheets
C000737,M1-P044-SE-R1,,,https://sleep-lab.example/guides/cooling-sheets,sleep-lab.example,editorial,https://sleep-lab.example/guides/cooling-sheets,True,sleep-lab.example,False,True,https://sleep-lab.example/guides/cooling-sheets
C000700,M1-P041-AN-R2,,,https://sereinsleep.example/products/clean-cooling-sheets,sereinsleep.example,owned,https://sereinsleep.example/products/clean-cooling-sheets,True,sereinsleep.example,False,True,https://sereinsleep.example/products/clean-cooling-sheets
C002203,M2-P063-CH-R2,,,https://forum.example/r/hotsleepers/cooling-sheet-experiences,forum.example,forum,https://forum.example/r/hotsleepers/cooling-sheet-experiences,True,forum.example,False,True,https://forum.example/r/hotsleepers/cooling-sheet-experiences
C001394,M2-P018-CH-R2,,,https://home-review.example/best-cooling-bedding,home-review.example,editorial,https://home-review.example/best-cooling-bedding,True,home-review.example,False,True,https://home-review.example/best-cooling-bedding
C001720,M2-P035-CH-R2,,,https://home-review.example/best-cooling-bedding,home-review.example,editorial,https://home-review.example/best-cooling-bedding,True,home-review.example,False,True,https://home-review.example/best-cooling-bedding
C000567,M1-P034-CH-R2,,,https://sereinsleep.example/products/clean-cooling-sheets,sereinsleep.example,owned,https://sereinsleep.example/products/clean-cooling-sheets,True,sereinsleep.example,False,True,https://sereinsleep.example/products/clean-cooling-sheets
C001875,M2-P045-SE-R1,,,https://home-review.example/best-cooling-bedding,home-review.example,editorial,https://home-review.example/best-cooling-bedding,True,home-review.example,False,True,https://home-review.example/best-cooling-bedding
C000159,M1-P010-CH-R2,,,https://eucalune.example/products/eucalyptus-sheets,eucalune.example,owned,https://eucalune.example/products/eucalyptus-sheets,True,eucalune.example,False,True,https://eucalune.example/products/eucalyptus-sheets
C000990,M1-P059-SE-R2,,,https://arcticloom.example/collections/cooling-tech,arcticloom.example,owned,https://arcticloom.example/collections/cooling-tech,True,arcticloom.example,False,True,https://arcticloom.example/collections/cooling-tech
C000331,M1-P019-SE-R2,,,https://eucalune.example/products/eucalyptus-sheets,eucalune.example,owned,https://eucalune.example/products/eucalyptus-sheets,True,eucalune.example,False,True,https://eucalune.example/products/eucalyptus-sheets
C001708,M2-P034-SE-R2,,,https://home-review.example/best-cooling-bedding,home-review.example,editorial,https://home-review.example/best-cooling-bedding,True,home-review.example,False,True,https://home-review.example/best-cooling-bedding
C001555,M2-P025-AN-R1,,,https://sleep-lab.example/guides/cooling-sheets,sleep-lab.example,editorial,https://sleep-lab.example/guides/cooling-sheets,True,sleep-lab.example,False,True,https://sleep-lab.example/guides/cooling-sheets
C002134,M2-P060-CH-R1,,,https://astervale.example/products/cooling-sheet-set,astervale.example,owned,https://astervale.example/products/cooling-sheet-set,True,astervale.example,False,True,https://astervale.example/products/cooling-sheet-set
C000373,M1-P021-AN-R1,,,https://arcticloom.example/collections/cooling-tech,arcticloom.example,owned,https://arcticloom.example/collections/cooling-tech,True,arcticloom.example,False,True,https://arcticloom.example/collections/cooling-tech
C001038,M1-P062-SE-R1,,,https://forum.example/r/hotsleepers/cooling-sheet-experiences,forum.example,forum,https://forum.example/r/hotsleepers/cooling-sheet-experiences,True,forum.example,False,True,https://forum.example/r/hotsleepers/cooling-sheet-experiences
C001471,M2-P021-AN-R1,,,https://independent-sleep.example/reviews/serein-sleep,independent-sleep.example,editorial,https://independent-sleep.example/reviews/serein-sleep,True,independent-sleep.example,False,True,https://independent-sleep.example/reviews/serein-sleep
C000038,M1-P003-CH-R1,,,https://home-review.example/best-cooling-bedding,home-review.example,editorial,https://home-review.example/best-cooling-bedding,True,home-review.example,False,True,https://home-review.example/best-cooling-bedding
C001913,M2-P047-CH-R2,,,https://sereinsleep.example/products/clean-cooling-sheets,sereinsleep.example,owned,https://sereinsleep.example/products/clean-cooling-sheets,True,sereinsleep.example,False,True,https://sereinsleep.example/products/clean-cooling-sheets
C001358,M2-P016-CH-R2,,,https://independent-sleep.example/reviews/eucalune,independent-sleep.example,editorial,https://independent-sleep.example/reviews/eucalune,True,independent-sleep.example,False,True,https://independent-sleep.example/reviews/eucalune
C001258,M2-P010-SE-R2,,,https://sleep-lab.example/guides/cooling-sheets,sleep-lab.example,editorial,https://sleep-lab.example/guides/cooling-sheets,True,sleep-lab.example,False,True,https://sleep-lab.example/guides/cooling-sheets
C000937,M1-P055-AN-R1,,,https://sleep-lab.example/guides/cooling-sheets,sleep-lab.example,editorial,https://sleep-lab.example/guides/cooling-sheets,True,sleep-lab.example,False,True,https://sleep-lab.example/guides/cooling-sheets
C000673,M1-P040-CH-R1,,,https://independent-sleep.example/reviews/restnest,independent-sleep.example,editorial,https://independent-sleep.example/reviews/restnest,True,independent-sleep.example,False,True,https://independent-sleep.example/reviews/restnest
C001967,M2-P050-SE-R2,,,https://forum.example/r/hotsleepers/cooling-sheet-experiences,forum.example,forum,https://forum.example/r/hotsleepers/cooling-sheet-experiences,True,forum.example,False,True,https://forum.example/r/hotsleepers/cooling-sheet-experiences
C000537,M1-P032-CH-R1,,,https://home-review.example/best-cooling-bedding,home-review.example,editorial,https://home-review.example/best-cooling-bedding,True,home-review.example,False,True,https://home-review.example/best-cooling-bedding
C000143,M1-P009-SE-R1,,,https://independent-sleep.example/reviews/serein-sleep,independent-sleep.example,editorial,https://independent-sleep.example/reviews/serein-sleep,True,independent-sleep.example,False,True,https://independent-sleep.example/reviews/serein-sleep
C000942,M1-P056-CH-R1,,,https://independent-sleep.example/reviews/serein-sleep,independent-sleep.example,editorial,https://independent-sleep.example/reviews/serein-sleep,True,independent-sleep.example,False,True,https://independent-sleep.example/reviews/serein-sleep
C001330,M2-P014-SE-R1,,,https://sleep-lab.example/guides/cooling-sheets,sleep-lab.example,editorial,https://sleep-lab.example/guides/cooling-sheets,True,sleep-lab.example,False,True,https://sleep-lab.example/guides/cooling-sheets
C000104,M1-P007-CH-R1,,,https://forum.example/r/hotsleepers/cooling-sheet-experiences,forum.example,forum,https://forum.example/r/hotsleepers/cooling-sheet-experiences,True,forum.example,False,True,https://forum.example/r/hotsleepers/cooling-sheet-experiences
C000042,M1-P003-CH-R2,,,https://sleep-lab.example/guides/cooling-sheets,sleep-lab.example,editorial,https://sleep-lab.example/guides/cooling-sheets,True,sleep-lab.example,False,True,https://sleep-lab.example/guides/cooling-sheets
C000855,M1-P051-CH-R1,,,https://home-review.example/best-cooling-bedding,home-review.example,editorial,https://home-review.example/best-cooling-bedding,True,home-review.example,False,True,https://home-review.example/best-cooling-bedding
C001084,M2-P001-CH-R2,,,https://independent-sleep.example/reviews/serein-sleep,independent-sleep.example,editorial,https://independent-sleep.example/reviews/serein-sleep,True,independent-sleep.example,False,True,https://independent-sleep.example/reviews/serein-sleep
C000659,M1-P039-SE-R1,,,https://independent-sleep.example/reviews/arcticloom,independent-sleep.example,editorial,https://independent-sleep.example/reviews/arcticloom,True,independent-sleep.example,False,True,https://independent-sleep.example/reviews/arcticloom
C001831,M2-P042-CH-R2,,,https://independent-sleep.example/reviews/serein-sleep,independent-sleep.example,editorial,https://independent-sleep.example/reviews/serein-sleep,True,independent-sleep.example,False,True,https://independent-sleep.example/reviews/serein-sleep
C001305,M2-P013-CH-R1,,,https://sleep-lab.example/guides/cooling-sheets,sleep-lab.example,editorial,https://sleep-lab.example/guides/cooling-sheets,True,sleep-lab.example,False,True,https://sleep-lab.example/guides/cooling-sheets
C001713,M2-P034-AN-R1,,,https://home-review.example/best-cooling-bedding,home-review.example,editorial,https://home-review.example/best-cooling-bedding,True,home-review.example,False,True,https://home-review.example/best-cooling-bedding
C002094,M2-P058-CH-R1,,,https://sleep-lab.example/guides/cooling-sheets,sleep-lab.example,editorial,https://sleep-lab.example/guides/cooling-sheets,True,sleep-lab.example,False,True,https://sleep-lab.example/guides/cooling-sheets
C000295,M1-P017-AN-R1,,,https://restnest.example/products/value-cooling-set,restnest.example,owned,https://restnest.example/products/value-cooling-set,True,restnest.example,False,True,https://restnest.example/products/value-cooling-set
C001975,M2-P051-CH-R1,,,https://home-review.example/best-cooling-bedding,home-review.example,editorial,https://home-review.example/best-cooling-bedding,True,home-review.example,False,True,https://home-review.example/best-cooling-bedding
C000696,M1-P041-SE-R2,,,https://sleep-lab.example/guides/cooling-sheets,sleep-lab.example,editorial,https://sleep-lab.example/guides/cooling-sheets,True,sleep-lab.example,False,True,https://sleep-lab.example/guides/cooling-sheets
C000688,M1-P040-AN-R2,,,https://home-review.example/best-cooling-bedding,home-review.example,editorial,https://home-review.example/best-cooling-bedding,True,home-review.example,False,True,https://home-review.example/best-cooling-bedding
C002193,M2-P062-AN-R1,,,https://home-review.example/best-cooling-bedding,home-review.example,editorial,https://home-review.example/best-cooling-bedding,True,home-review.example,False,True,https://home-review.example/best-cooling-bedding
C000520,M1-P031-CH-R1,,,https://independent-sleep.example/reviews/astervale,independent-sleep.example,editorial,https://independent-sleep.example/reviews/astervale,True,independent-sleep.example,False,True,https://independent-sleep.example/reviews/astervale
C002047,M2-P054-AN-R2,,,https://astervale.example/products/cooling-sheet-set,astervale.example,owned,https://astervale.example/products/cooling-sheet-set,True,astervale.example,False,True,https://astervale.example/products/cooling-sheet-set
C000209,M1-P012-AN-R2,,,https://arcticloom.example/collections/cooling-tech,arcticloom.example,owned,https://arcticloom.example/collections/cooling-tech,True,arcticloom.example,False,True,https://arcticloom.example/collections/cooling-tech
C001809,M2-P040-SE-R1,,,https://independent-sleep.example/reviews/arcticloom,independent-sleep.example,editorial,https://independent-sleep.example/reviews/arcticloom,True,independent-sleep.example,False,True,https://independent-sleep.example/reviews/arcticloom
C000813,M1-P048-SE-R1,,,https://restnest.example/products/value-cooling-set,restnest.example,owned,https://restnest.example/products/value-cooling-set,True,restnest.example,False,True,https://restnest.example/products/value-cooling-set
C001756,M2-P037-CH-R2,,,https://independent-sleep.example/reviews/eucalune,independent-sleep.example,editorial,https://independent-sleep.example/reviews/eucalune,True,independent-sleep.example,False,True,https://independent-sleep.example/reviews/eucalune
C000619,M1-P037-CH-R2,,,https://sleep-lab.example/guides/cooling-sheets,sleep-lab.example,editorial,https://sleep-lab.example/guides/cooling-sheets,True,sleep-lab.example,False,True,https://sleep-lab.example/guides/cooling-sheets
C001307,M2-P013-CH-R2,,,https://sleep-lab.example/guides/cooling-sheets,sleep-lab.example,editorial,https://sleep-lab.example/guides/cooling-sheets,True,sleep-lab.example,False,True,https://sleep-lab.example/guides/cooling-sheets
C001151,M2-P004-SE-R2,,,https://independent-sleep.example/reviews/restnest,independent-sleep.example,editorial,https://independent-sleep.example/reviews/restnest,True,independent-sleep.example,False,True,https://independent-sleep.example/reviews/restnest
C001986,M2-P051-SE-R2,,,https://sleep-lab.example/guides/cooling-sheets,sleep-lab.example,editorial,https://sleep-lab.example/guides/cooling-sheets,True,sleep-lab.example,False,True,https://sleep-lab.example/guides/cooling-sheets
C000963,M1-P057-SE-R2,,,https://forum.example/r/hotsleepers/cooling-sheet-experiences,forum.example,forum,https://forum.example/r/hotsleepers/cooling-sheet-experiences,True,forum.example,False,True,https://forum.example/r/hotsleepers/cooling-sheet-experiences
C001407,M2-P018-AN-R2,,,https://arcticloom.example/collections/cooling-tech,arcticloom.example,owned,https://arcticloom.example/collections/cooling-tech,True,arcticloom.example,False,True,https://arcticloom.example/collections/cooling-tech
C001428,M2-P019-AN-R2,,,https://astervale.example/products/cooling-sheet-set,astervale.example,owned,https://astervale.example/products/cooling-sheet-set,True,astervale.example,False,True,https://astervale.example/products/cooling-sheet-set
C001622,M2-P029-CH-R1,,,https://eucalune.example/products/eucalyptus-sheets,eucalune.example,owned,https://eucalune.example/products/eucalyptus-sheets,True,eucalune.example,False,True,https://eucalune.example/products/eucalyptus-sheets
C000289,M1-P017-SE-R2,,,https://home-review.example/best-cooling-bedding,home-review.example,editorial,https://home-review.example/best-cooling-bedding,True,home-review.example,False,True,https://home-review.example/best-cooling-bedding
C000342,M1-P020-CH-R2,,,https://sereinsleep.example/products/clean-cooling-sheets,sereinsleep.example,owned,https://sereinsleep.example/products/clean-cooling-sheets,True,sereinsleep.example,False,True,https://sereinsleep.example/products/clean-cooling-sheets
C000718,M1-P043-CH-R1,,,https://eucalune.example/products/eucalyptus-sheets,eucalune.example,owned,https://eucalune.example/products/eucalyptus-sheets,True,eucalune.example,False,True,https://eucalune.example/products/eucalyptus-sheets
C002266,M2-P015-CH-R2,,,HTTPS://arcticloom.example/collections/cooling-tech/?utm_source=audit&utm_campaign=m2#section,arcticloom.example,owned,https://arcticloom.example/collections/cooling-tech,True,arcticloom.example,False,True,https://arcticloom.example/collections/cooling-tech
C000722,M1-P043-SE-R1,,,https://arcticloom.example/collections/cooling-tech,arcticloom.example,owned,https://arcticloom.example/collections/cooling-tech,True,arcticloom.example,False,True,https://arcticloom.example/collections/cooling-tech
C001849,M2-P043-CH-R2,,,https://forum.example/r/hotsleepers/cooling-sheet-experiences,forum.example,forum,https://forum.example/r/hotsleepers/cooling-sheet-experiences,True,forum.example,False,True,https://forum.example/r/hotsleepers/cooling-sheet-experiences
C001203,M2-P007-SE-R2,,,https://sereinsleep.example/products/clean-cooling-sheets,sereinsleep.example,owned,https://sereinsleep.example/products/clean-cooling-sheets,True,sereinsleep.example,False,True,https://sereinsleep.example/products/clean-cooling-sheets
C001740,M2-P036-CH-R1,,,https://independent-sleep.example/reviews/astervale,independent-sleep.example,editorial,https://independent-sleep.example/reviews/astervale,True,independent-sleep.example,False,True,https://independent-sleep.example/reviews/astervale
C001301,M2-P012-AN-R2,,,https://home-review.example/best-cooling-bedding,home-review.example,editorial,https://home-review.example/best-cooling-bedding,True,home-review.example,False,True,https://home-review.example/best-cooling-bedding
C001993,M2-P051-AN-R1,,,https://astervale.example/products/cooling-sheet-set,astervale.example,owned,https://astervale.example/products/cooling-sheet-set,True,astervale.example,False,True,https://astervale.example/products/cooling-sheet-set
C000783,M1-P047-CH-R1,,,https://independent-sleep.example/reviews/eucalune,independent-sleep.example,editorial,https://independent-sleep.example/reviews/eucalune,True,independent-sleep.example,False,True,https://independent-sleep.example/reviews/eucalune
C000385,M1-P022-SE-R2,,,https://arcticloom.example/collections/cooling-tech,arcticloom.example,owned,https://arcticloom.example/collections/cooling-tech,True,arcticloom.example,False,True,https://arcticloom.example/collections/cooling-tech
C000785,M1-P047-CH-R2,,,https://forum.example/r/hotsleepers/cooling-sheet-experiences,forum.example,forum,https://forum.example/r/hotsleepers/cooling-sheet-experiences,True,forum.example,False,True,https://forum.example/r/hotsleepers/cooling-sheet-experiences
C001731,M2-P035-SE-R2,,,https://astervale.example/products/cooling-sheet-set,astervale.example,owned,https://astervale.example/products/cooling-sheet-set,True,astervale.example,False,True,https://astervale.example/products/cooling-sheet-set
C001049,M1-P062-AN-R2,,,https://eucalune.example/products/eucalyptus-sheets,eucalune.example,owned,https://eucalune.example/products/eucalyptus-sheets,True,eucalune.example,False,True,https://eucalune.example/products/eucalyptus-sheets
C000924,M1-P055-CH-R1,,,https://forum.example/r/hotsleepers/cooling-sheet-experiences,forum.example,forum,https://forum.example/r/hotsleepers/cooling-sheet-experiences,True,forum.example,False,True,https://forum.example/r/hotsleepers/cooling-sheet-experiences
C001517,M2-P023-AN-R1,,,https://independent-sleep.example/reviews/eucalune,independent-sleep.example,editorial,https://independent-sleep.example/reviews/eucalune,True,independent-sleep.example,False,True,https://independent-sleep.example/reviews/eucalune
C001204,M2-P007-SE-R2,,,https://independent-sleep.example/reviews/serein-sleep,independent-sleep.example,editorial,https://independent-sleep.example/reviews/serein-sleep,True,independent-sleep.example,False,True,https://independent-sleep.example/reviews/serein-sleep
C000691,M1-P041-CH-R1,,,https://independent-sleep.example/reviews/restnest,independent-sleep.example,editorial,https://independent-sleep.example/reviews/restnest,True,independent-sleep.example,False,True,https://independent-sleep.example/reviews/restnest
C000335,M1-P019-AN-R2,,,https://sleep-lab.example/guides/cooling-sheets,sleep-lab.example,editorial,https://sleep-lab.example/guides/cooling-sheets,True,sleep-lab.example,False,True,https://sleep-lab.example/guides/cooling-sheets
C002197,M2-P062-AN-R2,,,https://sleep-lab.example/guides/cooling-sheets,sleep-lab.example,editorial,https://sleep-lab.example/guides/cooling-sheets,True,sleep-lab.example,False,True,https://sleep-lab.example/guides/cooling-sheets
C000936,M1-P055-SE-R2,,,https://astervale.example/products/cooling-sheet-set,astervale.example,owned,https://astervale.example/products/cooling-sheet-set,True,astervale.example,False,True,https://astervale.example/products/cooling-sheet-set
C000366,M1-P021-SE-R2,,,https://sleep-lab.example/guides/cooling-sheets,sleep-lab.example,editorial,https://sleep-lab.example/guides/cooling-sheets,True,sleep-lab.example,False,True,https://sleep-lab.example/guides/cooling-sheets
C001628,M2-P029-SE-R1,,,https://restnest.example/products/value-cooling-set,restnest.example,owned,https://restnest.example/products/value-cooling-set,True,restnest.example,False,True,https://restnest.example/products/value-cooling-set
C000917,M1-P054-AN-R1,,,https://home-review.example/best-cooling-bedding,home-review.example,editorial,https://home-review.example/best-cooling-bedding,True,home-review.example,False,True,https://home-review.example/best-cooling-bedding
C000528,M1-P031-SE-R2,,,https://sleep-lab.example/guides/cooling-sheets,sleep-lab.example,editorial,https://sleep-lab.example/guides/cooling-sheets,True,sleep-lab.example,False,True,https://sleep-lab.example/guides/cooling-sheets
C001082,M2-P001-CH-R1,,,https://sleep-lab.example/guides/cooling-sheets,sleep-lab.example,editorial,https://sleep-lab.example/guides/cooling-sheets,True,sleep-lab.example,False,True,https://sleep-lab.example/guides/cooling-sheets
C001837,M2-P042-SE-R2,,,https://independent-sleep.example/reviews/serein-sleep,independent-sleep.example,editorial,https://independent-sleep.example/reviews/serein-sleep,True,independent-sleep.example,False,True,https://independent-sleep.example/reviews/serein-sleep
C000323,M1-P019-CH-R2,,,https://restnest.example/products/value-cooling-set,restnest.example,owned,https://restnest.example/products/value-cooling-set,True,restnest.example,False,True,https://restnest.example/products/value-cooling-set
C000020,M1-P002-CH-R1,,,https://independent-sleep.example/reviews/arcticloom,independent-sleep.example,editorial,https://independent-sleep.example/reviews/arcticloom,True,independent-sleep.example,False,True,https://independent-sleep.example/reviews/arcticloom
C000228,M1-P013-AN-R2,,,https://independent-sleep.example/reviews/astervale,independent-sleep.example,editorial,https://independent-sleep.example/reviews/astervale,True,independent-sleep.example,False,True,https://independent-sleep.example/reviews/astervale
C001707,M2-P034-SE-R2,,,https://forum.example/r/hotsleepers/cooling-sheet-experiences,forum.example,forum,https://forum.example/r/hotsleepers/cooling-sheet-experiences,True,forum.example,False,True,https://forum.example/r/hotsleepers/cooling-sheet-experiences
C001378,M2-P017-SE-R1,,,https://independent-sleep.example/reviews/eucalune,independent-sleep.example,editorial,https://independent-sleep.example/reviews/eucalune,True,independent-sleep.example,False,True,https://independent-sleep.example/reviews/eucalune
C000161,M1-P010-CH-R2,,,https://restnest.example/products/value-cooling-set,restnest.example,owned,https://restnest.example/products/value-cooling-set,True,restnest.example,False,True,https://restnest.example/products/value-cooling-set
C001140,M2-P004-CH-R2,,,https://home-review.example/best-cooling-bedding,home-review.example,editorial,https://home-review.example/best-cooling-bedding,True,home-review.example,False,True,https://home-review.example/best-cooling-bedding
C000709,M1-P042-SE-R1,,,https://restnest.example/products/value-cooling-set,restnest.example,owned,https://restnest.example/products/value-cooling-set,True,restnest.example,False,True,https://restnest.example/products/value-cooling-set
C002038,M2-P054-SE-R2,,,https://forum.example/r/hotsleepers/cooling-sheet-experiences,forum.example,forum,https://forum.example/r/hotsleepers/cooling-sheet-experiences,True,forum.example,False,True,https://forum.example/r/hotsleepers/cooling-sheet-experiences
C001446,M2-P020-AN-R1,,,https://independent-sleep.example/reviews/astervale,independent-sleep.example,editorial,https://independent-sleep.example/reviews/astervale,True,independent-sleep.example,False,True,https://independent-sleep.example/reviews/astervale
C001615,M2-P028-AN-R2,,,https://independent-sleep.example/reviews/serein-sleep,independent-sleep.example,editorial,https://independent-sleep.example/reviews/serein-sleep,True,independent-sleep.example,False,True,https://independent-sleep.example/reviews/serein-sleep
C001136,M2-P003-AN-R2,,,https://independent-sleep.example/reviews/eucalune,independent-sleep.example,editorial,https://independent-sleep.example/reviews/eucalune,True,independent-sleep.example,False,True,https://independent-sleep.example/reviews/eucalune
C001671,M2-P032-CH-R2,,,https://eucalune.example/products/eucalyptus-sheets,eucalune.example,owned,https://eucalune.example/products/eucalyptus-sheets,True,eucalune.example,False,True,https://eucalune.example/products/eucalyptus-sheets
C001469,M2-P021-AN-R1,,,https://forum.example/r/hotsleepers/cooling-sheet-experiences,forum.example,forum,https://forum.example/r/hotsleepers/cooling-sheet-experiences,True,forum.example,False,True,https://forum.example/r/hotsleepers/cooling-sheet-experiences
C000400,M1-P023-SE-R2,,,https://forum.example/r/hotsleepers/cooling-sheet-experiences,forum.example,forum,https://forum.example/r/hotsleepers/cooling-sheet-experiences,True,forum.example,False,True,https://forum.example/r/hotsleepers/cooling-sheet-experiences
C002142,M2-P060-SE-R1,,,https://independent-sleep.example/reviews/astervale,independent-sleep.example,editorial,https://independent-sleep.example/reviews/astervale,True,independent-sleep.example,False,True,https://independent-sleep.example/reviews/astervale
C001742,M2-P036-CH-R2,,,https://arcticloom.example/collections/cooling-tech,arcticloom.example,owned,https://arcticloom.example/collections/cooling-tech,True,arcticloom.example,False,True,https://arcticloom.example/collections/cooling-tech
C001007,M1-P060-SE-R1,,,https://sleep-lab.example/guides/cooling-sheets,sleep-lab.example,editorial,https://sleep-lab.example/guides/cooling-sheets,True,sleep-lab.example,False,True,https://sleep-lab.example/guides/cooling-sheets
C001578,M2-P027-CH-R1,,,https://home-review.example/best-cooling-bedding,home-review.example,editorial,https://home-review.example/best-cooling-bedding,True,home-review.example,False,True,https://home-review.example/best-cooling-bedding
C000897,M1-P053-SE-R1,,,https://astervale.example/products/cooling-sheet-set,astervale.example,owned,https://astervale.example/products/cooling-sheet-set,True,astervale.example,False,True,https://astervale.example/products/cooling-sheet-set
C000874,M1-P052-CH-R1,,,https://forum.example/r/hotsleepers/cooling-sheet-experiences,forum.example,forum,https://forum.example/r/hotsleepers/cooling-sheet-experiences,True,forum.example,False,True,https://forum.example/r/hotsleepers/cooling-sheet-experiences
C001941,M2-P049-CH-R1,,,https://forum.example/r/hotsleepers/cooling-sheet-experiences,forum.example,forum,https://forum.example/r/hotsleepers/cooling-sheet-experiences,True,forum.example,False,True,https://forum.example/r/hotsleepers/cooling-sheet-experiences
C000678,M1-P040-SE-R1,,,https://home-review.example/best-cooling-bedding,home-review.example,editorial,https://home-review.example/best-cooling-bedding,True,home-review.example,False,True,https://home-review.example/best-cooling-bedding
C000140,M1-P009-SE-R1,,,https://home-review.example/best-cooling-bedding,home-review.example,editorial,https://home-review.example/best-cooling-bedding,True,home-review.example,False,True,https://home-review.example/best-cooling-bedding
C001753,M2-P037-CH-R1,,,https://independent-sleep.example/reviews/restnest,independent-sleep.example,editorial,https://independent-sleep.example/reviews/restnest,True,independent-sleep.example,False,True,https://independent-sleep.example/reviews/restnest
C001771,M2-P038-CH-R1,,,https://arcticloom.example/collections/cooling-tech,arcticloom.example,owned,https://arcticloom.example/collections/cooling-tech,True,arcticloom.example,False,True,https://arcticloom.example/collections/cooling-tech
C000948,M1-P056-SE-R2,,,https://home-review.example/best-cooling-bedding,home-review.example,editorial,https://home-review.example/best-cooling-bedding,True,home-review.example,False,True,https://home-review.example/best-cooling-bedding
C000026,M1-P002-SE-R1,,,https://independent-sleep.example/reviews/arcticloom,independent-sleep.example,editorial,https://independent-sleep.example/reviews/arcticloom,True,independent-sleep.example,False,True,https://independent-sleep.example/reviews/arcticloom
C000298,M1-P018-CH-R1,,,https://sleep-lab.example/guides/cooling-sheets,sleep-lab.example,editorial,https://sleep-lab.example/guides/cooling-sheets,True,sleep-lab.example,False,True,https://sleep-lab.example/guides/cooling-sheets
C000535,M1-P031-AN-R2,,,https://home-review.example/best-cooling-bedding,home-review.example,editorial,https://home-review.example/best-cooling-bedding,True,home-review.example,False,True,https://home-review.example/best-cooling-bedding
C001310,M2-P013-CH-R2,,,https://astervale.example/products/cooling-sheet-set,astervale.example,owned,https://astervale.example/products/cooling-sheet-set,True,astervale.example,False,True,https://astervale.example/products/cooling-sheet-set
C001239,M2-P009-SE-R2,,,https://home-review.example/best-cooling-bedding,home-review.example,editorial,https://home-review.example/best-cooling-bedding,True,home-review.example,False,True,https://home-review.example/best-cooling-bedding
C000073,M1-P004-AN-R2,,,https://arcticloom.example/collections/cooling-tech,arcticloom.example,owned,https://arcticloom.example/collections/cooling-tech,True,arcticloom.example,False,True,https://arcticloom.example/collections/cooling-tech
C001936,M2-P048-SE-R2,,,https://independent-sleep.example/reviews/astervale,independent-sleep.example,editorial,https://independent-sleep.example/reviews/astervale,True,independent-sleep.example,False,True,https://independent-sleep.example/reviews/astervale
C001884,M2-P045-AN-R1,,,https://eucalune.example/products/eucalyptus-sheets,eucalune.example,owned,https://eucalune.example/products/eucalyptus-sheets,True,eucalune.example,False,True,https://eucalune.example/products/eucalyptus-sheets
C000900,M1-P053-SE-R2,,,https://astervale.example/products/cooling-sheet-set,astervale.example,owned,https://astervale.example/products/cooling-sheet-set,True,astervale.example,False,True,https://astervale.example/products/cooling-sheet-set
C001329,M2-P014-CH-R2,,,https://independent-sleep.example/reviews/eucalune,independent-sleep.example,editorial,https://independent-sleep.example/reviews/eucalune,True,independent-sleep.example,False,True,https://independent-sleep.example/reviews/eucalune
C000566,M1-P034-CH-R2,,,https://forum.example/r/hotsleepers/cooling-sheet-experiences,forum.example,forum,https://forum.example/r/hotsleepers/cooling-sheet-experiences,True,forum.example,False,True,https://forum.example/r/hotsleepers/cooling-sheet-experiences
C000808,M1-P048-CH-R2,,,https://independent-sleep.example/reviews/serein-sleep,independent-sleep.example,editorial,https://independent-sleep.example/reviews/serein-sleep,True,independent-sleep.example,False,True,https://independent-sleep.example/reviews/serein-sleep
C001879,M2-P045-SE-R2,,,https://sleep-lab.example/guides/cooling-sheets,sleep-lab.example,editorial,https://sleep-lab.example/guides/cooling-sheets,True,sleep-lab.example,False,True,https://sleep-lab.example/guides/cooling-sheets
C001110,M2-P002-AN-R1,,,https://forum.example/r/hotsleepers/cooling-sheet-experiences,forum.example,forum,https://forum.example/r/hotsleepers/cooling-sheet-experiences,True,forum.example,False,True,https://forum.example/r/hotsleepers/cooling-sheet-experiences
C001907,M2-P047-CH-R1,,,https://home-review.example/best-cooling-bedding,home-review.example,editorial,https://home-review.example/best-cooling-bedding,True,home-review.example,False,True,https://home-review.example/best-cooling-bedding
C000516,M1-P030-AN-R2,,,https://home-review.example/best-cooling-bedding,home-review.example,editorial,https://home-review.example/best-cooling-bedding,True,home-review.example,False,True,https://home-review.example/best-cooling-bedding
C000905,M1-P053-AN-R2,,,https://independent-sleep.example/reviews/serein-sleep,independent-sleep.example,editorial,https://independent-sleep.example/reviews/serein-sleep,True,independent-sleep.example,False,True,https://independent-sleep.example/reviews/serein-sleep
C002018,M2-P053-CH-R2,,,https://independent-sleep.example/reviews/astervale,independent-sleep.example,editorial,https://independent-sleep.example/reviews/astervale,True,independent-sleep.example,False,True,https://independent-sleep.example/reviews/astervale
C000494,M1-P029-SE-R2,,,https://forum.example/r/hotsleepers/cooling-sheet-experiences,forum.example,forum,https://forum.example/r/hotsleepers/cooling-sheet-experiences,True,forum.example,False,True,https://forum.example/r/hotsleepers/cooling-sheet-experiences
C000650,M1-P038-AN-R2,,,https://home-review.example/best-cooling-bedding,home-review.example,editorial,https://home-review.example/best-cooling-bedding,True,home-review.example,False,True,https://home-review.example/best-cooling-bedding
C000882,M1-P052-AN-R1,,,https://forum.example/r/hotsleepers/cooling-sheet-experiences,forum.example,forum,https://forum.example/r/hotsleepers/cooling-sheet-experiences,True,forum.example,False,True,https://forum.example/r/hotsleepers/cooling-sheet-experiences
C000280,M1-P016-AN-R2,,,https://sleep-lab.example/guides/cooling-sheets,sleep-lab.example,editorial,https://sleep-lab.example/guides/cooling-sheets,True,sleep-lab.example,False,True,https://sleep-lab.example/guides/cooling-sheets
C000708,M1-P042-SE-R1,,,https://forum.example/r/hotsleepers/cooling-sheet-experiences,forum.example,forum,https://forum.example/r/hotsleepers/cooling-sheet-experiences,True,forum.example,False,True,https://forum.example/r/hotsleepers/cooling-sheet-experiences
C000530,M1-P031-SE-R2,,,https://independent-sleep.example/reviews/eucalune,independent-sleep.example,editorial,https://independent-sleep.example/reviews/eucalune,True,independent-sleep.example,False,True,https://independent-sleep.example/reviews/eucalune
C001931,M2-P048-CH-R2,,,https://home-review.example/best-cooling-bedding,home-review.example,editorial,https://home-review.example/best-cooling-bedding,True,home-review.example,False,True,https://home-review.example/best-cooling-bedding
C001721,M2-P035-CH-R2,,,https://forum.example/r/hotsleepers/cooling-sheet-experiences,forum.example,forum,https://forum.example/r/hotsleepers/cooling-sheet-experiences,True,forum.example,False,True,https://forum.example/r/hotsleepers/cooling-sheet-experiences
C002167,M2-P061-SE-R2,,,https://forum.example/r/hotsleepers/cooling-sheet-experiences,forum.example,forum,https://forum.example/r/hotsleepers/cooling-sheet-experiences,True,forum.example,False,True,https://forum.example/r/hotsleepers/cooling-sheet-experiences
C000148,M1-P009-AN-R1,,,https://home-review.example/best-cooling-bedding,home-review.example,editorial,https://home-review.example/best-cooling-bedding,True,home-review.example,False,True,https://home-review.example/best-cooling-bedding
C001155,M2-P004-AN-R2,,,https://sleep-lab.example/guides/cooling-sheets,sleep-lab.example,editorial,https://sleep-lab.example/guides/cooling-sheets,True,sleep-lab.example,False,True,https://sleep-lab.example/guides/cooling-sheets
C000084,M1-P005-AN-R1,,,https://independent-sleep.example/reviews/serein-sleep,independent-sleep.example,editorial,https://independent-sleep.example/reviews/serein-sleep,True,independent-sleep.example,False,True,https://independent-sleep.example/reviews/serein-sleep
C002052,M2-P055-SE-R1,,,https://sleep-lab.example/guides/cooling-sheets,sleep-lab.example,editorial,https://sleep-lab.example/guides/cooling-sheets,True,sleep-lab.example,False,True,https://sleep-lab.example/guides/cooling-sheets
C000864,M1-P051-SE-R1,,,https://astervale.example/products/cooling-sheet-set,astervale.example,owned,https://astervale.example/products/cooling-sheet-set,True,astervale.example,False,True,https://astervale.example/products/cooling-sheet-set
C000762,M1-P045-AN-R2,,,https://independent-sleep.example/reviews/eucalune,independent-sleep.example,editorial,https://independent-sleep.example/reviews/eucalune,True,independent-sleep.example,False,True,https://independent-sleep.example/reviews/eucalune
C000421,M1-P024-AN-R1,,,https://arcticloom.example/collections/cooling-tech,arcticloom.example,owned,https://arcticloom.example/collections/cooling-tech,True,arcticloom.example,False,True,https://arcticloom.example/collections/cooling-tech
C000216,M1-P013-SE-R1,,,https://home-review.example/best-cooling-bedding,home-review.example,editorial,https://home-review.example/best-cooling-bedding,True,home-review.example,False,True,https://home-review.example/best-cooling-bedding
C000142,M1-P009-SE-R1,,,https://sereinsleep.example/products/clean-cooling-sheets,sereinsleep.example,owned,https://sereinsleep.example/products/clean-cooling-sheets,True,sereinsleep.example,False,True,https://sereinsleep.example/products/clean-cooling-sheets
C000839,M1-P050-CH-R1,,,https://forum.example/r/hotsleepers/cooling-sheet-experiences,forum.example,forum,https://forum.example/r/hotsleepers/cooling-sheet-experiences,True,forum.example,False,True,https://forum.example/r/hotsleepers/cooling-sheet-experiences
C000702,M1-P042-CH-R1,,,https://sleep-lab.example/guides/cooling-sheets,sleep-lab.example,editorial,https://sleep-lab.example/guides/cooling-sheets,True,sleep-lab.example,False,True,https://sleep-lab.example/guides/cooling-sheets
C001748,M2-P036-AN-R1,,,https://home-review.example/best-cooling-bedding,home-review.example,editorial,https://home-review.example/best-cooling-bedding,True,home-review.example,False,True,https://home-review.example/best-cooling-bedding
C002174,M2-P061-AN-R1,,,https://astervale.example/products/cooling-sheet-set,astervale.example,owned,https://astervale.example/products/cooling-sheet-set,True,astervale.example,False,True,https://astervale.example/products/cooling-sheet-set
C001380,M2-P017-SE-R2,,,https://forum.example/r/hotsleepers/cooling-sheet-experiences,forum.example,forum,https://forum.example/r/hotsleepers/cooling-sheet-experiences,True,forum.example,False,True,https://forum.example/r/hotsleepers/cooling-sheet-experiences
C000398,M1-P023-SE-R1,,,https://forum.example/r/hotsleepers/cooling-sheet-experiences,forum.example,forum,https://forum.example/r/hotsleepers/cooling-sheet-experiences,True,forum.example,False,True,https://forum.example/r/hotsleepers/cooling-sheet-experiences
C000818,M1-P048-AN-R1,,,https://eucalune.example/products/eucalyptus-sheets,eucalune.example,owned,https://eucalune.example/products/eucalyptus-sheets,True,eucalune.example,False,True,https://eucalune.example/products/eucalyptus-sheets
C002039,M2-P054-SE-R2,,,https://astervale.example/products/cooling-sheet-set,astervale.example,owned,https://astervale.example/products/cooling-sheet-set,True,astervale.example,False,True,https://astervale.example/products/cooling-sheet-set
C001406,M2-P018-AN-R2,,,https://forum.example/r/hotsleepers/cooling-sheet-experiences,forum.example,forum,https://forum.example/r/hotsleepers/cooling-sheet-experiences,True,forum.example,False,True,https://forum.example/r/hotsleepers/cooling-sheet-experiences
C000438,M1-P025-AN-R1,,,https://forum.example/r/hotsleepers/cooling-sheet-experiences,forum.example,forum,https://forum.example/r/hotsleepers/cooling-sheet-experiences,True,forum.example,False,True,https://forum.example/r/hotsleepers/cooling-sheet-experiences
C001730,M2-P035-SE-R2,,,https://independent-sleep.example/reviews/eucalune,independent-sleep.example,editorial,https://independent-sleep.example/reviews/eucalune,True,independent-sleep.example,False,True,https://independent-sleep.example/reviews/eucalune
C001129,M2-P003-SE-R2,,,https://independent-sleep.example/reviews/restnest,independent-sleep.example,editorial,https://independent-sleep.example/reviews/restnest,True,independent-sleep.example,False,True,https://independent-sleep.example/reviews/restnest
C001706,M2-P034-SE-R1,,,https://independent-sleep.example/reviews/serein-sleep,independent-sleep.example,editorial,https://independent-sleep.example/reviews/serein-sleep,True,independent-sleep.example,False,True,https://independent-sleep.example/reviews/serein-sleep
C000419,M1-P024-AN-R1,,,https://sleep-lab.example/guides/cooling-sheets,sleep-lab.example,editorial,https://sleep-lab.example/guides/cooling-sheets,True,sleep-lab.example,False,True,https://sleep-lab.example/guides/cooling-sheets
C002194,M2-P062-AN-R1,,,https://astervale.example/products/cooling-sheet-set,astervale.example,owned,https://astervale.example/products/cooling-sheet-set,True,astervale.example,False,True,https://astervale.example/products/cooling-sheet-set
C000445,M1-P026-CH-R2,,,https://independent-sleep.example/reviews/serein-sleep,independent-sleep.example,editorial,https://independent-sleep.example/reviews/serein-sleep,True,independent-sleep.example,False,True,https://independent-sleep.example/reviews/serein-sleep
C001135,M2-P003-AN-R2,,,https://forum.example/r/hotsleepers/cooling-sheet-experiences,forum.example,forum,https://forum.example/r/hotsleepers/cooling-sheet-experiences,True,forum.example,False,True,https://forum.example/r/hotsleepers/cooling-sheet-experiences
C001076,M1-P064-AN-R1,,,https://home-review.example/best-cooling-bedding,home-review.example,editorial,https://home-review.example/best-cooling-bedding,True,home-review.example,False,True,https://home-review.example/best-cooling-bedding
C001444,M2-P020-AN-R1,,,https://eucalune.example/products/eucalyptus-sheets,eucalune.example,owned,https://eucalune.example/products/eucalyptus-sheets,True,eucalune.example,False,True,https://eucalune.example/products/eucalyptus-sheets
C000675,M1-P040-CH-R2,,,https://home-review.example/best-cooling-bedding,home-review.example,editorial,https://home-review.example/best-cooling-bedding,True,home-review.example,False,True,https://home-review.example/best-cooling-bedding
C000180,M1-P011-SE-R2,,,https://independent-sleep.example/reviews/astervale,independent-sleep.example,editorial,https://independent-sleep.example/reviews/astervale,True,independent-sleep.example,False,True,https://independent-sleep.example/reviews/astervale
C001918,M2-P047-SE-R2,,,https://home-review.example/best-cooling-bedding,home-review.example,editorial,https://home-review.example/best-cooling-bedding,True,home-review.example,False,True,https://home-review.example/best-cooling-bedding
C001774,M2-P038-CH-R2,,,https://sleep-lab.example/guides/cooling-sheets,sleep-lab.example,editorial,https://sleep-lab.example/guides/cooling-sheets,True,sleep-lab.example,False,True,https://sleep-lab.example/guides/cooling-sheets
C000501,M1-P030-CH-R1,,,https://independent-sleep.example/reviews/serein-sleep,independent-sleep.example,editorial,https://independent-sleep.example/reviews/serein-sleep,True,independent-sleep.example,False,True,https://independent-sleep.example/reviews/serein-sleep
C002201,M2-P063-CH-R1,,,https://sereinsleep.example/products/clean-cooling-sheets,sereinsleep.example,owned,https://sereinsleep.example/products/clean-cooling-sheets,True,sereinsleep.example,False,True,https://sereinsleep.example/products/clean-cooling-sheets
C001965,M2-P050-SE-R1,,,https://home-review.example/best-cooling-bedding,home-review.example,editorial,https://home-review.example/best-cooling-bedding,True,home-review.example,False,True,https://home-review.example/best-cooling-bedding
C000257,M1-P015-CH-R2,,,https://independent-sleep.example/reviews/eucalune,independent-sleep.example,editorial,https://independent-sleep.example/reviews/eucalune,True,independent-sleep.example,False,True,https://independent-sleep.example/reviews/eucalune
C000433,M1-P025-SE-R1,,,https://sleep-lab.example/guides/cooling-sheets,sleep-lab.example,editorial,https://sleep-lab.example/guides/cooling-sheets,True,sleep-lab.example,False,True,https://sleep-lab.example/guides/cooling-sheets
C000175,M1-P011-CH-R1,,,https://sleep-lab.example/guides/cooling-sheets,sleep-lab.example,editorial,https://sleep-lab.example/guides/cooling-sheets,True,sleep-lab.example,False,True,https://sleep-lab.example/guides/cooling-sheets
C001333,M2-P014-SE-R2,,,https://forum.example/r/hotsleepers/cooling-sheet-experiences,forum.example,forum,https://forum.example/r/hotsleepers/cooling-sheet-experiences,True,forum.example,False,True,https://forum.example/r/hotsleepers/cooling-sheet-experiences
C002155,M2-P060-AN-R2,,,https://astervale.example/products/cooling-sheet-set,astervale.example,owned,https://astervale.example/products/cooling-sheet-set,True,astervale.example,False,True,https://astervale.example/products/cooling-sheet-set
C000844,M1-P050-SE-R1,,,https://home-review.example/best-cooling-bedding,home-review.example,editorial,https://home-review.example/best-cooling-bedding,True,home-review.example,False,True,https://home-review.example/best-cooling-bedding
C000352,M1-P020-AN-R1,,,https://independent-sleep.example/reviews/arcticloom,independent-sleep.example,editorial,https://independent-sleep.example/reviews/arcticloom,True,independent-sleep.example,False,True,https://independent-sleep.example/reviews/arcticloom
C001177,M2-P006-CH-R1,,,https://sereinsleep.example/products/clean-cooling-sheets,sereinsleep.example,owned,https://sereinsleep.example/products/clean-cooling-sheets,True,sereinsleep.example,False,True,https://sereinsleep.example/products/clean-cooling-sheets
C000592,M1-P035-SE-R2,,,https://independent-sleep.example/reviews/restnest,independent-sleep.example,editorial,https://independent-sleep.example/reviews/restnest,True,independent-sleep.example,False,True,https://independent-sleep.example/reviews/restnest
C001732,M2-P035-AN-R1,,,https://forum.example/r/hotsleepers/cooling-sheet-experiences,forum.example,forum,https://forum.example/r/hotsleepers/cooling-sheet-experiences,True,forum.example,False,True,https://forum.example/r/hotsleepers/cooling-sheet-experiences
C000648,M1-P038-AN-R1,,,https://independent-sleep.example/reviews/restnest,independent-sleep.example,editorial,https://independent-sleep.example/reviews/restnest,True,independent-sleep.example,False,True,https://independent-sleep.example/reviews/restnest
C000607,M1-P036-SE-R2,,,https://sereinsleep.example/products/clean-cooling-sheets,sereinsleep.example,owned,https://sereinsleep.example/products/clean-cooling-sheets,True,sereinsleep.example,False,True,https://sereinsleep.example/products/clean-cooling-sheets
C000344,M1-P020-SE-R1,,,https://sleep-lab.example/guides/cooling-sheets,sleep-lab.example,editorial,https://sleep-lab.example/guides/cooling-sheets,True,sleep-lab.example,False,True,https://sleep-lab.example/guides/cooling-sheets
C000944,M1-P056-CH-R2,,,https://sleep-lab.example/guides/cooling-sheets,sleep-lab.example,editorial,https://sleep-lab.example/guides/cooling-sheets,True,sleep-lab.example,False,True,https://sleep-lab.example/guides/cooling-sheets
C000915,M1-P054-SE-R2,,,https://independent-sleep.example/reviews/eucalune,independent-sleep.example,editorial,https://independent-sleep.example/reviews/eucalune,True,independent-sleep.example,False,True,https://independent-sleep.example/reviews/eucalune
C000437,M1-P025-AN-R1,,,https://sleep-lab.example/guides/cooling-sheets,sleep-lab.example,editorial,https://sleep-lab.example/guides/cooling-sheets,True,sleep-lab.example,False,True,https://sleep-lab.example/guides/cooling-sheets
C001302,M2-P012-AN-R2,,,https://restnest.example/products/value-cooling-set,restnest.example,owned,https://restnest.example/products/value-cooling-set,True,restnest.example,False,True,https://restnest.example/products/value-cooling-set
C000773,M1-P046-SE-R2,,,https://sleep-lab.example/guides/cooling-sheets,sleep-lab.example,editorial,https://sleep-lab.example/guides/cooling-sheets,True,sleep-lab.example,False,True,https://sleep-lab.example/guides/cooling-sheets
C001675,M2-P032-SE-R1,,,https://independent-sleep.example/reviews/restnest,independent-sleep.example,editorial,https://independent-sleep.example/reviews/restnest,True,independent-sleep.example,False,True,https://independent-sleep.example/reviews/restnest
C000904,M1-P053-AN-R2,,,https://independent-sleep.example/reviews/astervale,independent-sleep.example,editorial,https://independent-sleep.example/reviews/astervale,True,independent-sleep.example,False,True,https://independent-sleep.example/reviews/astervale
C000938,M1-P055-AN-R1,,,https://independent-sleep.example/reviews/serein-sleep,independent-sleep.example,editorial,https://independent-sleep.example/reviews/serein-sleep,True,independent-sleep.example,False,True,https://independent-sleep.example/reviews/serein-sleep
C001191,M2-P006-AN-R1,,,https://independent-sleep.example/reviews/restnest,independent-sleep.example,editorial,https://independent-sleep.example/reviews/restnest,True,independent-sleep.example,False,True,https://independent-sleep.example/reviews/restnest
C001514,M2-P023-AN-R1,,,https://sleep-lab.example/guides/cooling-sheets,sleep-lab.example,editorial,https://sleep-lab.example/guides/cooling-sheets,True,sleep-lab.example,False,True,https://sleep-lab.example/guides/cooling-sheets
C001898,M2-P046-SE-R2,,,https://sleep-lab.example/guides/cooling-sheets,sleep-lab.example,editorial,https://sleep-lab.example/guides/cooling-sheets,True,sleep-lab.example,False,True,https://sleep-lab.example/guides/cooling-sheets
C001848,M2-P043-CH-R2,,,https://sleep-lab.example/guides/cooling-sheets,sleep-lab.example,editorial,https://sleep-lab.example/guides/cooling-sheets,True,sleep-lab.example,False,True,https://sleep-lab.example/guides/cooling-sheets
C002055,M2-P055-SE-R1,,,https://sereinsleep.example/products/clean-cooling-sheets,sereinsleep.example,owned,https://sereinsleep.example/products/clean-cooling-sheets,True,sereinsleep.example,False,True,https://sereinsleep.example/products/clean-cooling-sheets
C001585,M2-P027-CH-R2,,,https://eucalune.example/products/eucalyptus-sheets,eucalune.example,owned,https://eucalune.example/products/eucalyptus-sheets,True,eucalune.example,False,True,https://eucalune.example/products/eucalyptus-sheets
C000465,M1-P027-AN-R1,,,https://sleep-lab.example/guides/cooling-sheets,sleep-lab.example,editorial,https://sleep-lab.example/guides/cooling-sheets,True,sleep-lab.example,False,True,https://sleep-lab.example/guides/cooling-sheets
C002175,M2-P061-AN-R2,,,https://forum.example/r/hotsleepers/cooling-sheet-experiences,forum.example,forum,https://forum.example/r/hotsleepers/cooling-sheet-experiences,True,forum.example,False,True,https://forum.example/r/hotsleepers/cooling-sheet-experiences
C000147,M1-P009-SE-R2,,,https://independent-sleep.example/reviews/restnest,independent-sleep.example,editorial,https://independent-sleep.example/reviews/restnest,True,independent-sleep.example,False,True,https://independent-sleep.example/reviews/restnest
C001437,M2-P020-SE-R2,,,https://independent-sleep.example/reviews/serein-sleep,independent-sleep.example,editorial,https://independent-sleep.example/reviews/serein-sleep,True,independent-sleep.example,False,True,https://independent-sleep.example/reviews/serein-sleep
C001899,M2-P046-SE-R2,,,https://home-review.example/best-cooling-bedding,home-review.example,editorial,https://home-review.example/best-cooling-bedding,True,home-review.example,False,True,https://home-review.example/best-cooling-bedding
C001477,M2-P022-CH-R1,,,https://arcticloom.example/collections/cooling-tech,arcticloom.example,owned,https://arcticloom.example/collections/cooling-tech,True,arcticloom.example,False,True,https://arcticloom.example/collections/cooling-tech
C000641,M1-P038-SE-R1,,,https://arcticloom.example/collections/cooling-tech,arcticloom.example,owned,https://arcticloom.example/collections/cooling-tech,True,arcticloom.example,False,True,https://arcticloom.example/collections/cooling-tech
C000919,M1-P054-AN-R1,,,https://astervale.example/products/cooling-sheet-set,astervale.example,owned,https://astervale.example/products/cooling-sheet-set,True,astervale.example,False,True,https://astervale.example/products/cooling-sheet-set
C002068,M2-P056-SE-R1,,,https://forum.example/r/hotsleepers/cooling-sheet-experiences,forum.example,forum,https://forum.example/r/hotsleepers/cooling-sheet-experiences,True,forum.example,False,True,https://forum.example/r/hotsleepers/cooling-sheet-experiences
C000330,M1-P019-SE-R2,,,https://sleep-lab.example/guides/cooling-sheets,sleep-lab.example,editorial,https://sleep-lab.example/guides/cooling-sheets,True,sleep-lab.example,False,True,https://sleep-lab.example/guides/cooling-sheets
C001906,M2-P047-CH-R1,,,https://forum.example/r/hotsleepers/cooling-sheet-experiences,forum.example,forum,https://forum.example/r/hotsleepers/cooling-sheet-experiences,True,forum.example,False,True,https://forum.example/r/hotsleepers/cooling-sheet-experiences
C000164,M1-P010-SE-R1,,,https://independent-sleep.example/reviews/astervale,independent-sleep.example,editorial,https://independent-sleep.example/reviews/astervale,True,independent-sleep.example,False,True,https://independent-sleep.example/reviews/astervale
C000989,M1-P059-SE-R2,,,https://forum.example/r/hotsleepers/cooling-sheet-experiences,forum.example,forum,https://forum.example/r/hotsleepers/cooling-sheet-experiences,True,forum.example,False,True,https://forum.example/r/hotsleepers/cooling-sheet-experiences
C000859,M1-P051-CH-R2,,,https://arcticloom.example/collections/cooling-tech,arcticloom.example,owned,https://arcticloom.example/collections/cooling-tech,True,arcticloom.example,False,True,https://arcticloom.example/collections/cooling-tech
C001266,M2-P011-CH-R1,,,https://independent-sleep.example/reviews/restnest,independent-sleep.example,editorial,https://independent-sleep.example/reviews/restnest,True,independent-sleep.example,False,True,https://independent-sleep.example/reviews/restnest
C002122,M2-P059-SE-R1,,,https://sereinsleep.example/products/clean-cooling-sheets,sereinsleep.example,owned,https://sereinsleep.example/products/clean-cooling-sheets,True,sereinsleep.example,False,True,https://sereinsleep.example/products/clean-cooling-sheets
C002195,M2-P062-AN-R1,,,https://independent-sleep.example/reviews/astervale,independent-sleep.example,editorial,https://independent-sleep.example/reviews/astervale,True,independent-sleep.example,False,True,https://independent-sleep.example/reviews/astervale
C000288,M1-P017-SE-R2,,,https://sleep-lab.example/guides/cooling-sheets,sleep-lab.example,editorial,https://sleep-lab.example/guides/cooling-sheets,True,sleep-lab.example,False,True,https://sleep-lab.example/guides/cooling-sheets
C001780,M2-P038-AN-R2,,,https://sleep-lab.example/guides/cooling-sheets,sleep-lab.example,editorial,https://sleep-lab.example/guides/cooling-sheets,True,sleep-lab.example,False,True,https://sleep-lab.example/guides/cooling-sheets
C002089,M2-P057-SE-R2,,,https://independent-sleep.example/reviews/eucalune,independent-sleep.example,editorial,https://independent-sleep.example/reviews/eucalune,True,independent-sleep.example,False,True,https://independent-sleep.example/reviews/eucalune
C001825,M2-P041-AN-R1,,,https://home-review.example/best-cooling-bedding,home-review.example,editorial,https://home-review.example/best-cooling-bedding,True,home-review.example,False,True,https://home-review.example/best-cooling-bedding
C000888,M1-P052-AN-R2,,,https://restnest.example/products/value-cooling-set,restnest.example,owned,https://restnest.example/products/value-cooling-set,True,restnest.example,False,True,https://restnest.example/products/value-cooling-set
C001714,M2-P034-AN-R1,,,https://arcticloom.example/collections/cooling-tech,arcticloom.example,owned,https://arcticloom.example/collections/cooling-tech,True,arcticloom.example,False,True,https://arcticloom.example/collections/cooling-tech
C001692,M2-P033-SE-R2,,,https://sereinsleep.example/products/clean-cooling-sheets,sereinsleep.example,owned,https://sereinsleep.example/products/clean-cooling-sheets,True,sereinsleep.example,False,True,https://sereinsleep.example/products/clean-cooling-sheets
C000203,M1-P012-AN-R1,,,https://arcticloom.example/collections/cooling-tech,arcticloom.example,owned,https://arcticloom.example/collections/cooling-tech,True,arcticloom.example,False,True,https://arcticloom.example/collections/cooling-tech
C001749,M2-P036-AN-R2,,,https://home-review.example/best-cooling-bedding,home-review.example,editorial,https://home-review.example/best-cooling-bedding,True,home-review.example,False,True,https://home-review.example/best-cooling-bedding
C000898,M1-P053-SE-R2,,,https://forum.example/r/hotsleepers/cooling-sheet-experiences,forum.example,forum,https://forum.example/r/hotsleepers/cooling-sheet-experiences,True,forum.example,False,True,https://forum.example/r/hotsleepers/cooling-sheet-experiences
C000317,M1-P019-CH-R1,,,https://home-review.example/best-cooling-bedding,home-review.example,editorial,https://home-review.example/best-cooling-bedding,True,home-review.example,False,True,https://home-review.example/best-cooling-bedding
C001298,M2-P012-AN-R1,,,https://sleep-lab.example/guides/cooling-sheets,sleep-lab.example,editorial,https://sleep-lab.example/guides/cooling-sheets,True,sleep-lab.example,False,True,https://sleep-lab.example/guides/cooling-sheets
C001475,M2-P022-CH-R1,,,https://forum.example/r/hotsleepers/cooling-sheet-experiences,forum.example,forum,https://forum.example/r/hotsleepers/cooling-sheet-experiences,True,forum.example,False,True,https://forum.example/r/hotsleepers/cooling-sheet-experiences
C000549,M1-P033-CH-R1,,,https://sleep-lab.example/guides/cooling-sheets,sleep-lab.example,editorial,https://sleep-lab.example/guides/cooling-sheets,True,sleep-lab.example,False,True,https://sleep-lab.example/guides/cooling-sheets
C000610,M1-P036-AN-R2,,,https://forum.example/r/hotsleepers/cooling-sheet-experiences,forum.example,forum,https://forum.example/r/hotsleepers/cooling-sheet-experiences,True,forum.example,False,True,https://forum.example/r/hotsleepers/cooling-sheet-experiences
C000105,M1-P007-CH-R2,,,https://home-review.example/best-cooling-bedding,home-review.example,editorial,https://home-review.example/best-cooling-bedding,True,home-review.example,False,True,https://home-review.example/best-cooling-bedding
C001646,M2-P030-SE-R1,,,https://home-review.example/best-cooling-bedding,home-review.example,editorial,https://home-review.example/best-cooling-bedding,True,home-review.example,False,True,https://home-review.example/best-cooling-bedding
C000667,M1-P039-AN-R2,,,https://arcticloom.example/collections/cooling-tech,arcticloom.example,owned,https://arcticloom.example/collections/cooling-tech,True,arcticloom.example,False,True,https://arcticloom.example/collections/cooling-tech
C001903,M2-P046-AN-R2,,,https://forum.example/r/hotsleepers/cooling-sheet-experiences,forum.example,forum,https://forum.example/r/hotsleepers/cooling-sheet-experiences,True,forum.example,False,True,https://forum.example/r/hotsleepers/cooling-sheet-experiences
C000602,M1-P036-CH-R2,,,https://home-review.example/best-cooling-bedding,home-review.example,editorial,https://home-review.example/best-cooling-bedding,True,home-review.example,False,True,https://home-review.example/best-cooling-bedding
C001543,M2-P025-CH-R1,,,https://forum.example/r/hotsleepers/cooling-sheet-experiences,forum.example,forum,https://forum.example/r/hotsleepers/cooling-sheet-experiences,True,forum.example,False,True,https://forum.example/r/hotsleepers/cooling-sheet-experiences
C000711,M1-P042-SE-R2,,,https://home-review.example/best-cooling-bedding,home-review.example,editorial,https://home-review.example/best-cooling-bedding,True,home-review.example,False,True,https://home-review.example/best-cooling-bedding
C001309,M2-P013-CH-R2,,,https://independent-sleep.example/reviews/serein-sleep,independent-sleep.example,editorial,https://independent-sleep.example/reviews/serein-sleep,True,independent-sleep.example,False,True,https://independent-sleep.example/reviews/serein-sleep
C001141,M2-P004-CH-R2,,,https://sleep-lab.example/guides/cooling-sheets,sleep-lab.example,editorial,https://sleep-lab.example/guides/cooling-sheets,True,sleep-lab.example,False,True,https://sleep-lab.example/guides/cooling-sheets
C002129,M2-P059-AN-R2,,,https://astervale.example/products/cooling-sheet-set,astervale.example,owned,https://astervale.example/products/cooling-sheet-set,True,astervale.example,False,True,https://astervale.example/products/cooling-sheet-set
C001061,M1-P063-SE-R2,,,https://independent-sleep.example/reviews/restnest,independent-sleep.example,editorial,https://independent-sleep.example/reviews/restnest,True,independent-sleep.example,False,True,https://independent-sleep.example/reviews/restnest
C000027,M1-P002-SE-R2,,,https://forum.example/r/hotsleepers/cooling-sheet-experiences,forum.example,forum,https://forum.example/r/hotsleepers/cooling-sheet-experiences,True,forum.example,False,True,https://forum.example/r/hotsleepers/cooling-sheet-experiences
C000415,M1-P024-SE-R1,,,https://home-review.example/best-cooling-bedding,home-review.example,editorial,https://home-review.example/best-cooling-bedding,True,home-review.example,False,True,https://home-review.example/best-cooling-bedding
C001613,M2-P028-AN-R1,,,https://home-review.example/best-cooling-bedding,home-review.example,editorial,https://home-review.example/best-cooling-bedding,True,home-review.example,False,True,https://home-review.example/best-cooling-bedding
C000235,M1-P014-SE-R1,,,https://home-review.example/best-cooling-bedding,home-review.example,editorial,https://home-review.example/best-cooling-bedding,True,home-review.example,False,True,https://home-review.example/best-cooling-bedding
C000490,M1-P029-CH-R1,,,https://independent-sleep.example/reviews/arcticloom,independent-sleep.example,editorial,https://independent-sleep.example/reviews/arcticloom,True,independent-sleep.example,False,True,https://independent-sleep.example/reviews/arcticloom
C001145,M2-P004-CH-R2,,,https://eucalune.example/products/eucalyptus-sheets,eucalune.example,owned,https://eucalune.example/products/eucalyptus-sheets,True,eucalune.example,False,True,https://eucalune.example/products/eucalyptus-sheets
C001645,M2-P030-CH-R2,,,https://forum.example/r/hotsleepers/cooling-sheet-experiences,forum.example,forum,https://forum.example/r/hotsleepers/cooling-sheet-experiences,True,forum.example,False,True,https://forum.example/r/hotsleepers/cooling-sheet-experiences
C001381,M2-P017-SE-R2,,,https://eucalune.example/products/eucalyptus-sheets,eucalune.example,owned,https://eucalune.example/products/eucalyptus-sheets,True,eucalune.example,False,True,https://eucalune.example/products/eucalyptus-sheets
C000574,M1-P034-SE-R2,,,https://forum.example/r/hotsleepers/cooling-sheet-experiences,forum.example,forum,https://forum.example/r/hotsleepers/cooling-sheet-experiences,True,forum.example,False,True,https://forum.example/r/hotsleepers/cooling-sheet-experiences
C002202,M2-P063-CH-R2,,,https://sleep-lab.example/guides/cooling-sheets,sleep-lab.example,editorial,https://sleep-lab.example/guides/cooling-sheets,True,sleep-lab.example,False,True,https://sleep-lab.example/guides/cooling-sheets
C000393,M1-P023-CH-R1,,,https://forum.example/r/hotsleepers/cooling-sheet-experiences,forum.example,forum,https://forum.example/r/hotsleepers/cooling-sheet-experiences,True,forum.example,False,True,https://forum.example/r/hotsleepers/cooling-sheet-experiences
C000933,M1-P055-SE-R1,,,https://independent-sleep.example/reviews/serein-sleep,independent-sleep.example,editorial,https://independent-sleep.example/reviews/serein-sleep,True,independent-sleep.example,False,True,https://independent-sleep.example/reviews/serein-sleep
C000341,M1-P020-CH-R2,,,https://arcticloom.example/collections/cooling-tech,arcticloom.example,owned,https://arcticloom.example/collections/cooling-tech,True,arcticloom.example,False,True,https://arcticloom.example/collections/cooling-tech
C001684,M2-P033-CH-R2,,,https://eucalune.example/products/eucalyptus-sheets,eucalune.example,owned,https://eucalune.example/products/eucalyptus-sheets,True,eucalune.example,False,True,https://eucalune.example/products/eucalyptus-sheets
C001054,M1-P063-CH-R1,,,https://astervale.example/products/cooling-sheet-set,astervale.example,owned,https://astervale.example/products/cooling-sheet-set,True,astervale.example,False,True,https://astervale.example/products/cooling-sheet-set
C001785,M2-P039-CH-R1,,,https://arcticloom.example/collections/cooling-tech,arcticloom.example,owned,https://arcticloom.example/collections/cooling-tech,True,arcticloom.example,False,True,https://arcticloom.example/collections/cooling-tech
C001408,M2-P018-AN-R2,,,https://independent-sleep.example/reviews/serein-sleep,independent-sleep.example,editorial,https://independent-sleep.example/reviews/serein-sleep,True,independent-sleep.example,False,True,https://independent-sleep.example/reviews/serein-sleep
C000075,M1-P005-CH-R1,,,https://restnest.example/products/value-cooling-set,restnest.example,owned,https://restnest.example/products/value-cooling-set,True,restnest.example,False,True,https://restnest.example/products/value-cooling-set
C001711,M2-P034-SE-R2,,,https://independent-sleep.example/reviews/astervale,independent-sleep.example,editorial,https://independent-sleep.example/reviews/astervale,True,independent-sleep.example,False,True,https://independent-sleep.example/reviews/astervale
C001815,M2-P040-AN-R2,,,https://sleep-lab.example/guides/cooling-sheets,sleep-lab.example,editorial,https://sleep-lab.example/guides/cooling-sheets,True,sleep-lab.example,False,True,https://sleep-lab.example/guides/cooling-sheets
C002127,M2-P059-AN-R2,,,https://forum.example/r/hotsleepers/cooling-sheet-experiences,forum.example,forum,https://forum.example/r/hotsleepers/cooling-sheet-experiences,True,forum.example,False,True,https://forum.example/r/hotsleepers/cooling-sheet-experiences
C001419,M2-P019-SE-R2,,,https://astervale.example/products/cooling-sheet-set,astervale.example,owned,https://astervale.example/products/cooling-sheet-set,True,astervale.example,False,True,https://astervale.example/products/cooling-sheet-set
C000969,M1-P058-CH-R2,,,https://astervale.example/products/cooling-sheet-set,astervale.example,owned,https://astervale.example/products/cooling-sheet-set,True,astervale.example,False,True,https://astervale.example/products/cooling-sheet-set
C000083,M1-P005-AN-R1,,,https://forum.example/r/hotsleepers/cooling-sheet-experiences,forum.example,forum,https://forum.example/r/hotsleepers/cooling-sheet-experiences,True,forum.example,False,True,https://forum.example/r/hotsleepers/cooling-sheet-experiences
C001121,M2-P003-CH-R2,,,https://arcticloom.example/collections/cooling-tech,arcticloom.example,owned,https://arcticloom.example/collections/cooling-tech,True,arcticloom.example,False,True,https://arcticloom.example/collections/cooling-tech
C002015,M2-P053-CH-R1,,,https://eucalune.example/products/eucalyptus-sheets,eucalune.example,owned,https://eucalune.example/products/eucalyptus-sheets,True,eucalune.example,False,True,https://eucalune.example/products/eucalyptus-sheets
C000895,M1-P053-SE-R1,,,https://home-review.example/best-cooling-bedding,home-review.example,editorial,https://home-review.example/best-cooling-bedding,True,home-review.example,False,True,https://home-review.example/best-cooling-bedding
C001973,M2-P050-AN-R2,,,https://home-review.example/best-cooling-bedding,home-review.example,editorial,https://home-review.example/best-cooling-bedding,True,home-review.example,False,True,https://home-review.example/best-cooling-bedding
C000308,M1-P018-SE-R2,,,https://eucalune.example/products/eucalyptus-sheets,eucalune.example,owned,https://eucalune.example/products/eucalyptus-sheets,True,eucalune.example,False,True,https://eucalune.example/products/eucalyptus-sheets
C002031,M2-P054-CH-R1,,,https://astervale.example/products/cooling-sheet-set,astervale.example,owned,https://astervale.example/products/cooling-sheet-set,True,astervale.example,False,True,https://astervale.example/products/cooling-sheet-set
C002136,M2-P060-CH-R1,,,https://independent-sleep.example/reviews/restnest,independent-sleep.example,editorial,https://independent-sleep.example/reviews/restnest,True,independent-sleep.example,False,True,https://independent-sleep.example/reviews/restnest
C000168,M1-P010-AN-R1,,,https://home-review.example/best-cooling-bedding,home-review.example,editorial,https://home-review.example/best-cooling-bedding,True,home-review.example,False,True,https://home-review.example/best-cooling-bedding
C000861,M1-P051-CH-R2,,,https://restnest.example/products/value-cooling-set,restnest.example,owned,https://restnest.example/products/value-cooling-set,True,restnest.example,False,True,https://restnest.example/products/value-cooling-set
C002060,M2-P055-AN-R1,,,https://astervale.example/products/cooling-sheet-set,astervale.example,owned,https://astervale.example/products/cooling-sheet-set,True,astervale.example,False,True,https://astervale.example/products/cooling-sheet-set
C001152,M2-P004-AN-R1,,,https://forum.example/r/hotsleepers/cooling-sheet-experiences,forum.example,forum,https://forum.example/r/hotsleepers/cooling-sheet-experiences,True,forum.example,False,True,https://forum.example/r/hotsleepers/cooling-sheet-experiences
C000741,M1-P044-SE-R2,,,https://independent-sleep.example/reviews/arcticloom,independent-sleep.example,editorial,https://independent-sleep.example/reviews/arcticloom,True,independent-sleep.example,False,True,https://independent-sleep.example/reviews/arcticloom
C000595,M1-P035-AN-R1,,,https://forum.example/r/hotsleepers/cooling-sheet-experiences,forum.example,forum,https://forum.example/r/hotsleepers/cooling-sheet-experiences,True,forum.example,False,True,https://forum.example/r/hotsleepers/cooling-sheet-experiences
C001556,M2-P025-AN-R1,,,https://arcticloom.example/collections/cooling-tech,arcticloom.example,owned,https://arcticloom.example/collections/cooling-tech,True,arcticloom.example,False,True,https://arcticloom.example/collections/cooling-tech
C000772,M1-P046-SE-R2,,,https://home-review.example/best-cooling-bedding,home-review.example,editorial,https://home-review.example/best-cooling-bedding,True,home-review.example,False,True,https://home-review.example/best-cooling-bedding
C001608,M2-P028-SE-R1,,,https://independent-sleep.example/reviews/eucalune,independent-sleep.example,editorial,https://independent-sleep.example/reviews/eucalune,True,independent-sleep.example,False,True,https://independent-sleep.example/reviews/eucalune
C001414,M2-P019-CH-R2,,,https://home-review.example/best-cooling-bedding,home-review.example,editorial,https://home-review.example/best-cooling-bedding,True,home-review.example,False,True,https://home-review.example/best-cooling-bedding
C001264,M2-P011-CH-R1,,,https://eucalune.example/products/eucalyptus-sheets,eucalune.example,owned,https://eucalune.example/products/eucalyptus-sheets,True,eucalune.example,False,True,https://eucalune.example/products/eucalyptus-sheets
C001540,M2-P024-AN-R1,,,https://independent-sleep.example/reviews/restnest,independent-sleep.example,editorial,https://independent-sleep.example/reviews/restnest,True,independent-sleep.example,False,True,https://independent-sleep.example/reviews/restnest
C001525,M2-P024-CH-R1,,,https://independent-sleep.example/reviews/arcticloom,independent-sleep.example,editorial,https://independent-sleep.example/reviews/arcticloom,True,independent-sleep.example,False,True,https://independent-sleep.example/reviews/arcticloom
C002188,M2-P062-SE-R2,,,https://sleep-lab.example/guides/cooling-sheets,sleep-lab.example,editorial,https://sleep-lab.example/guides/cooling-sheets,True,sleep-lab.example,False,True,https://sleep-lab.example/guides/cooling-sheets
C001820,M2-P041-SE-R1,,,https://restnest.example/products/value-cooling-set,restnest.example,owned,https://restnest.example/products/value-cooling-set,True,restnest.example,False,True,https://restnest.example/products/value-cooling-set
C000523,M1-P031-CH-R2,,,https://independent-sleep.example/reviews/serein-sleep,independent-sleep.example,editorial,https://independent-sleep.example/reviews/serein-sleep,True,independent-sleep.example,False,True,https://independent-sleep.example/reviews/serein-sleep
C000103,M1-P006-AN-R2,,,https://eucalune.example/products/eucalyptus-sheets,eucalune.example,owned,https://eucalune.example/products/eucalyptus-sheets,True,eucalune.example,False,True,https://eucalune.example/products/eucalyptus-sheets
C001366,M2-P016-AN-R1,,,https://sleep-lab.example/guides/cooling-sheets,sleep-lab.example,editorial,https://sleep-lab.example/guides/cooling-sheets,True,sleep-lab.example,False,True,https://sleep-lab.example/guides/cooling-sheets
C000102,M1-P006-AN-R2,,,https://home-review.example/best-cooling-bedding,home-review.example,editorial,https://home-review.example/best-cooling-bedding,True,home-review.example,False,True,https://home-review.example/best-cooling-bedding
C001334,M2-P014-SE-R2,,,https://independent-sleep.example/reviews/restnest,independent-sleep.example,editorial,https://independent-sleep.example/reviews/restnest,True,independent-sleep.example,False,True,https://independent-sleep.example/reviews/restnest
C000141,M1-P009-SE-R1,,,https://independent-sleep.example/reviews/arcticloom,independent-sleep.example,editorial,https://independent-sleep.example/reviews/arcticloom,True,independent-sleep.example,False,True,https://independent-sleep.example/reviews/arcticloom
C001370,M2-P016-AN-R2,,,https://sleep-lab.example/guides/cooling-sheets,sleep-lab.example,editorial,https://sleep-lab.example/guides/cooling-sheets,True,sleep-lab.example,False,True,https://sleep-lab.example/guides/cooling-sheets
C000906,M1-P054-CH-R1,,,https://home-review.example/best-cooling-bedding,home-review.example,editorial,https://home-review.example/best-cooling-bedding,True,home-review.example,False,True,https://home-review.example/best-cooling-bedding
C000214,M1-P013-CH-R1,,,https://arcticloom.example/collections/cooling-tech,arcticloom.example,owned,https://arcticloom.example/collections/cooling-tech,True,arcticloom.example,False,True,https://arcticloom.example/collections/cooling-tech
C001078,M1-P064-AN-R2,,,https://sleep-lab.example/guides/cooling-sheets,sleep-lab.example,editorial,https://sleep-lab.example/guides/cooling-sheets,True,sleep-lab.example,False,True,https://sleep-lab.example/guides/cooling-sheets
C000062,M1-P004-SE-R1,,,https://forum.example/r/hotsleepers/cooling-sheet-experiences,forum.example,forum,https://forum.example/r/hotsleepers/cooling-sheet-experiences,True,forum.example,False,True,https://forum.example/r/hotsleepers/cooling-sheet-experiences
C001811,M2-P040-SE-R2,,,https://independent-sleep.example/reviews/serein-sleep,independent-sleep.example,editorial,https://independent-sleep.example/reviews/serein-sleep,True,independent-sleep.example,False,True,https://independent-sleep.example/reviews/serein-sleep
C000997,M1-P059-AN-R2,,,https://astervale.example/products/cooling-sheet-set,astervale.example,owned,https://astervale.example/products/cooling-sheet-set,True,astervale.example,False,True,https://astervale.example/products/cooling-sheet-set
C001694,M2-P033-AN-R1,,,https://home-review.example/best-cooling-bedding,home-review.example,editorial,https://home-review.example/best-cooling-bedding,True,home-review.example,False,True,https://home-review.example/best-cooling-bedding
C001048,M1-P062-AN-R2,,,https://astervale.example/products/cooling-sheet-set,astervale.example,owned,https://astervale.example/products/cooling-sheet-set,True,astervale.example,False,True,https://astervale.example/products/cooling-sheet-set
C002218,M2-P064-CH-R2,,,https://astervale.example/products/cooling-sheet-set,astervale.example,owned,https://astervale.example/products/cooling-sheet-set,True,astervale.example,False,True,https://astervale.example/products/cooling-sheet-set
C000966,M1-P058-CH-R1,,,https://forum.example/r/hotsleepers/cooling-sheet-experiences,forum.example,forum,https://forum.example/r/hotsleepers/cooling-sheet-experiences,True,forum.example,False,True,https://forum.example/r/hotsleepers/cooling-sheet-experiences
C000378,M1-P022-CH-R1,,,https://sereinsleep.example/products/clean-cooling-sheets,sereinsleep.example,owned,https://sereinsleep.example/products/clean-cooling-sheets,True,sereinsleep.example,False,True,https://sereinsleep.example/products/clean-cooling-sheets
C001900,M2-P046-SE-R2,,,https://arcticloom.example/collections/cooling-tech,arcticloom.example,owned,https://arcticloom.example/collections/cooling-tech,True,arcticloom.example,False,True,https://arcticloom.example/collections/cooling-tech
C001962,M2-P050-CH-R1,,,https://independent-sleep.example/reviews/serein-sleep,independent-sleep.example,editorial,https://independent-sleep.example/reviews/serein-sleep,True,independent-sleep.example,False,True,https://independent-sleep.example/reviews/serein-sleep
C002008,M2-P052-AN-R1,,,https://home-review.example/best-cooling-bedding,home-review.example,editorial,https://home-review.example/best-cooling-bedding,True,home-review.example,False,True,https://home-review.example/best-cooling-bedding
C000005,M1-P001-CH-R2,,,https://sleep-lab.example/guides/cooling-sheets,sleep-lab.example,editorial,https://sleep-lab.example/guides/cooling-sheets,True,sleep-lab.example,False,True,https://sleep-lab.example/guides/cooling-sheets
C000916,M1-P054-SE-R2,,,https://restnest.example/products/value-cooling-set,restnest.example,owned,https://restnest.example/products/value-cooling-set,True,restnest.example,False,True,https://restnest.example/products/value-cooling-set
C001098,M2-P002-CH-R1,,,https://sereinsleep.example/products/clean-cooling-sheets,sereinsleep.example,owned,https://sereinsleep.example/products/clean-cooling-sheets,True,sereinsleep.example,False,True,https://sereinsleep.example/products/clean-cooling-sheets
C000769,M1-P046-SE-R1,,,https://forum.example/r/hotsleepers/cooling-sheet-experiences,forum.example,forum,https://forum.example/r/hotsleepers/cooling-sheet-experiences,True,forum.example,False,True,https://forum.example/r/hotsleepers/cooling-sheet-experiences
C002017,M2-P053-CH-R2,,,https://astervale.example/products/cooling-sheet-set,astervale.example,owned,https://astervale.example/products/cooling-sheet-set,True,astervale.example,False,True,https://astervale.example/products/cooling-sheet-set
C000597,M1-P035-AN-R2,,,https://home-review.example/best-cooling-bedding,home-review.example,editorial,https://home-review.example/best-cooling-bedding,True,home-review.example,False,True,https://home-review.example/best-cooling-bedding
C001015,M1-P060-AN-R2,,,https://home-review.example/best-cooling-bedding,home-review.example,editorial,https://home-review.example/best-cooling-bedding,True,home-review.example,False,True,https://home-review.example/best-cooling-bedding
C001017,M1-P060-AN-R2,,,https://independent-sleep.example/reviews/astervale,independent-sleep.example,editorial,https://independent-sleep.example/reviews/astervale,True,independent-sleep.example,False,True,https://independent-sleep.example/reviews/astervale
C002067,M2-P056-CH-R2,,,https://forum.example/r/hotsleepers/cooling-sheet-experiences,forum.example,forum,https://forum.example/r/hotsleepers/cooling-sheet-experiences,True,forum.example,False,True,https://forum.example/r/hotsleepers/cooling-sheet-experiences
C000110,M1-P007-SE-R2,,,https://eucalune.example/products/eucalyptus-sheets,eucalune.example,owned,https://eucalune.example/products/eucalyptus-sheets,True,eucalune.example,False,True,https://eucalune.example/products/eucalyptus-sheets
C001220,M2-P008-SE-R2,,,https://sleep-lab.example/guides/cooling-sheets,sleep-lab.example,editorial,https://sleep-lab.example/guides/cooling-sheets,True,sleep-lab.example,False,True,https://sleep-lab.example/guides/cooling-sheets
C000978,M1-P058-AN-R1,,,https://sleep-lab.example/guides/cooling-sheets,sleep-lab.example,editorial,https://sleep-lab.example/guides/cooling-sheets,True,sleep-lab.example,False,True,https://sleep-lab.example/guides/cooling-sheets
C000320,M1-P019-CH-R2,,,https://home-review.example/best-cooling-bedding,home-review.example,editorial,https://home-review.example/best-cooling-bedding,True,home-review.example,False,True,https://home-review.example/best-cooling-bedding
C000188,M1-P012-CH-R1,,,https://home-review.example/best-cooling-bedding,home-review.example,editorial,https://home-review.example/best-cooling-bedding,True,home-review.example,False,True,https://home-review.example/best-cooling-bedding
C001606,M2-P028-CH-R2,,,https://eucalune.example/products/eucalyptus-sheets,eucalune.example,owned,https://eucalune.example/products/eucalyptus-sheets,True,eucalune.example,False,True,https://eucalune.example/products/eucalyptus-sheets
C000922,M1-P054-AN-R2,,,https://home-review.example/best-cooling-bedding,home-review.example,editorial,https://home-review.example/best-cooling-bedding,True,home-review.example,False,True,https://home-review.example/best-cooling-bedding
C000019,M1-P002-CH-R1,,,https://sereinsleep.example/products/clean-cooling-sheets,sereinsleep.example,owned,https://sereinsleep.example/products/clean-cooling-sheets,True,sereinsleep.example,False,True,https://sereinsleep.example/products/clean-cooling-sheets
C001777,M2-P038-SE-R2,,,https://sleep-lab.example/guides/cooling-sheets,sleep-lab.example,editorial,https://sleep-lab.example/guides/cooling-sheets,True,sleep-lab.example,False,True,https://sleep-lab.example/guides/cooling-sheets
C000676,M1-P040-CH-R2,,,https://eucalune.example/products/eucalyptus-sheets,eucalune.example,owned,https://eucalune.example/products/eucalyptus-sheets,True,eucalune.example,False,True,https://eucalune.example/products/eucalyptus-sheets
C000125,M1-P008-SE-R1,,,https://sleep-lab.example/guides/cooling-sheets,sleep-lab.example,editorial,https://sleep-lab.example/guides/cooling-sheets,True,sleep-lab.example,False,True,https://sleep-lab.example/guides/cooling-sheets
C000488,M1-P028-AN-R2,,,https://eucalune.example/products/eucalyptus-sheets,eucalune.example,owned,https://eucalune.example/products/eucalyptus-sheets,True,eucalune.example,False,True,https://eucalune.example/products/eucalyptus-sheets
C000809,M1-P048-CH-R2,,,https://arcticloom.example/collections/cooling-tech,arcticloom.example,owned,https://arcticloom.example/collections/cooling-tech,True,arcticloom.example,False,True,https://arcticloom.example/collections/cooling-tech
C000649,M1-P038-AN-R2,,,https://sleep-lab.example/guides/cooling-sheets,sleep-lab.example,editorial,https://sleep-lab.example/guides/cooling-sheets,True,sleep-lab.example,False,True,https://sleep-lab.example/guides/cooling-sheets
C001960,M2-P050-CH-R1,,,https://forum.example/r/hotsleepers/cooling-sheet-experiences,forum.example,forum,https://forum.example/r/hotsleepers/cooling-sheet-experiences,True,forum.example,False,True,https://forum.example/r/hotsleepers/cooling-sheet-experiences
C000876,M1-P052-CH-R2,,,https://sleep-lab.example/guides/cooling-sheets,sleep-lab.example,editorial,https://sleep-lab.example/guides/cooling-sheets,True,sleep-lab.example,False,True,https://sleep-lab.example/guides/cooling-sheets
C000157,M1-P010-CH-R2,,,https://home-review.example/best-cooling-bedding,home-review.example,editorial,https://home-review.example/best-cooling-bedding,True,home-review.example,False,True,https://home-review.example/best-cooling-bedding
C002022,M2-P053-SE-R1,,,https://independent-sleep.example/reviews/astervale,independent-sleep.example,editorial,https://independent-sleep.example/reviews/astervale,True,independent-sleep.example,False,True,https://independent-sleep.example/reviews/astervale
C001853,M2-P043-SE-R2,,,https://home-review.example/best-cooling-bedding,home-review.example,editorial,https://home-review.example/best-cooling-bedding,True,home-review.example,False,True,https://home-review.example/best-cooling-bedding
C000215,M1-P013-CH-R2,,,https://sleep-lab.example/guides/cooling-sheets,sleep-lab.example,editorial,https://sleep-lab.example/guides/cooling-sheets,True,sleep-lab.example,False,True,https://sleep-lab.example/guides/cooling-sheets
C000349,M1-P020-AN-R1,,,https://sleep-lab.example/guides/cooling-sheets,sleep-lab.example,editorial,https://sleep-lab.example/guides/cooling-sheets,True,sleep-lab.example,False,True,https://sleep-lab.example/guides/cooling-sheets
C001507,M2-P023-SE-R1,,,https://home-review.example/best-cooling-bedding,home-review.example,editorial,https://home-review.example/best-cooling-bedding,True,home-review.example,False,True,https://home-review.example/best-cooling-bedding
C002206,M2-P063-SE-R2,,,https://sleep-lab.example/guides/cooling-sheets,sleep-lab.example,editorial,https://sleep-lab.example/guides/cooling-sheets,True,sleep-lab.example,False,True,https://sleep-lab.example/guides/cooling-sheets
C001609,M2-P028-SE-R1,,,https://independent-sleep.example/reviews/arcticloom,independent-sleep.example,editorial,https://independent-sleep.example/reviews/arcticloom,True,independent-sleep.example,False,True,https://independent-sleep.example/reviews/arcticloom
C001003,M1-P060-CH-R2,,,https://forum.example/r/hotsleepers/cooling-sheet-experiences,forum.example,forum,https://forum.example/r/hotsleepers/cooling-sheet-experiences,True,forum.example,False,True,https://forum.example/r/hotsleepers/cooling-sheet-experiences
C001630,M2-P029-SE-R1,,,https://independent-sleep.example/reviews/serein-sleep,independent-sleep.example,editorial,https://independent-sleep.example/reviews/serein-sleep,True,independent-sleep.example,False,True,https://independent-sleep.example/reviews/serein-sleep
C001156,M2-P004-AN-R2,,,https://independent-sleep.example/reviews/restnest,independent-sleep.example,editorial,https://independent-sleep.example/reviews/restnest,True,independent-sleep.example,False,True,https://independent-sleep.example/reviews/restnest
C000914,M1-P054-SE-R2,,,https://home-review.example/best-cooling-bedding,home-review.example,editorial,https://home-review.example/best-cooling-bedding,True,home-review.example,False,True,https://home-review.example/best-cooling-bedding
C001202,M2-P007-SE-R2,,,https://forum.example/r/hotsleepers/cooling-sheet-experiences,forum.example,forum,https://forum.example/r/hotsleepers/cooling-sheet-experiences,True,forum.example,False,True,https://forum.example/r/hotsleepers/cooling-sheet-experiences
C000703,M1-P042-CH-R1,,,https://home-review.example/best-cooling-bedding,home-review.example,editorial,https://home-review.example/best-cooling-bedding,True,home-review.example,False,True,https://home-review.example/best-cooling-bedding
C001850,M2-P043-CH-R2,,,https://astervale.example/products/cooling-sheet-set,astervale.example,owned,https://astervale.example/products/cooling-sheet-set,True,astervale.example,False,True,https://astervale.example/products/cooling-sheet-set
C000964,M1-P057-AN-R1,,,https://home-review.example/best-cooling-bedding,home-review.example,editorial,https://home-review.example/best-cooling-bedding,True,home-review.example,False,True,https://home-review.example/best-cooling-bedding
C001483,M2-P022-CH-R2,,,https://independent-sleep.example/reviews/serein-sleep,independent-sleep.example,editorial,https://independent-sleep.example/reviews/serein-sleep,True,independent-sleep.example,False,True,https://independent-sleep.example/reviews/serein-sleep
C000954,M1-P057-CH-R1,,,https://home-review.example/best-cooling-bedding,home-review.example,editorial,https://home-review.example/best-cooling-bedding,True,home-review.example,False,True,https://home-review.example/best-cooling-bedding
C001137,M2-P004-CH-R1,,,https://home-review.example/best-cooling-bedding,home-review.example,editorial,https://home-review.example/best-cooling-bedding,True,home-review.example,False,True,https://home-review.example/best-cooling-bedding
C000486,M1-P028-AN-R2,,,https://forum.example/r/hotsleepers/cooling-sheet-experiences,forum.example,forum,https://forum.example/r/hotsleepers/cooling-sheet-experiences,True,forum.example,False,True,https://forum.example/r/hotsleepers/cooling-sheet-experiences
C000045,M1-P003-CH-R2,,,https://arcticloom.example/collections/cooling-tech,arcticloom.example,owned,https://arcticloom.example/collections/cooling-tech,True,arcticloom.example,False,True,https://arcticloom.example/collections/cooling-tech
C000683,M1-P040-AN-R1,,,https://sleep-lab.example/guides/cooling-sheets,sleep-lab.example,editorial,https://sleep-lab.example/guides/cooling-sheets,True,sleep-lab.example,False,True,https://sleep-lab.example/guides/cooling-sheets
C001828,M2-P042-CH-R1,,,https://forum.example/r/hotsleepers/cooling-sheet-experiences,forum.example,forum,https://forum.example/r/hotsleepers/cooling-sheet-experiences,True,forum.example,False,True,https://forum.example/r/hotsleepers/cooling-sheet-experiences
C000039,M1-P003-CH-R1,,,https://forum.example/r/hotsleepers/cooling-sheet-experiences,forum.example,forum,https://forum.example/r/hotsleepers/cooling-sheet-experiences,True,forum.example,False,True,https://forum.example/r/hotsleepers/cooling-sheet-experiences
C000717,M1-P043-CH-R1,,,https://forum.example/r/hotsleepers/cooling-sheet-experiences,forum.example,forum,https://forum.example/r/hotsleepers/cooling-sheet-experiences,True,forum.example,False,True,https://forum.example/r/hotsleepers/cooling-sheet-experiences
C001623,M2-P029-CH-R2,,,https://forum.example/r/hotsleepers/cooling-sheet-experiences,forum.example,forum,https://forum.example/r/hotsleepers/cooling-sheet-experiences,True,forum.example,False,True,https://forum.example/r/hotsleepers/cooling-sheet-experiences
C001658,M2-P031-SE-R1,,,https://home-review.example/best-cooling-bedding,home-review.example,editorial,https://home-review.example/best-cooling-bedding,True,home-review.example,False,True,https://home-review.example/best-cooling-bedding
C001468,M2-P021-SE-R2,,,https://restnest.example/products/value-cooling-set,restnest.example,owned,https://restnest.example/products/value-cooling-set,True,restnest.example,False,True,https://restnest.example/products/value-cooling-set
C001267,M2-P011-CH-R2,,,https://forum.example/r/hotsleepers/cooling-sheet-experiences,forum.example,forum,https://forum.example/r/hotsleepers/cooling-sheet-experiences,True,forum.example,False,True,https://forum.example/r/hotsleepers/cooling-sheet-experiences
C000495,M1-P029-AN-R1,,,https://home-review.example/best-cooling-bedding,home-review.example,editorial,https://home-review.example/best-cooling-bedding,True,home-review.example,False,True,https://home-review.example/best-cooling-bedding
C001910,M2-P047-CH-R1,,,https://astervale.example/products/cooling-sheet-set,astervale.example,owned,https://astervale.example/products/cooling-sheet-set,True,astervale.example,False,True,https://astervale.example/products/cooling-sheet-set
C000739,M1-P044-SE-R2,,,https://forum.example/r/hotsleepers/cooling-sheet-experiences,forum.example,forum,https://forum.example/r/hotsleepers/cooling-sheet-experiences,True,forum.example,False,True,https://forum.example/r/hotsleepers/cooling-sheet-experiences
C002164,M2-P061-SE-R1,,,https://forum.example/r/hotsleepers/cooling-sheet-experiences,forum.example,forum,https://forum.example/r/hotsleepers/cooling-sheet-experiences,True,forum.example,False,True,https://forum.example/r/hotsleepers/cooling-sheet-experiences
C000432,M1-P025-SE-R1,,,https://forum.example/r/hotsleepers/cooling-sheet-experiences,forum.example,forum,https://forum.example/r/hotsleepers/cooling-sheet-experiences,True,forum.example,False,True,https://forum.example/r/hotsleepers/cooling-sheet-experiences
C001276,M2-P011-SE-R2,,,https://forum.example/r/hotsleepers/cooling-sheet-experiences,forum.example,forum,https://forum.example/r/hotsleepers/cooling-sheet-experiences,True,forum.example,False,True,https://forum.example/r/hotsleepers/cooling-sheet-experiences
C000998,M1-P059-AN-R2,,,https://eucalune.example/products/eucalyptus-sheets,eucalune.example,owned,https://eucalune.example/products/eucalyptus-sheets,True,eucalune.example,False,True,https://eucalune.example/products/eucalyptus-sheets
C000956,M1-P057-CH-R1,,,https://arcticloom.example/collections/cooling-tech,arcticloom.example,owned,https://arcticloom.example/collections/cooling-tech,True,arcticloom.example,False,True,https://arcticloom.example/collections/cooling-tech
C000185,M1-P011-AN-R2,,,https://independent-sleep.example/reviews/serein-sleep,independent-sleep.example,editorial,https://independent-sleep.example/reviews/serein-sleep,True,independent-sleep.example,False,True,https://independent-sleep.example/reviews/serein-sleep
C001436,M2-P020-SE-R2,,,https://sleep-lab.example/guides/cooling-sheets,sleep-lab.example,editorial,https://sleep-lab.example/guides/cooling-sheets,True,sleep-lab.example,False,True,https://sleep-lab.example/guides/cooling-sheets
C001992,M2-P051-AN-R1,,,https://sleep-lab.example/guides/cooling-sheets,sleep-lab.example,editorial,https://sleep-lab.example/guides/cooling-sheets,True,sleep-lab.example,False,True,https://sleep-lab.example/guides/cooling-sheets
C001573,M2-P026-AN-R1,,,https://sleep-lab.example/guides/cooling-sheets,sleep-lab.example,editorial,https://sleep-lab.example/guides/cooling-sheets,True,sleep-lab.example,False,True,https://sleep-lab.example/guides/cooling-sheets
C000522,M1-P031-CH-R2,,,https://forum.example/r/hotsleepers/cooling-sheet-experiences,forum.example,forum,https://forum.example/r/hotsleepers/cooling-sheet-experiences,True,forum.example,False,True,https://forum.example/r/hotsleepers/cooling-sheet-experiences
C000294,M1-P017-AN-R1,,,https://arcticloom.example/collections/cooling-tech,arcticloom.example,owned,https://arcticloom.example/collections/cooling-tech,True,arcticloom.example,False,True,https://arcticloom.example/collections/cooling-tech
C000290,M1-P017-SE-R2,,,https://sereinsleep.example/products/clean-cooling-sheets,sereinsleep.example,owned,https://sereinsleep.example/products/clean-cooling-sheets,True,sereinsleep.example,False,True,https://sereinsleep.example/products/clean-cooling-sheets
C001154,M2-P004-AN-R2,,,https://forum.example/r/hotsleepers/cooling-sheet-experiences,forum.example,forum,https://forum.example/r/hotsleepers/cooling-sheet-experiences,True,forum.example,False,True,https://forum.example/r/hotsleepers/cooling-sheet-experiences
C000212,M1-P013-CH-R1,,,https://eucalune.example/products/eucalyptus-sheets,eucalune.example,owned,https://eucalune.example/products/eucalyptus-sheets,True,eucalune.example,False,True,https://eucalune.example/products/eucalyptus-sheets
C001724,M2-P035-CH-R2,,,https://astervale.example/products/cooling-sheet-set,astervale.example,owned,https://astervale.example/products/cooling-sheet-set,True,astervale.example,False,True,https://astervale.example/products/cooling-sheet-set
C000276,M1-P016-AN-R1,,,https://home-review.example/best-cooling-bedding,home-review.example,editorial,https://home-review.example/best-cooling-bedding,True,home-review.example,False,True,https://home-review.example/best-cooling-bedding
C001029,M1-P061-AN-R1,,,https://independent-sleep.example/reviews/serein-sleep,independent-sleep.example,editorial,https://independent-sleep.example/reviews/serein-sleep,True,independent-sleep.example,False,True,https://independent-sleep.example/reviews/serein-sleep
C002160,M2-P061-CH-R2,,,https://home-review.example/best-cooling-bedding,home-review.example,editorial,https://home-review.example/best-cooling-bedding,True,home-review.example,False,True,https://home-review.example/best-cooling-bedding
C000868,M1-P051-AN-R1,,,https://astervale.example/products/cooling-sheet-set,astervale.example,owned,https://astervale.example/products/cooling-sheet-set,True,astervale.example,False,True,https://astervale.example/products/cooling-sheet-set
C000551,M1-P033-CH-R2,,,https://forum.example/r/hotsleepers/cooling-sheet-experiences,forum.example,forum,https://forum.example/r/hotsleepers/cooling-sheet-experiences,True,forum.example,False,True,https://forum.example/r/hotsleepers/cooling-sheet-experiences
C000464,M1-P027-AN-R1,,,https://home-review.example/best-cooling-bedding,home-review.example,editorial,https://home-review.example/best-cooling-bedding,True,home-review.example,False,True,https://home-review.example/best-cooling-bedding
C001064,M1-P063-AN-R1,,,https://eucalune.example/products/eucalyptus-sheets,eucalune.example,owned,https://eucalune.example/products/eucalyptus-sheets,True,eucalune.example,False,True,https://eucalune.example/products/eucalyptus-sheets
C000582,M1-P034-AN-R2,,,https://independent-sleep.example/reviews/serein-sleep,independent-sleep.example,editorial,https://independent-sleep.example/reviews/serein-sleep,True,independent-sleep.example,False,True,https://independent-sleep.example/reviews/serein-sleep
C000955,M1-P057-CH-R1,,,https://sereinsleep.example/products/clean-cooling-sheets,sereinsleep.example,owned,https://sereinsleep.example/products/clean-cooling-sheets,True,sereinsleep.example,False,True,https://sereinsleep.example/products/clean-cooling-sheets
C001376,M2-P017-SE-R1,,,https://restnest.example/products/value-cooling-set,restnest.example,owned,https://restnest.example/products/value-cooling-set,True,restnest.example,False,True,https://restnest.example/products/value-cooling-set
C001206,M2-P007-AN-R1,,,https://home-review.example/best-cooling-bedding,home-review.example,editorial,https://home-review.example/best-cooling-bedding,True,home-review.example,False,True,https://home-review.example/best-cooling-bedding
C000406,M1-P023-AN-R1,,,https://sereinsleep.example/products/clean-cooling-sheets,sereinsleep.example,owned,https://sereinsleep.example/products/clean-cooling-sheets,True,sereinsleep.example,False,True,https://sereinsleep.example/products/clean-cooling-sheets
C001659,M2-P031-SE-R2,,,https://forum.example/r/hotsleepers/cooling-sheet-experiences,forum.example,forum,https://forum.example/r/hotsleepers/cooling-sheet-experiences,True,forum.example,False,True,https://forum.example/r/hotsleepers/cooling-sheet-experiences
C000543,M1-P032-SE-R1,,,https://home-review.example/best-cooling-bedding,home-review.example,editorial,https://home-review.example/best-cooling-bedding,True,home-review.example,False,True,https://home-review.example/best-cooling-bedding
C000493,M1-P029-SE-R1,,,https://sleep-lab.example/guides/cooling-sheets,sleep-lab.example,editorial,https://sleep-lab.example/guides/cooling-sheets,True,sleep-lab.example,False,True,https://sleep-lab.example/guides/cooling-sheets
C000804,M1-P048-CH-R1,,,https://eucalune.example/products/eucalyptus-sheets,eucalune.example,owned,https://eucalune.example/products/eucalyptus-sheets,True,eucalune.example,False,True,https://eucalune.example/products/eucalyptus-sheets
C001676,M2-P032-SE-R2,,,https://home-review.example/best-cooling-bedding,home-review.example,editorial,https://home-review.example/best-cooling-bedding,True,home-review.example,False,True,https://home-review.example/best-cooling-bedding
C000085,M1-P005-AN-R2,,,https://home-review.example/best-cooling-bedding,home-review.example,editorial,https://home-review.example/best-cooling-bedding,True,home-review.example,False,True,https://home-review.example/best-cooling-bedding
C002002,M2-P052-CH-R2,,,https://astervale.example/products/cooling-sheet-set,astervale.example,owned,https://astervale.example/products/cooling-sheet-set,True,astervale.example,False,True,https://astervale.example/products/cooling-sheet-set
C000198,M1-P012-SE-R2,,,https://eucalune.example/products/eucalyptus-sheets,eucalune.example,owned,https://eucalune.example/products/eucalyptus-sheets,True,eucalune.example,False,True,https://eucalune.example/products/eucalyptus-sheets
C000621,M1-P037-CH-R2,,,https://independent-sleep.example/reviews/serein-sleep,independent-sleep.example,editorial,https://independent-sleep.example/reviews/serein-sleep,True,independent-sleep.example,False,True,https://independent-sleep.example/reviews/serein-sleep
C001583,M2-P027-CH-R2,,,https://forum.example/r/hotsleepers/cooling-sheet-experiences,forum.example,forum,https://forum.example/r/hotsleepers/cooling-sheet-experiences,True,forum.example,False,True,https://forum.example/r/hotsleepers/cooling-sheet-experiences
C002131,M2-P059-AN-R2,,,https://independent-sleep.example/reviews/arcticloom,independent-sleep.example,editorial,https://independent-sleep.example/reviews/arcticloom,True,independent-sleep.example,False,True,https://independent-sleep.example/reviews/arcticloom
C001417,M2-P019-SE-R1,,,https://home-review.example/best-cooling-bedding,home-review.example,editorial,https://home-review.example/best-cooling-bedding,True,home-review.example,False,True,https://home-review.example/best-cooling-bedding
C000434,M1-P025-SE-R2,,,https://home-review.example/best-cooling-bedding,home-review.example,editorial,https://home-review.example/best-cooling-bedding,True,home-review.example,False,True,https://home-review.example/best-cooling-bedding
C000725,M1-P043-AN-R1,,,https://sleep-lab.example/guides/cooling-sheets,sleep-lab.example,editorial,https://sleep-lab.example/guides/cooling-sheets,True,sleep-lab.example,False,True,https://sleep-lab.example/guides/cooling-sheets
C001273,M2-P011-SE-R1,,,https://home-review.example/best-cooling-bedding,home-review.example,editorial,https://home-review.example/best-cooling-bedding,True,home-review.example,False,True,https://home-review.example/best-cooling-bedding
C000830,M1-P049-CH-R2,,,https://independent-sleep.example/reviews/arcticloom,independent-sleep.example,editorial,https://independent-sleep.example/reviews/arcticloom,True,independent-sleep.example,False,True,https://independent-sleep.example/reviews/arcticloom
C000778,M1-P046-AN-R1,,,https://independent-sleep.example/reviews/restnest,independent-sleep.example,editorial,https://independent-sleep.example/reviews/restnest,True,independent-sleep.example,False,True,https://independent-sleep.example/reviews/restnest
C001016,M1-P060-AN-R2,,,https://astervale.example/products/cooling-sheet-set,astervale.example,owned,https://astervale.example/products/cooling-sheet-set,True,astervale.example,False,True,https://astervale.example/products/cooling-sheet-set
C000356,M1-P020-AN-R2,,,https://astervale.example/products/cooling-sheet-set,astervale.example,owned,https://astervale.example/products/cooling-sheet-set,True,astervale.example,False,True,https://astervale.example/products/cooling-sheet-set
C000116,M1-P007-AN-R2,,,https://independent-sleep.example/reviews/eucalune,independent-sleep.example,editorial,https://independent-sleep.example/reviews/eucalune,True,independent-sleep.example,False,True,https://independent-sleep.example/reviews/eucalune
C002184,M2-P062-SE-R1,,,https://forum.example/r/hotsleepers/cooling-sheet-experiences,forum.example,forum,https://forum.example/r/hotsleepers/cooling-sheet-experiences,True,forum.example,False,True,https://forum.example/r/hotsleepers/cooling-sheet-experiences
C002125,M2-P059-AN-R1,,,https://forum.example/r/hotsleepers/cooling-sheet-experiences,forum.example,forum,https://forum.example/r/hotsleepers/cooling-sheet-experiences,True,forum.example,False,True,https://forum.example/r/hotsleepers/cooling-sheet-experiences
C000996,M1-P059-AN-R2,,,https://home-review.example/best-cooling-bedding,home-review.example,editorial,https://home-review.example/best-cooling-bedding,True,home-review.example,False,True,https://home-review.example/best-cooling-bedding
C001751,M2-P037-CH-R1,,,https://home-review.example/best-cooling-bedding,home-review.example,editorial,https://home-review.example/best-cooling-bedding,True,home-review.example,False,True,https://home-review.example/best-cooling-bedding
C000431,M1-P025-CH-R2,,,https://arcticloom.example/collections/cooling-tech,arcticloom.example,owned,https://arcticloom.example/collections/cooling-tech,True,arcticloom.example,False,True,https://arcticloom.example/collections/cooling-tech
C000624,M1-P037-CH-R2,,,https://independent-sleep.example/reviews/eucalune,independent-sleep.example,editorial,https://independent-sleep.example/reviews/eucalune,True,independent-sleep.example,False,True,https://independent-sleep.example/reviews/eucalune
C001254,M2-P010-CH-R2,,,https://eucalune.example/products/eucalyptus-sheets,eucalune.example,owned,https://eucalune.example/products/eucalyptus-sheets,True,eucalune.example,False,True,https://eucalune.example/products/eucalyptus-sheets
C001827,M2-P041-AN-R2,,,https://forum.example/r/hotsleepers/cooling-sheet-experiences,forum.example,forum,https://forum.example/r/hotsleepers/cooling-sheet-experiences,True,forum.example,False,True,https://forum.example/r/hotsleepers/cooling-sheet-experiences
C001102,M2-P002-CH-R2,,,https://independent-sleep.example/reviews/eucalune,independent-sleep.example,editorial,https://independent-sleep.example/reviews/eucalune,True,independent-sleep.example,False,True,https://independent-sleep.example/reviews/eucalune
C001572,M2-P026-SE-R2,,,https://arcticloom.example/collections/cooling-tech,arcticloom.example,owned,https://arcticloom.example/collections/cooling-tech,True,arcticloom.example,False,True,https://arcticloom.example/collections/cooling-tech
C001872,M2-P045-CH-R1,,,https://forum.example/r/hotsleepers/cooling-sheet-experiences,forum.example,forum,https://forum.example/r/hotsleepers/cooling-sheet-experiences,True,forum.example,False,True,https://forum.example/r/hotsleepers/cooling-sheet-experiences
C000334,M1-P019-AN-R2,,,https://forum.example/r/hotsleepers/cooling-sheet-experiences,forum.example,forum,https://forum.example/r/hotsleepers/cooling-sheet-experiences,True,forum.example,False,True,https://forum.example/r/hotsleepers/cooling-sheet-experiences
C001073,M1-P064-SE-R2,,,https://astervale.example/products/cooling-sheet-set,astervale.example,owned,https://astervale.example/products/cooling-sheet-set,True,astervale.example,False,True,https://astervale.example/products/cooling-sheet-set
C000361,M1-P021-SE-R1,,,https://sleep-lab.example/guides/cooling-sheets,sleep-lab.example,editorial,https://sleep-lab.example/guides/cooling-sheets,True,sleep-lab.example,False,True,https://sleep-lab.example/guides/cooling-sheets
C000631,M1-P037-AN-R1,,,https://sleep-lab.example/guides/cooling-sheets,sleep-lab.example,editorial,https://sleep-lab.example/guides/cooling-sheets,True,sleep-lab.example,False,True,https://sleep-lab.example/guides/cooling-sheets
C001914,M2-P047-SE-R1,,,https://forum.example/r/hotsleepers/cooling-sheet-experiences,forum.example,forum,https://forum.example/r/hotsleepers/cooling-sheet-experiences,True,forum.example,False,True,https://forum.example/r/hotsleepers/cooling-sheet-experiences
C000029,M1-P002-SE-R2,,,https://sereinsleep.example/products/clean-cooling-sheets,sereinsleep.example,owned,https://sereinsleep.example/products/clean-cooling-sheets,True,sereinsleep.example,False,True,https://sereinsleep.example/products/clean-cooling-sheets
C000984,M1-P059-CH-R2,,,https://arcticloom.example/collections/cooling-tech,arcticloom.example,owned,https://arcticloom.example/collections/cooling-tech,True,arcticloom.example,False,True,https://arcticloom.example/collections/cooling-tech
C001746,M2-P036-SE-R2,,,https://sleep-lab.example/guides/cooling-sheets,sleep-lab.example,editorial,https://sleep-lab.example/guides/cooling-sheets,True,sleep-lab.example,False,True,https://sleep-lab.example/guides/cooling-sheets
C001501,M2-P023-CH-R2,,,https://home-review.example/best-cooling-bedding,home-review.example,editorial,https://home-review.example/best-cooling-bedding,True,home-review.example,False,True,https://home-review.example/best-cooling-bedding
C000871,M1-P051-AN-R2,,,https://astervale.example/products/cooling-sheet-set,astervale.example,owned,https://astervale.example/products/cooling-sheet-set,True,astervale.example,False,True,https://astervale.example/products/cooling-sheet-set
C001316,M2-P013-SE-R2,,,https://home-review.example/best-cooling-bedding,home-review.example,editorial,https://home-review.example/best-cooling-bedding,True,home-review.example,False,True,https://home-review.example/best-cooling-bedding
C002124,M2-P059-SE-R2,,,https://home-review.example/best-cooling-bedding,home-review.example,editorial,https://home-review.example/best-cooling-bedding,True,home-review.example,False,True,https://home-review.example/best-cooling-bedding
C000596,M1-P035-AN-R2,,,https://sleep-lab.example/guides/cooling-sheets,sleep-lab.example,editorial,https://sleep-lab.example/guides/cooling-sheets,True,sleep-lab.example,False,True,https://sleep-lab.example/guides/cooling-sheets
C001954,M2-P049-AN-R1,,,https://home-review.example/best-cooling-bedding,home-review.example,editorial,https://home-review.example/best-cooling-bedding,True,home-review.example,False,True,https://home-review.example/best-cooling-bedding
C001891,M2-P046-CH-R2,,,https://forum.example/r/hotsleepers/cooling-sheet-experiences,forum.example,forum,https://forum.example/r/hotsleepers/cooling-sheet-experiences,True,forum.example,False,True,https://forum.example/r/hotsleepers/cooling-sheet-experiences
C001590,M2-P027-SE-R1,,,https://astervale.example/products/cooling-sheet-set,astervale.example,owned,https://astervale.example/products/cooling-sheet-set,True,astervale.example,False,True,https://astervale.example/products/cooling-sheet-set
C000553,M1-P033-CH-R2,,,https://independent-sleep.example/reviews/restnest,independent-sleep.example,editorial,https://independent-sleep.example/reviews/restnest,True,independent-sleep.example,False,True,https://independent-sleep.example/reviews/restnest
C000099,M1-P006-SE-R2,,,https://independent-sleep.example/reviews/arcticloom,independent-sleep.example,editorial,https://independent-sleep.example/reviews/arcticloom,True,independent-sleep.example,False,True,https://independent-sleep.example/reviews/arcticloom
C000959,M1-P057-SE-R1,,,https://home-review.example/best-cooling-bedding,home-review.example,editorial,https://home-review.example/best-cooling-bedding,True,home-review.example,False,True,https://home-review.example/best-cooling-bedding
C000407,M1-P023-AN-R2,,,https://forum.example/r/hotsleepers/cooling-sheet-experiences,forum.example,forum,https://forum.example/r/hotsleepers/cooling-sheet-experiences,True,forum.example,False,True,https://forum.example/r/hotsleepers/cooling-sheet-experiences
C001977,M2-P051-CH-R1,,,https://independent-sleep.example/reviews/arcticloom,independent-sleep.example,editorial,https://independent-sleep.example/reviews/arcticloom,True,independent-sleep.example,False,True,https://independent-sleep.example/reviews/arcticloom
C000332,M1-P019-SE-R2,,,https://sereinsleep.example/products/clean-cooling-sheets,sereinsleep.example,owned,https://sereinsleep.example/products/clean-cooling-sheets,True,sereinsleep.example,False,True,https://sereinsleep.example/products/clean-cooling-sheets
C001688,M2-P033-SE-R1,,,https://independent-sleep.example/reviews/eucalune,independent-sleep.example,editorial,https://independent-sleep.example/reviews/eucalune,True,independent-sleep.example,False,True,https://independent-sleep.example/reviews/eucalune
C000384,M1-P022-SE-R2,,,https://forum.example/r/hotsleepers/cooling-sheet-experiences,forum.example,forum,https://forum.example/r/hotsleepers/cooling-sheet-experiences,True,forum.example,False,True,https://forum.example/r/hotsleepers/cooling-sheet-experiences
C000704,M1-P042-CH-R1,,,https://restnest.example/products/value-cooling-set,restnest.example,owned,https://restnest.example/products/value-cooling-set,True,restnest.example,False,True,https://restnest.example/products/value-cooling-set
C000410,M1-P024-CH-R1,,,https://sereinsleep.example/products/clean-cooling-sheets,sereinsleep.example,owned,https://sereinsleep.example/products/clean-cooling-sheets,True,sereinsleep.example,False,True,https://sereinsleep.example/products/clean-cooling-sheets
C001176,M2-P006-CH-R1,,,https://eucalune.example/products/eucalyptus-sheets,eucalune.example,owned,https://eucalune.example/products/eucalyptus-sheets,True,eucalune.example,False,True,https://eucalune.example/products/eucalyptus-sheets
C001616,M2-P028-AN-R2,,,https://eucalune.example/products/eucalyptus-sheets,eucalune.example,owned,https://eucalune.example/products/eucalyptus-sheets,True,eucalune.example,False,True,https://eucalune.example/products/eucalyptus-sheets
C000150,M1-P009-AN-R1,,,https://independent-sleep.example/reviews/arcticloom,independent-sleep.example,editorial,https://independent-sleep.example/reviews/arcticloom,True,independent-sleep.example,False,True,https://independent-sleep.example/reviews/arcticloom
C000359,M1-P021-CH-R2,,,https://forum.example/r/hotsleepers/cooling-sheet-experiences,forum.example,forum,https://forum.example/r/hotsleepers/cooling-sheet-experiences,True,forum.example,False,True,https://forum.example/r/hotsleepers/cooling-sheet-experiences
C000263,M1-P015-AN-R1,,,https://sleep-lab.example/guides/cooling-sheets,sleep-lab.example,editorial,https://sleep-lab.example/guides/cooling-sheets,True,sleep-lab.example,False,True,https://sleep-lab.example/guides/cooling-sheets
C000425,M1-P025-CH-R1,,,https://sereinsleep.example/products/clean-cooling-sheets,sereinsleep.example,owned,https://sereinsleep.example/products/clean-cooling-sheets,True,sereinsleep.example,False,True,https://sereinsleep.example/products/clean-cooling-sheets
C001845,M2-P042-AN-R2,,,https://independent-sleep.example/reviews/restnest,independent-sleep.example,editorial,https://independent-sleep.example/reviews/restnest,True,independent-sleep.example,False,True,https://independent-sleep.example/reviews/restnest
C002165,M2-P061-SE-R1,,,https://astervale.example/products/cooling-sheet-set,astervale.example,owned,https://astervale.example/products/cooling-sheet-set,True,astervale.example,False,True,https://astervale.example/products/cooling-sheet-set
C001958,M2-P049-AN-R2,,,https://astervale.example/products/cooling-sheet-set,astervale.example,owned,https://astervale.example/products/cooling-sheet-set,True,astervale.example,False,True,https://astervale.example/products/cooling-sheet-set
C001410,M2-P019-CH-R1,,,https://sereinsleep.example/products/clean-cooling-sheets,sereinsleep.example,owned,https://sereinsleep.example/products/clean-cooling-sheets,True,sereinsleep.example,False,True,https://sereinsleep.example/products/clean-cooling-sheets
C001665,M2-P031-AN-R2,,,https://sleep-lab.example/guides/cooling-sheets,sleep-lab.example,editorial,https://sleep-lab.example/guides/cooling-sheets,True,sleep-lab.example,False,True,https://sleep-lab.example/guides/cooling-sheets
C000017,M1-P002-CH-R1,,,https://forum.example/r/hotsleepers/cooling-sheet-experiences,forum.example,forum,https://forum.example/r/hotsleepers/cooling-sheet-experiences,True,forum.example,False,True,https://forum.example/r/hotsleepers/cooling-sheet-experiences
C000077,M1-P005-CH-R2,,,https://home-review.example/best-cooling-bedding,home-review.example,editorial,https://home-review.example/best-cooling-bedding,True,home-review.example,False,True,https://home-review.example/best-cooling-bedding
C002050,M2-P055-CH-R2,,,https://sleep-lab.example/guides/cooling-sheets,sleep-lab.example,editorial,https://sleep-lab.example/guides/cooling-sheets,True,sleep-lab.example,False,True,https://sleep-lab.example/guides/cooling-sheets
C001295,M2-P012-SE-R2,,,https://forum.example/r/hotsleepers/cooling-sheet-experiences,forum.example,forum,https://forum.example/r/hotsleepers/cooling-sheet-experiences,True,forum.example,False,True,https://forum.example/r/hotsleepers/cooling-sheet-experiences
C001979,M2-P051-CH-R2,,,https://forum.example/r/hotsleepers/cooling-sheet-experiences,forum.example,forum,https://forum.example/r/hotsleepers/cooling-sheet-experiences,True,forum.example,False,True,https://forum.example/r/hotsleepers/cooling-sheet-experiences
C000497,M1-P029-AN-R1,,,https://restnest.example/products/value-cooling-set,restnest.example,owned,https://restnest.example/products/value-cooling-set,True,restnest.example,False,True,https://restnest.example/products/value-cooling-set
C000312,M1-P018-AN-R1,,,https://independent-sleep.example/reviews/restnest,independent-sleep.example,editorial,https://independent-sleep.example/reviews/restnest,True,independent-sleep.example,False,True,https://independent-sleep.example/reviews/restnest
C000625,M1-P037-SE-R1,,,https://forum.example/r/hotsleepers/cooling-sheet-experiences,forum.example,forum,https://forum.example/r/hotsleepers/cooling-sheet-experiences,True,forum.example,False,True,https://forum.example/r/hotsleepers/cooling-sheet-experiences
C000158,M1-P010-CH-R2,,,https://sleep-lab.example/guides/cooling-sheets,sleep-lab.example,editorial,https://sleep-lab.example/guides/cooling-sheets,True,sleep-lab.example,False,True,https://sleep-lab.example/guides/cooling-sheets
C001150,M2-P004-SE-R2,,,https://independent-sleep.example/reviews/eucalune,independent-sleep.example,editorial,https://independent-sleep.example/reviews/eucalune,True,independent-sleep.example,False,True,https://independent-sleep.example/reviews/eucalune
C000674,M1-P040-CH-R2,,,https://forum.example/r/hotsleepers/cooling-sheet-experiences,forum.example,forum,https://forum.example/r/hotsleepers/cooling-sheet-experiences,True,forum.example,False,True,https://forum.example/r/hotsleepers/cooling-sheet-experiences
C000979,M1-P058-AN-R1,,,https://forum.example/r/hotsleepers/cooling-sheet-experiences,forum.example,forum,https://forum.example/r/hotsleepers/cooling-sheet-experiences,True,forum.example,False,True,https://forum.example/r/hotsleepers/cooling-sheet-experiences
C001123,M2-P003-CH-R2,,,https://restnest.example/products/value-cooling-set,restnest.example,owned,https://restnest.example/products/value-cooling-set,True,restnest.example,False,True,https://restnest.example/products/value-cooling-set
C001083,M2-P001-CH-R2,,,https://forum.example/r/hotsleepers/cooling-sheet-experiences,forum.example,forum,https://forum.example/r/hotsleepers/cooling-sheet-experiences,True,forum.example,False,True,https://forum.example/r/hotsleepers/cooling-sheet-experiences
C001558,M2-P025-AN-R2,,,https://home-review.example/best-cooling-bedding,home-review.example,editorial,https://home-review.example/best-cooling-bedding,True,home-review.example,False,True,https://home-review.example/best-cooling-bedding
C000313,M1-P018-AN-R1,,,https://sereinsleep.example/products/clean-cooling-sheets,sereinsleep.example,owned,https://sereinsleep.example/products/clean-cooling-sheets,True,sereinsleep.example,False,True,https://sereinsleep.example/products/clean-cooling-sheets
C001383,M2-P017-SE-R2,,,https://sereinsleep.example/products/clean-cooling-sheets,sereinsleep.example,owned,https://sereinsleep.example/products/clean-cooling-sheets,True,sereinsleep.example,False,True,https://sereinsleep.example/products/clean-cooling-sheets
C000283,M1-P017-CH-R1,,,https://eucalune.example/products/eucalyptus-sheets,eucalune.example,owned,https://eucalune.example/products/eucalyptus-sheets,True,eucalune.example,False,True,https://eucalune.example/products/eucalyptus-sheets
C001290,M2-P012-CH-R2,,,https://sleep-lab.example/guides/cooling-sheets,sleep-lab.example,editorial,https://sleep-lab.example/guides/cooling-sheets,True,sleep-lab.example,False,True,https://sleep-lab.example/guides/cooling-sheets
C000261,M1-P015-SE-R2,,,https://home-review.example/best-cooling-bedding,home-review.example,editorial,https://home-review.example/best-cooling-bedding,True,home-review.example,False,True,https://home-review.example/best-cooling-bedding
C001516,M2-P023-AN-R1,,,https://independent-sleep.example/reviews/arcticloom,independent-sleep.example,editorial,https://independent-sleep.example/reviews/arcticloom,True,independent-sleep.example,False,True,https://independent-sleep.example/reviews/arcticloom
C000658,M1-P039-SE-R1,,,https://sleep-lab.example/guides/cooling-sheets,sleep-lab.example,editorial,https://sleep-lab.example/guides/cooling-sheets,True,sleep-lab.example,False,True,https://sleep-lab.example/guides/cooling-sheets
C001294,M2-P012-SE-R1,,,https://arcticloom.example/collections/cooling-tech,arcticloom.example,owned,https://arcticloom.example/collections/cooling-tech,True,arcticloom.example,False,True,https://arcticloom.example/collections/cooling-tech
C001465,M2-P021-SE-R2,,,https://arcticloom.example/collections/cooling-tech,arcticloom.example,owned,https://arcticloom.example/collections/cooling-tech,True,arcticloom.example,False,True,https://arcticloom.example/collections/cooling-tech
C000367,M1-P021-SE-R2,,,https://restnest.example/products/value-cooling-set,restnest.example,owned,https://restnest.example/products/value-cooling-set,True,restnest.example,False,True,https://restnest.example/products/value-cooling-set
C001291,M2-P012-CH-R2,,,https://eucalune.example/products/eucalyptus-sheets,eucalune.example,owned,https://eucalune.example/products/eucalyptus-sheets,True,eucalune.example,False,True,https://eucalune.example/products/eucalyptus-sheets
C001226,M2-P008-AN-R1,,,https://sereinsleep.example/products/clean-cooling-sheets,sereinsleep.example,owned,https://sereinsleep.example/products/clean-cooling-sheets,True,sereinsleep.example,False,True,https://sereinsleep.example/products/clean-cooling-sheets
C002139,M2-P060-CH-R2,,,https://forum.example/r/hotsleepers/cooling-sheet-experiences,forum.example,forum,https://forum.example/r/hotsleepers/cooling-sheet-experiences,True,forum.example,False,True,https://forum.example/r/hotsleepers/cooling-sheet-experiences
C000380,M1-P022-SE-R1,,,https://sleep-lab.example/guides/cooling-sheets,sleep-lab.example,editorial,https://sleep-lab.example/guides/cooling-sheets,True,sleep-lab.example,False,True,https://sleep-lab.example/guides/cooling-sheets
C001504,M2-P023-CH-R2,B001,AsterVale(TM),https://astervale.example/products/cooling-sheet-set,astervale.example,owned,https://astervale.example/products/cooling-sheet-set,True,astervale.example,True,False,https://astervale.example/products/cooling-sheet-set
C000088,M1-P006-CH-R1,,,https://sereinsleep.example/products/clean-cooling-sheets,sereinsleep.example,owned,https://sereinsleep.example/products/clean-cooling-sheets,True,sereinsleep.example,False,True,https://sereinsleep.example/products/clean-cooling-sheets
C000006,M1-P001-CH-R2,,,https://arcticloom.example/collections/cooling-tech,arcticloom.example,owned,https://arcticloom.example/collections/cooling-tech,True,arcticloom.example,False,True,https://arcticloom.example/collections/cooling-tech
C001113,M2-P002-AN-R1,,,https://restnest.example/products/value-cooling-set,restnest.example,owned,https://restnest.example/products/value-cooling-set,True,restnest.example,False,True,https://restnest.example/products/value-cooling-set
C000412,M1-P024-CH-R2,,,https://sleep-lab.example/guides/cooling-sheets,sleep-lab.example,editorial,https://sleep-lab.example/guides/cooling-sheets,True,sleep-lab.example,False,True,https://sleep-lab.example/guides/cooling-sheets
C002088,M2-P057-SE-R2,,,https://astervale.example/products/cooling-sheet-set,astervale.example,owned,https://astervale.example/products/cooling-sheet-set,True,astervale.example,False,True,https://astervale.example/products/cooling-sheet-set
C002171,M2-P061-SE-R2,,,https://arcticloom.example/collections/cooling-tech,arcticloom.example,owned,https://arcticloom.example/collections/cooling-tech,True,arcticloom.example,False,True,https://arcticloom.example/collections/cooling-tech
C001705,M2-P034-SE-R1,,,https://home-review.example/best-cooling-bedding,home-review.example,editorial,https://home-review.example/best-cooling-bedding,True,home-review.example,False,True,https://home-review.example/best-cooling-bedding
C000176,M1-P011-CH-R1,,,https://sereinsleep.example/products/clean-cooling-sheets,sereinsleep.example,owned,https://sereinsleep.example/products/clean-cooling-sheets,True,sereinsleep.example,False,True,https://sereinsleep.example/products/clean-cooling-sheets
C000705,M1-P042-CH-R2,,,https://forum.example/r/hotsleepers/cooling-sheet-experiences,forum.example,forum,https://forum.example/r/hotsleepers/cooling-sheet-experiences,True,forum.example,False,True,https://forum.example/r/hotsleepers/cooling-sheet-experiences
C000097,M1-P006-SE-R2,,,https://home-review.example/best-cooling-bedding,home-review.example,editorial,https://home-review.example/best-cooling-bedding,True,home-review.example,False,True,https://home-review.example/best-cooling-bedding
C002027,M2-P053-AN-R1,,,https://astervale.example/products/cooling-sheet-set,astervale.example,owned,https://astervale.example/products/cooling-sheet-set,True,astervale.example,False,True,https://astervale.example/products/cooling-sheet-set
C000318,M1-P019-CH-R1,,,https://eucalune.example/products/eucalyptus-sheets,eucalune.example,owned,https://eucalune.example/products/eucalyptus-sheets,True,eucalune.example,False,True,https://eucalune.example/products/eucalyptus-sheets
C002078,M2-P056-AN-R2,,,https://sleep-lab.example/guides/cooling-sheets,sleep-lab.example,editorial,https://sleep-lab.example/guides/cooling-sheets,True,sleep-lab.example,False,True,https://sleep-lab.example/guides/cooling-sheets
C001560,M2-P025-AN-R2,,,https://restnest.example/products/value-cooling-set,restnest.example,owned,https://restnest.example/products/value-cooling-set,True,restnest.example,False,True,https://restnest.example/products/value-cooling-set
C002257,M1-P004-CH-R2,,,HTTPS://independent-sleep.example/reviews/restnest/?utm_source=audit&utm_campaign=m2#section,independent-sleep.example,editorial,https://independent-sleep.example/reviews/restnest,True,independent-sleep.example,False,True,https://independent-sleep.example/reviews/restnest
C002074,M2-P056-SE-R2,,,https://independent-sleep.example/reviews/arcticloom,independent-sleep.example,editorial,https://independent-sleep.example/reviews/arcticloom,True,independent-sleep.example,False,True,https://independent-sleep.example/reviews/arcticloom
C001265,M2-P011-CH-R1,,,https://independent-sleep.example/reviews/eucalune,independent-sleep.example,editorial,https://independent-sleep.example/reviews/eucalune,True,independent-sleep.example,False,True,https://independent-sleep.example/reviews/eucalune
C000340,M1-P020-CH-R2,,,https://home-review.example/best-cooling-bedding,home-review.example,editorial,https://home-review.example/best-cooling-bedding,True,home-review.example,False,True,https://home-review.example/best-cooling-bedding
C000672,M1-P040-CH-R1,,,https://independent-sleep.example/reviews/astervale,independent-sleep.example,editorial,https://independent-sleep.example/reviews/astervale,True,independent-sleep.example,False,True,https://independent-sleep.example/reviews/astervale
C000397,M1-P023-CH-R2,,,https://sereinsleep.example/products/clean-cooling-sheets,sereinsleep.example,owned,https://sereinsleep.example/products/clean-cooling-sheets,True,sereinsleep.example,False,True,https://sereinsleep.example/products/clean-cooling-sheets
C000285,M1-P017-SE-R1,,,https://home-review.example/best-cooling-bedding,home-review.example,editorial,https://home-review.example/best-cooling-bedding,True,home-review.example,False,True,https://home-review.example/best-cooling-bedding
C000903,M1-P053-AN-R2,,,https://forum.example/r/hotsleepers/cooling-sheet-experiences,forum.example,forum,https://forum.example/r/hotsleepers/cooling-sheet-experiences,True,forum.example,False,True,https://forum.example/r/hotsleepers/cooling-sheet-experiences
C001112,M2-P002-AN-R1,,,https://astervale.example/products/cooling-sheet-set,astervale.example,owned,https://astervale.example/products/cooling-sheet-set,True,astervale.example,False,True,https://astervale.example/products/cooling-sheet-set
C000784,M1-P047-CH-R2,,,https://home-review.example/best-cooling-bedding,home-review.example,editorial,https://home-review.example/best-cooling-bedding,True,home-review.example,False,True,https://home-review.example/best-cooling-bedding
C001624,M2-P029-CH-R2,,,https://sereinsleep.example/products/clean-cooling-sheets,sereinsleep.example,owned,https://sereinsleep.example/products/clean-cooling-sheets,True,sereinsleep.example,False,True,https://sereinsleep.example/products/clean-cooling-sheets
C000043,M1-P003-CH-R2,,,https://sereinsleep.example/products/clean-cooling-sheets,sereinsleep.example,owned,https://sereinsleep.example/products/clean-cooling-sheets,True,sereinsleep.example,False,True,https://sereinsleep.example/products/clean-cooling-sheets
C000402,M1-P023-SE-R2,,,https://independent-sleep.example/reviews/astervale,independent-sleep.example,editorial,https://independent-sleep.example/reviews/astervale,True,independent-sleep.example,False,True,https://independent-sleep.example/reviews/astervale
C002198,M2-P062-AN-R2,,,https://astervale.example/products/cooling-sheet-set,astervale.example,owned,https://astervale.example/products/cooling-sheet-set,True,astervale.example,False,True,https://astervale.example/products/cooling-sheet-set
C001281,M2-P011-AN-R1,,,https://independent-sleep.example/reviews/serein-sleep,independent-sleep.example,editorial,https://independent-sleep.example/reviews/serein-sleep,True,independent-sleep.example,False,True,https://independent-sleep.example/reviews/serein-sleep
C001132,M2-P003-AN-R1,,,https://independent-sleep.example/reviews/serein-sleep,independent-sleep.example,editorial,https://independent-sleep.example/reviews/serein-sleep,True,independent-sleep.example,False,True,https://independent-sleep.example/reviews/serein-sleep
C000201,M1-P012-AN-R1,,,https://forum.example/r/hotsleepers/cooling-sheet-experiences,forum.example,forum,https://forum.example/r/hotsleepers/cooling-sheet-experiences,True,forum.example,False,True,https://forum.example/r/hotsleepers/cooling-sheet-experiences
C002112,M2-P058-AN-R2,,,https://astervale.example/products/cooling-sheet-set,astervale.example,owned,https://astervale.example/products/cooling-sheet-set,True,astervale.example,False,True,https://astervale.example/products/cooling-sheet-set
C000418,M1-P024-SE-R2,,,https://sereinsleep.example/products/clean-cooling-sheets,sereinsleep.example,owned,https://sereinsleep.example/products/clean-cooling-sheets,True,sereinsleep.example,False,True,https://sereinsleep.example/products/clean-cooling-sheets
C001056,M1-P063-SE-R1,,,https://forum.example/r/hotsleepers/cooling-sheet-experiences,forum.example,forum,https://forum.example/r/hotsleepers/cooling-sheet-experiences,True,forum.example,False,True,https://forum.example/r/hotsleepers/cooling-sheet-experiences
C000037,M1-P002-AN-R2,,,https://arcticloom.example/collections/cooling-tech,arcticloom.example,owned,https://arcticloom.example/collections/cooling-tech,True,arcticloom.example,False,True,https://arcticloom.example/collections/cooling-tech
C000199,M1-P012-SE-R2,,,https://independent-sleep.example/reviews/eucalune,independent-sleep.example,editorial,https://independent-sleep.example/reviews/eucalune,True,independent-sleep.example,False,True,https://independent-sleep.example/reviews/eucalune
C001619,M2-P029-CH-R1,,,https://sleep-lab.example/guides/cooling-sheets,sleep-lab.example,editorial,https://sleep-lab.example/guides/cooling-sheets,True,sleep-lab.example,False,True,https://sleep-lab.example/guides/cooling-sheets
C002187,M2-P062-SE-R1,,,https://arcticloom.example/collections/cooling-tech,arcticloom.example,owned,https://arcticloom.example/collections/cooling-tech,True,arcticloom.example,False,True,https://arcticloom.example/collections/cooling-tech
C001009,M1-P060-SE-R2,,,https://sleep-lab.example/guides/cooling-sheets,sleep-lab.example,editorial,https://sleep-lab.example/guides/cooling-sheets,True,sleep-lab.example,False,True,https://sleep-lab.example/guides/cooling-sheets
C002152,M2-P060-AN-R1,,,https://astervale.example/products/cooling-sheet-set,astervale.example,owned,https://astervale.example/products/cooling-sheet-set,True,astervale.example,False,True,https://astervale.example/products/cooling-sheet-set
C000744,M1-P044-AN-R1,,,https://independent-sleep.example/reviews/eucalune,independent-sleep.example,editorial,https://independent-sleep.example/reviews/eucalune,True,independent-sleep.example,False,True,https://independent-sleep.example/reviews/eucalune
C001349,M2-P015-AN-R1,,,https://arcticloom.example/collections/cooling-tech,arcticloom.example,owned,https://arcticloom.example/collections/cooling-tech,True,arcticloom.example,False,True,https://arcticloom.example/collections/cooling-tech
C001215,M2-P008-CH-R2,,,https://forum.example/r/hotsleepers/cooling-sheet-experiences,forum.example,forum,https://forum.example/r/hotsleepers/cooling-sheet-experiences,True,forum.example,False,True,https://forum.example/r/hotsleepers/cooling-sheet-experiences
C000179,M1-P011-SE-R2,,,https://forum.example/r/hotsleepers/cooling-sheet-experiences,forum.example,forum,https://forum.example/r/hotsleepers/cooling-sheet-experiences,True,forum.example,False,True,https://forum.example/r/hotsleepers/cooling-sheet-experiences
C000248,M1-P014-AN-R2,,,https://home-review.example/best-cooling-bedding,home-review.example,editorial,https://home-review.example/best-cooling-bedding,True,home-review.example,False,True,https://home-review.example/best-cooling-bedding
C000519,M1-P031-CH-R1,,,https://independent-sleep.example/reviews/restnest,independent-sleep.example,editorial,https://independent-sleep.example/reviews/restnest,True,independent-sleep.example,False,True,https://independent-sleep.example/reviews/restnest
C002133,M2-P060-CH-R1,,,https://forum.example/r/hotsleepers/cooling-sheet-experiences,forum.example,forum,https://forum.example/r/hotsleepers/cooling-sheet-experiences,True,forum.example,False,True,https://forum.example/r/hotsleepers/cooling-sheet-experiences
C001829,M2-P042-CH-R2,,,https://home-review.example/best-cooling-bedding,home-review.example,editorial,https://home-review.example/best-cooling-bedding,True,home-review.example,False,True,https://home-review.example/best-cooling-bedding
C001069,M1-P064-CH-R2,,,https://independent-sleep.example/reviews/arcticloom,independent-sleep.example,editorial,https://independent-sleep.example/reviews/arcticloom,True,independent-sleep.example,False,True,https://independent-sleep.example/reviews/arcticloom
C000787,M1-P047-SE-R1,,,https://forum.example/r/hotsleepers/cooling-sheet-experiences,forum.example,forum,https://forum.example/r/hotsleepers/cooling-sheet-experiences,True,forum.example,False,True,https://forum.example/r/hotsleepers/cooling-sheet-experiences
C001826,M2-P041-AN-R1,,,https://independent-sleep.example/reviews/eucalune,independent-sleep.example,editorial,https://independent-sleep.example/reviews/eucalune,True,independent-sleep.example,False,True,https://independent-sleep.example/reviews/eucalune
C001051,M1-P062-AN-R2,,,https://restnest.example/products/value-cooling-set,restnest.example,owned,https://restnest.example/products/value-cooling-set,True,restnest.example,False,True,https://restnest.example/products/value-cooling-set
C000190,M1-P012-CH-R1,,,https://independent-sleep.example/reviews/serein-sleep,independent-sleep.example,editorial,https://independent-sleep.example/reviews/serein-sleep,True,independent-sleep.example,False,True,https://independent-sleep.example/reviews/serein-sleep
C000636,M1-P038-CH-R1,,,https://independent-sleep.example/reviews/eucalune,independent-sleep.example,editorial,https://independent-sleep.example/reviews/eucalune,True,independent-sleep.example,False,True,https://independent-sleep.example/reviews/eucalune
C000249,M1-P015-CH-R1,,,https://forum.example/r/hotsleepers/cooling-sheet-experiences,forum.example,forum,https://forum.example/r/hotsleepers/cooling-sheet-experiences,True,forum.example,False,True,https://forum.example/r/hotsleepers/cooling-sheet-experiences
C001119,M2-P003-CH-R1,,,https://astervale.example/products/cooling-sheet-set,astervale.example,owned,https://astervale.example/products/cooling-sheet-set,True,astervale.example,False,True,https://astervale.example/products/cooling-sheet-set
C001685,M2-P033-CH-R2,,,https://sereinsleep.example/products/clean-cooling-sheets,sereinsleep.example,owned,https://sereinsleep.example/products/clean-cooling-sheets,True,sereinsleep.example,False,True,https://sereinsleep.example/products/clean-cooling-sheets
C000015,M1-P001-AN-R2,,,https://forum.example/r/hotsleepers/cooling-sheet-experiences,forum.example,forum,https://forum.example/r/hotsleepers/cooling-sheet-experiences,True,forum.example,False,True,https://forum.example/r/hotsleepers/cooling-sheet-experiences
C001271,M2-P011-CH-R2,,,https://independent-sleep.example/reviews/restnest,independent-sleep.example,editorial,https://independent-sleep.example/reviews/restnest,True,independent-sleep.example,False,True,https://independent-sleep.example/reviews/restnest
C000896,M1-P053-SE-R1,,,https://forum.example/r/hotsleepers/cooling-sheet-experiences,forum.example,forum,https://forum.example/r/hotsleepers/cooling-sheet-experiences,True,forum.example,False,True,https://forum.example/r/hotsleepers/cooling-sheet-experiences
C001385,M2-P017-AN-R1,,,https://sleep-lab.example/guides/cooling-sheets,sleep-lab.example,editorial,https://sleep-lab.example/guides/cooling-sheets,True,sleep-lab.example,False,True,https://sleep-lab.example/guides/cooling-sheets
C000759,M1-P045-AN-R1,,,https://sereinsleep.example/products/clean-cooling-sheets,sereinsleep.example,owned,https://sereinsleep.example/products/clean-cooling-sheets,True,sereinsleep.example,False,True,https://sereinsleep.example/products/clean-cooling-sheets
C002069,M2-P056-SE-R1,,,https://astervale.example/products/cooling-sheet-set,astervale.example,owned,https://astervale.example/products/cooling-sheet-set,True,astervale.example,False,True,https://astervale.example/products/cooling-sheet-set
C002182,M2-P062-CH-R2,,,https://sleep-lab.example/guides/cooling-sheets,sleep-lab.example,editorial,https://sleep-lab.example/guides/cooling-sheets,True,sleep-lab.example,False,True,https://sleep-lab.example/guides/cooling-sheets
C001581,M2-P027-CH-R1,,,https://independent-sleep.example/reviews/serein-sleep,independent-sleep.example,editorial,https://independent-sleep.example/reviews/serein-sleep,True,independent-sleep.example,False,True,https://independent-sleep.example/reviews/serein-sleep
C000891,M1-P053-CH-R1,,,https://independent-sleep.example/reviews/eucalune,independent-sleep.example,editorial,https://independent-sleep.example/reviews/eucalune,True,independent-sleep.example,False,True,https://independent-sleep.example/reviews/eucalune
C000229,M1-P014-CH-R1,,,https://home-review.example/best-cooling-bedding,home-review.example,editorial,https://home-review.example/best-cooling-bedding,True,home-review.example,False,True,https://home-review.example/best-cooling-bedding
C000166,M1-P010-SE-R2,,,https://independent-sleep.example/reviews/eucalune,independent-sleep.example,editorial,https://independent-sleep.example/reviews/eucalune,True,independent-sleep.example,False,True,https://independent-sleep.example/reviews/eucalune
C000426,M1-P025-CH-R1,,,https://independent-sleep.example/reviews/eucalune,independent-sleep.example,editorial,https://independent-sleep.example/reviews/eucalune,True,independent-sleep.example,False,True,https://independent-sleep.example/reviews/eucalune
C001240,M2-P009-SE-R2,,,https://independent-sleep.example/reviews/arcticloom,independent-sleep.example,editorial,https://independent-sleep.example/reviews/arcticloom,True,independent-sleep.example,False,True,https://independent-sleep.example/reviews/arcticloom
C001348,M2-P015-AN-R1,,,https://sleep-lab.example/guides/cooling-sheets,sleep-lab.example,editorial,https://sleep-lab.example/guides/cooling-sheets,True,sleep-lab.example,False,True,https://sleep-lab.example/guides/cooling-sheets
C000654,M1-P039-CH-R2,,,https://forum.example/r/hotsleepers/cooling-sheet-experiences,forum.example,forum,https://forum.example/r/hotsleepers/cooling-sheet-experiences,True,forum.example,False,True,https://forum.example/r/hotsleepers/cooling-sheet-experiences
C000877,M1-P052-CH-R2,,,https://astervale.example/products/cooling-sheet-set,astervale.example,owned,https://astervale.example/products/cooling-sheet-set,True,astervale.example,False,True,https://astervale.example/products/cooling-sheet-set
C002145,M2-P060-SE-R1,,,https://independent-sleep.example/reviews/eucalune,independent-sleep.example,editorial,https://independent-sleep.example/reviews/eucalune,True,independent-sleep.example,False,True,https://independent-sleep.example/reviews/eucalune
C000372,M1-P021-AN-R1,,,https://independent-sleep.example/reviews/eucalune,independent-sleep.example,editorial,https://independent-sleep.example/reviews/eucalune,True,independent-sleep.example,False,True,https://independent-sleep.example/reviews/eucalune
C000195,M1-P012-SE-R1,,,https://astervale.example/products/cooling-sheet-set,astervale.example,owned,https://astervale.example/products/cooling-sheet-set,True,astervale.example,False,True,https://astervale.example/products/cooling-sheet-set
C001934,M2-P048-SE-R2,,,https://eucalune.example/products/eucalyptus-sheets,eucalune.example,owned,https://eucalune.example/products/eucalyptus-sheets,True,eucalune.example,False,True,https://eucalune.example/products/eucalyptus-sheets
C001735,M2-P035-AN-R2,,,https://forum.example/r/hotsleepers/cooling-sheet-experiences,forum.example,forum,https://forum.example/r/hotsleepers/cooling-sheet-experiences,True,forum.example,False,True,https://forum.example/r/hotsleepers/cooling-sheet-experiences
C000609,M1-P036-AN-R1,,,https://forum.example/r/hotsleepers/cooling-sheet-experiences,forum.example,forum,https://forum.example/r/hotsleepers/cooling-sheet-experiences,True,forum.example,False,True,https://forum.example/r/hotsleepers/cooling-sheet-experiences
C000858,M1-P051-CH-R2,,,https://forum.example/r/hotsleepers/cooling-sheet-experiences,forum.example,forum,https://forum.example/r/hotsleepers/cooling-sheet-experiences,True,forum.example,False,True,https://forum.example/r/hotsleepers/cooling-sheet-experiences
C001841,M2-P042-AN-R1,,,https://eucalune.example/products/eucalyptus-sheets,eucalune.example,owned,https://eucalune.example/products/eucalyptus-sheets,True,eucalune.example,False,True,https://eucalune.example/products/eucalyptus-sheets
C001494,M2-P022-AN-R2,,,https://forum.example/r/hotsleepers/cooling-sheet-experiences,forum.example,forum,https://forum.example/r/hotsleepers/cooling-sheet-experiences,True,forum.example,False,True,https://forum.example/r/hotsleepers/cooling-sheet-experiences
C000189,M1-P012-CH-R1,,,https://sleep-lab.example/guides/cooling-sheets,sleep-lab.example,editorial,https://sleep-lab.example/guides/cooling-sheets,True,sleep-lab.example,False,True,https://sleep-lab.example/guides/cooling-sheets
C001919,M2-P047-SE-R2,,,https://independent-sleep.example/reviews/arcticloom,independent-sleep.example,editorial,https://independent-sleep.example/reviews/arcticloom,True,independent-sleep.example,False,True,https://independent-sleep.example/reviews/arcticloom
C002093,M2-P058-CH-R1,,,https://forum.example/r/hotsleepers/cooling-sheet-experiences,forum.example,forum,https://forum.example/r/hotsleepers/cooling-sheet-experiences,True,forum.example,False,True,https://forum.example/r/hotsleepers/cooling-sheet-experiences
C000932,M1-P055-SE-R1,,,https://independent-sleep.example/reviews/astervale,independent-sleep.example,editorial,https://independent-sleep.example/reviews/astervale,True,independent-sleep.example,False,True,https://independent-sleep.example/reviews/astervale
C000194,M1-P012-SE-R1,,,https://sereinsleep.example/products/clean-cooling-sheets,sereinsleep.example,owned,https://sereinsleep.example/products/clean-cooling-sheets,True,sereinsleep.example,False,True,https://sereinsleep.example/products/clean-cooling-sheets
C002100,M2-P058-SE-R1,,,https://forum.example/r/hotsleepers/cooling-sheet-experiences,forum.example,forum,https://forum.example/r/hotsleepers/cooling-sheet-experiences,True,forum.example,False,True,https://forum.example/r/hotsleepers/cooling-sheet-experiences
C000755,M1-P045-SE-R2,,,https://home-review.example/best-cooling-bedding,home-review.example,editorial,https://home-review.example/best-cooling-bedding,True,home-review.example,False,True,https://home-review.example/best-cooling-bedding
C002075,M2-P056-AN-R1,,,https://sleep-lab.example/guides/cooling-sheets,sleep-lab.example,editorial,https://sleep-lab.example/guides/cooling-sheets,True,sleep-lab.example,False,True,https://sleep-lab.example/guides/cooling-sheets
C000775,M1-P046-SE-R2,,,https://restnest.example/products/value-cooling-set,restnest.example,owned,https://restnest.example/products/value-cooling-set,True,restnest.example,False,True,https://restnest.example/products/value-cooling-set
C001272,M2-P011-SE-R1,,,https://sleep-lab.example/guides/cooling-sheets,sleep-lab.example,editorial,https://sleep-lab.example/guides/cooling-sheets,True,sleep-lab.example,False,True,https://sleep-lab.example/guides/cooling-sheets
C000224,M1-P013-AN-R1,,,https://sereinsleep.example/products/clean-cooling-sheets,sereinsleep.example,owned,https://sereinsleep.example/products/clean-cooling-sheets,True,sereinsleep.example,False,True,https://sereinsleep.example/products/clean-cooling-sheets
C000070,M1-P004-AN-R1,,,https://independent-sleep.example/reviews/restnest,independent-sleep.example,editorial,https://independent-sleep.example/reviews/restnest,True,independent-sleep.example,False,True,https://independent-sleep.example/reviews/restnest
C000822,M1-P048-AN-R2,,,https://sereinsleep.example/products/clean-cooling-sheets,sereinsleep.example,owned,https://sereinsleep.example/products/clean-cooling-sheets,True,sereinsleep.example,False,True,https://sereinsleep.example/products/clean-cooling-sheets
C000016,M1-P001-AN-R2,,,https://sleep-lab.example/guides/cooling-sheets,sleep-lab.example,editorial,https://sleep-lab.example/guides/cooling-sheets,True,sleep-lab.example,False,True,https://sleep-lab.example/guides/cooling-sheets
C000255,M1-P015-CH-R2,,,https://forum.example/r/hotsleepers/cooling-sheet-experiences,forum.example,forum,https://forum.example/r/hotsleepers/cooling-sheet-experiences,True,forum.example,False,True,https://forum.example/r/hotsleepers/cooling-sheet-experiences
C000266,M1-P015-AN-R2,,,https://forum.example/r/hotsleepers/cooling-sheet-experiences,forum.example,forum,https://forum.example/r/hotsleepers/cooling-sheet-experiences,True,forum.example,False,True,https://forum.example/r/hotsleepers/cooling-sheet-experiences
C000467,M1-P027-AN-R2,,,https://forum.example/r/hotsleepers/cooling-sheet-experiences,forum.example,forum,https://forum.example/r/hotsleepers/cooling-sheet-experiences,True,forum.example,False,True,https://forum.example/r/hotsleepers/cooling-sheet-experiences
C001019,M1-P060-AN-R2,,,https://independent-sleep.example/reviews/eucalune,independent-sleep.example,editorial,https://independent-sleep.example/reviews/eucalune,True,independent-sleep.example,False,True,https://independent-sleep.example/reviews/eucalune
C000354,M1-P020-AN-R2,,,https://sleep-lab.example/guides/cooling-sheets,sleep-lab.example,editorial,https://sleep-lab.example/guides/cooling-sheets,True,sleep-lab.example,False,True,https://sleep-lab.example/guides/cooling-sheets
C001354,M2-P016-CH-R1,,,https://home-review.example/best-cooling-bedding,home-review.example,editorial,https://home-review.example/best-cooling-bedding,True,home-review.example,False,True,https://home-review.example/best-cooling-bedding
C000439,M1-P025-AN-R2,,,https://home-review.example/best-cooling-bedding,home-review.example,editorial,https://home-review.example/best-cooling-bedding,True,home-review.example,False,True,https://home-review.example/best-cooling-bedding
C001985,M2-P051-SE-R1,,,https://independent-sleep.example/reviews/serein-sleep,independent-sleep.example,editorial,https://independent-sleep.example/reviews/serein-sleep,True,independent-sleep.example,False,True,https://independent-sleep.example/reviews/serein-sleep
C000570,M1-P034-CH-R2,,,https://independent-sleep.example/reviews/arcticloom,independent-sleep.example,editorial,https://independent-sleep.example/reviews/arcticloom,True,independent-sleep.example,False,True,https://independent-sleep.example/reviews/arcticloom
C000413,M1-P024-CH-R2,,,https://independent-sleep.example/reviews/eucalune,independent-sleep.example,editorial,https://independent-sleep.example/reviews/eucalune,True,independent-sleep.example,False,True,https://independent-sleep.example/reviews/eucalune
C001289,M2-P012-CH-R1,,,https://independent-sleep.example/reviews/eucalune,independent-sleep.example,editorial,https://independent-sleep.example/reviews/eucalune,True,independent-sleep.example,False,True,https://independent-sleep.example/reviews/eucalune
C001326,M2-P014-CH-R2,,,https://forum.example/r/hotsleepers/cooling-sheet-experiences,forum.example,forum,https://forum.example/r/hotsleepers/cooling-sheet-experiences,True,forum.example,False,True,https://forum.example/r/hotsleepers/cooling-sheet-experiences
C000328,M1-P019-SE-R1,,,https://independent-sleep.example/reviews/eucalune,independent-sleep.example,editorial,https://independent-sleep.example/reviews/eucalune,True,independent-sleep.example,False,True,https://independent-sleep.example/reviews/eucalune
C000801,M1-P047-AN-R2,,,https://restnest.example/products/value-cooling-set,restnest.example,owned,https://restnest.example/products/value-cooling-set,True,restnest.example,False,True,https://restnest.example/products/value-cooling-set
C001690,M2-P033-SE-R1,,,https://arcticloom.example/collections/cooling-tech,arcticloom.example,owned,https://arcticloom.example/collections/cooling-tech,True,arcticloom.example,False,True,https://arcticloom.example/collections/cooling-tech
C001959,M2-P049-AN-R2,,,https://eucalune.example/products/eucalyptus-sheets,eucalune.example,owned,https://eucalune.example/products/eucalyptus-sheets,True,eucalune.example,False,True,https://eucalune.example/products/eucalyptus-sheets
C002123,M2-P059-SE-R2,,,https://forum.example/r/hotsleepers/cooling-sheet-experiences,forum.example,forum,https://forum.example/r/hotsleepers/cooling-sheet-experiences,True,forum.example,False,True,https://forum.example/r/hotsleepers/cooling-sheet-experiences
C000449,M1-P026-SE-R2,,,https://sleep-lab.example/guides/cooling-sheets,sleep-lab.example,editorial,https://sleep-lab.example/guides/cooling-sheets,True,sleep-lab.example,False,True,https://sleep-lab.example/guides/cooling-sheets
C001727,M2-P035-SE-R1,,,https://arcticloom.example/collections/cooling-tech,arcticloom.example,owned,https://arcticloom.example/collections/cooling-tech,True,arcticloom.example,False,True,https://arcticloom.example/collections/cooling-tech
C000640,M1-P038-SE-R1,,,https://sleep-lab.example/guides/cooling-sheets,sleep-lab.example,editorial,https://sleep-lab.example/guides/cooling-sheets,True,sleep-lab.example,False,True,https://sleep-lab.example/guides/cooling-sheets
C000961,M1-P057-SE-R1,,,https://eucalune.example/products/eucalyptus-sheets,eucalune.example,owned,https://eucalune.example/products/eucalyptus-sheets,True,eucalune.example,False,True,https://eucalune.example/products/eucalyptus-sheets
C001511,M2-P023-SE-R2,,,https://sereinsleep.example/products/clean-cooling-sheets,sereinsleep.example,owned,https://sereinsleep.example/products/clean-cooling-sheets,True,sereinsleep.example,False,True,https://sereinsleep.example/products/clean-cooling-sheets
C000370,M1-P021-AN-R1,,,https://independent-sleep.example/reviews/serein-sleep,independent-sleep.example,editorial,https://independent-sleep.example/reviews/serein-sleep,True,independent-sleep.example,False,True,https://independent-sleep.example/reviews/serein-sleep
C001090,M2-P001-SE-R2,,,https://independent-sleep.example/reviews/eucalune,independent-sleep.example,editorial,https://independent-sleep.example/reviews/eucalune,True,independent-sleep.example,False,True,https://independent-sleep.example/reviews/eucalune
C000586,M1-P035-CH-R1,,,https://independent-sleep.example/reviews/arcticloom,independent-sleep.example,editorial,https://independent-sleep.example/reviews/arcticloom,True,independent-sleep.example,False,True,https://independent-sleep.example/reviews/arcticloom
C001168,M2-P005-SE-R2,,,https://arcticloom.example/collections/cooling-tech,arcticloom.example,owned,https://arcticloom.example/collections/cooling-tech,True,arcticloom.example,False,True,https://arcticloom.example/collections/cooling-tech
C001656,M2-P031-CH-R2,,,https://forum.example/r/hotsleepers/cooling-sheet-experiences,forum.example,forum,https://forum.example/r/hotsleepers/cooling-sheet-experiences,True,forum.example,False,True,https://forum.example/r/hotsleepers/cooling-sheet-experiences
C001493,M2-P022-AN-R1,,,https://arcticloom.example/collections/cooling-tech,arcticloom.example,owned,https://arcticloom.example/collections/cooling-tech,True,arcticloom.example,False,True,https://arcticloom.example/collections/cooling-tech
C001340,M2-P015-CH-R1,,,https://forum.example/r/hotsleepers/cooling-sheet-experiences,forum.example,forum,https://forum.example/r/hotsleepers/cooling-sheet-experiences,True,forum.example,False,True,https://forum.example/r/hotsleepers/cooling-sheet-experiences
C000233,M1-P014-CH-R2,,,https://restnest.example/products/value-cooling-set,restnest.example,owned,https://restnest.example/products/value-cooling-set,True,restnest.example,False,True,https://restnest.example/products/value-cooling-set
C001464,M2-P021-SE-R2,,,https://independent-sleep.example/reviews/eucalune,independent-sleep.example,editorial,https://independent-sleep.example/reviews/eucalune,True,independent-sleep.example,False,True,https://independent-sleep.example/reviews/eucalune
C000825,M1-P049-CH-R1,,,https://forum.example/r/hotsleepers/cooling-sheet-experiences,forum.example,forum,https://forum.example/r/hotsleepers/cooling-sheet-experiences,True,forum.example,False,True,https://forum.example/r/hotsleepers/cooling-sheet-experiences
C000219,M1-P013-SE-R2,,,https://forum.example/r/hotsleepers/cooling-sheet-experiences,forum.example,forum,https://forum.example/r/hotsleepers/cooling-sheet-experiences,True,forum.example,False,True,https://forum.example/r/hotsleepers/cooling-sheet-experiences
C001303,M2-P012-AN-R2,,,https://independent-sleep.example/reviews/eucalune,independent-sleep.example,editorial,https://independent-sleep.example/reviews/eucalune,True,independent-sleep.example,False,True,https://independent-sleep.example/reviews/eucalune
C000594,M1-P035-AN-R1,,,https://sleep-lab.example/guides/cooling-sheets,sleep-lab.example,editorial,https://sleep-lab.example/guides/cooling-sheets,True,sleep-lab.example,False,True,https://sleep-lab.example/guides/cooling-sheets
C000091,M1-P006-CH-R2,,,https://eucalune.example/products/eucalyptus-sheets,eucalune.example,owned,https://eucalune.example/products/eucalyptus-sheets,True,eucalune.example,False,True,https://eucalune.example/products/eucalyptus-sheets
C000983,M1-P059-CH-R2,,,https://sleep-lab.example/guides/cooling-sheets,sleep-lab.example,editorial,https://sleep-lab.example/guides/cooling-sheets,True,sleep-lab.example,False,True,https://sleep-lab.example/guides/cooling-sheets
C001000,M1-P060-CH-R1,,,https://home-review.example/best-cooling-bedding,home-review.example,editorial,https://home-review.example/best-cooling-bedding,True,home-review.example,False,True,https://home-review.example/best-cooling-bedding
C002046,M2-P054-AN-R2,,,https://sleep-lab.example/guides/cooling-sheets,sleep-lab.example,editorial,https://sleep-lab.example/guides/cooling-sheets,True,sleep-lab.example,False,True,https://sleep-lab.example/guides/cooling-sheets
C000429,M1-P025-CH-R2,,,https://home-review.example/best-cooling-bedding,home-review.example,editorial,https://home-review.example/best-cooling-bedding,True,home-review.example,False,True,https://home-review.example/best-cooling-bedding
C001487,M2-P022-SE-R1,,,https://eucalune.example/products/eucalyptus-sheets,eucalune.example,owned,https://eucalune.example/products/eucalyptus-sheets,True,eucalune.example,False,True,https://eucalune.example/products/eucalyptus-sheets
C001722,M2-P035-CH-R2,,,https://sereinsleep.example/products/clean-cooling-sheets,sereinsleep.example,owned,https://sereinsleep.example/products/clean-cooling-sheets,True,sereinsleep.example,False,True,https://sereinsleep.example/products/clean-cooling-sheets
C000448,M1-P026-SE-R1,,,https://restnest.example/products/value-cooling-set,restnest.example,owned,https://restnest.example/products/value-cooling-set,True,restnest.example,False,True,https://restnest.example/products/value-cooling-set
C001293,M2-P012-SE-R1,,,https://forum.example/r/hotsleepers/cooling-sheet-experiences,forum.example,forum,https://forum.example/r/hotsleepers/cooling-sheet-experiences,True,forum.example,False,True,https://forum.example/r/hotsleepers/cooling-sheet-experiences
C000931,M1-P055-SE-R1,,,https://astervale.example/products/cooling-sheet-set,astervale.example,owned,https://astervale.example/products/cooling-sheet-set,True,astervale.example,False,True,https://astervale.example/products/cooling-sheet-set
C001757,M2-P037-SE-R1,,,https://sleep-lab.example/guides/cooling-sheets,sleep-lab.example,editorial,https://sleep-lab.example/guides/cooling-sheets,True,sleep-lab.example,False,True,https://sleep-lab.example/guides/cooling-sheets
C000463,M1-P027-SE-R2,,,https://forum.example/r/hotsleepers/cooling-sheet-experiences,forum.example,forum,https://forum.example/r/hotsleepers/cooling-sheet-experiences,True,forum.example,False,True,https://forum.example/r/hotsleepers/cooling-sheet-experiences
C001344,M2-P015-CH-R2,,,https://independent-sleep.example/reviews/eucalune,independent-sleep.example,editorial,https://independent-sleep.example/reviews/eucalune,True,independent-sleep.example,False,True,https://independent-sleep.example/reviews/eucalune
C000131,M1-P008-AN-R2,,,https://home-review.example/best-cooling-bedding,home-review.example,editorial,https://home-review.example/best-cooling-bedding,True,home-review.example,False,True,https://home-review.example/best-cooling-bedding
C001425,M2-P019-AN-R2,,,https://home-review.example/best-cooling-bedding,home-review.example,editorial,https://home-review.example/best-cooling-bedding,True,home-review.example,False,True,https://home-review.example/best-cooling-bedding
C000409,M1-P024-CH-R1,,,https://home-review.example/best-cooling-bedding,home-review.example,editorial,https://home-review.example/best-cooling-bedding,True,home-review.example,False,True,https://home-review.example/best-cooling-bedding
C001726,M2-P035-SE-R1,,,https://forum.example/r/hotsleepers/cooling-sheet-experiences,forum.example,forum,https://forum.example/r/hotsleepers/cooling-sheet-experiences,True,forum.example,False,True,https://forum.example/r/hotsleepers/cooling-sheet-experiences
C000371,M1-P021-AN-R1,,,https://eucalune.example/products/eucalyptus-sheets,eucalune.example,owned,https://eucalune.example/products/eucalyptus-sheets,True,eucalune.example,False,True,https://eucalune.example/products/eucalyptus-sheets
C000468,M1-P027-AN-R2,,,https://sleep-lab.example/guides/cooling-sheets,sleep-lab.example,editorial,https://sleep-lab.example/guides/cooling-sheets,True,sleep-lab.example,False,True,https://sleep-lab.example/guides/cooling-sheets
C000734,M1-P044-CH-R2,,,https://independent-sleep.example/reviews/serein-sleep,independent-sleep.example,editorial,https://independent-sleep.example/reviews/serein-sleep,True,independent-sleep.example,False,True,https://independent-sleep.example/reviews/serein-sleep
C000379,M1-P022-CH-R2,,,https://forum.example/r/hotsleepers/cooling-sheet-experiences,forum.example,forum,https://forum.example/r/hotsleepers/cooling-sheet-experiences,True,forum.example,False,True,https://forum.example/r/hotsleepers/cooling-sheet-experiences
C001634,M2-P029-SE-R2,,,https://independent-sleep.example/reviews/astervale,independent-sleep.example,editorial,https://independent-sleep.example/reviews/astervale,True,independent-sleep.example,False,True,https://independent-sleep.example/reviews/astervale
C000377,M1-P022-CH-R1,,,https://sleep-lab.example/guides/cooling-sheets,sleep-lab.example,editorial,https://sleep-lab.example/guides/cooling-sheets,True,sleep-lab.example,False,True,https://sleep-lab.example/guides/cooling-sheets
C000565,M1-P034-CH-R1,,,https://eucalune.example/products/eucalyptus-sheets,eucalune.example,owned,https://eucalune.example/products/eucalyptus-sheets,True,eucalune.example,False,True,https://eucalune.example/products/eucalyptus-sheets
C001451,M2-P020-AN-R2,,,https://independent-sleep.example/reviews/restnest,independent-sleep.example,editorial,https://independent-sleep.example/reviews/restnest,True,independent-sleep.example,False,True,https://independent-sleep.example/reviews/restnest
C001804,M2-P040-CH-R2,,,https://sleep-lab.example/guides/cooling-sheets,sleep-lab.example,editorial,https://sleep-lab.example/guides/cooling-sheets,True,sleep-lab.example,False,True,https://sleep-lab.example/guides/cooling-sheets
C000492,M1-P029-CH-R2,,,https://home-review.example/best-cooling-bedding,home-review.example,editorial,https://home-review.example/best-cooling-bedding,True,home-review.example,False,True,https://home-review.example/best-cooling-bedding
C000270,M1-P016-CH-R1,,,https://restnest.example/products/value-cooling-set,restnest.example,owned,https://restnest.example/products/value-cooling-set,True,restnest.example,False,True,https://restnest.example/products/value-cooling-set
C000170,M1-P010-AN-R2,,,https://home-review.example/best-cooling-bedding,home-review.example,editorial,https://home-review.example/best-cooling-bedding,True,home-review.example,False,True,https://home-review.example/best-cooling-bedding
C001948,M2-P049-SE-R1,,,https://restnest.example/products/value-cooling-set,restnest.example,owned,https://restnest.example/products/value-cooling-set,True,restnest.example,False,True,https://restnest.example/products/value-cooling-set
C001304,M2-P013-CH-R1,,,https://forum.example/r/hotsleepers/cooling-sheet-experiences,forum.example,forum,https://forum.example/r/hotsleepers/cooling-sheet-experiences,True,forum.example,False,True,https://forum.example/r/hotsleepers/cooling-sheet-experiences
C000646,M1-P038-SE-R2,,,https://independent-sleep.example/reviews/arcticloom,independent-sleep.example,editorial,https://independent-sleep.example/reviews/arcticloom,True,independent-sleep.example,False,True,https://independent-sleep.example/reviews/arcticloom
C000940,M1-P056-CH-R1,,,https://forum.example/r/hotsleepers/cooling-sheet-experiences,forum.example,forum,https://forum.example/r/hotsleepers/cooling-sheet-experiences,True,forum.example,False,True,https://forum.example/r/hotsleepers/cooling-sheet-experiences
C001817,M2-P041-CH-R1,,,https://forum.example/r/hotsleepers/cooling-sheet-experiences,forum.example,forum,https://forum.example/r/hotsleepers/cooling-sheet-experiences,True,forum.example,False,True,https://forum.example/r/hotsleepers/cooling-sheet-experiences
C001657,M2-P031-SE-R1,,,https://forum.example/r/hotsleepers/cooling-sheet-experiences,forum.example,forum,https://forum.example/r/hotsleepers/cooling-sheet-experiences,True,forum.example,False,True,https://forum.example/r/hotsleepers/cooling-sheet-experiences
C001345,M2-P015-SE-R1,,,https://sleep-lab.example/guides/cooling-sheets,sleep-lab.example,editorial,https://sleep-lab.example/guides/cooling-sheets,True,sleep-lab.example,False,True,https://sleep-lab.example/guides/cooling-sheets
C001873,M2-P045-CH-R2,,,https://sleep-lab.example/guides/cooling-sheets,sleep-lab.example,editorial,https://sleep-lab.example/guides/cooling-sheets,True,sleep-lab.example,False,True,https://sleep-lab.example/guides/cooling-sheets
C001355,M2-P016-CH-R1,,,https://independent-sleep.example/reviews/serein-sleep,independent-sleep.example,editorial,https://independent-sleep.example/reviews/serein-sleep,True,independent-sleep.example,False,True,https://independent-sleep.example/reviews/serein-sleep
C001955,M2-P049-AN-R1,,,https://astervale.example/products/cooling-sheet-set,astervale.example,owned,https://astervale.example/products/cooling-sheet-set,True,astervale.example,False,True,https://astervale.example/products/cooling-sheet-set
C000447,M1-P026-SE-R1,,,https://forum.example/r/hotsleepers/cooling-sheet-experiences,forum.example,forum,https://forum.example/r/hotsleepers/cooling-sheet-experiences,True,forum.example,False,True,https://forum.example/r/hotsleepers/cooling-sheet-experiences
C001947,M2-P049-SE-R1,,,https://sleep-lab.example/guides/cooling-sheets,sleep-lab.example,editorial,https://sleep-lab.example/guides/cooling-sheets,True,sleep-lab.example,False,True,https://sleep-lab.example/guides/cooling-sheets
C001279,M2-P011-AN-R1,,,https://home-review.example/best-cooling-bedding,home-review.example,editorial,https://home-review.example/best-cooling-bedding,True,home-review.example,False,True,https://home-review.example/best-cooling-bedding
C001149,M2-P004-SE-R2,,,https://home-review.example/best-cooling-bedding,home-review.example,editorial,https://home-review.example/best-cooling-bedding,True,home-review.example,False,True,https://home-review.example/best-cooling-bedding
C000732,M1-P044-CH-R2,,,https://home-review.example/best-cooling-bedding,home-review.example,editorial,https://home-review.example/best-cooling-bedding,True,home-review.example,False,True,https://home-review.example/best-cooling-bedding
C001738,M2-P036-CH-R1,,,https://independent-sleep.example/reviews/restnest,independent-sleep.example,editorial,https://independent-sleep.example/reviews/restnest,True,independent-sleep.example,False,True,https://independent-sleep.example/reviews/restnest
C001292,M2-P012-CH-R2,,,https://independent-sleep.example/reviews/serein-sleep,independent-sleep.example,editorial,https://independent-sleep.example/reviews/serein-sleep,True,independent-sleep.example,False,True,https://independent-sleep.example/reviews/serein-sleep
C002023,M2-P053-SE-R1,,,https://independent-sleep.example/reviews/eucalune,independent-sleep.example,editorial,https://independent-sleep.example/reviews/eucalune,True,independent-sleep.example,False,True,https://independent-sleep.example/reviews/eucalune
C002061,M2-P055-AN-R2,,,https://home-review.example/best-cooling-bedding,home-review.example,editorial,https://home-review.example/best-cooling-bedding,True,home-review.example,False,True,https://home-review.example/best-cooling-bedding
C001643,M2-P030-CH-R1,,,https://sleep-lab.example/guides/cooling-sheets,sleep-lab.example,editorial,https://sleep-lab.example/guides/cooling-sheets,True,sleep-lab.example,False,True,https://sleep-lab.example/guides/cooling-sheets
C001536,M2-P024-SE-R2,,,https://independent-sleep.example/reviews/arcticloom,independent-sleep.example,editorial,https://independent-sleep.example/reviews/arcticloom,True,independent-sleep.example,False,True,https://independent-sleep.example/reviews/arcticloom
C002262,M2-P031-SE-R2,,,HTTPS://eucalune.example/products/eucalyptus-sheets/?utm_source=audit&utm_campaign=m2#section,eucalune.example,owned,https://eucalune.example/products/eucalyptus-sheets,True,eucalune.example,False,True,https://eucalune.example/products/eucalyptus-sheets
C001631,M2-P029-SE-R2,,,https://sleep-lab.example/guides/cooling-sheets,sleep-lab.example,editorial,https://sleep-lab.example/guides/cooling-sheets,True,sleep-lab.example,False,True,https://sleep-lab.example/guides/cooling-sheets
C000664,M1-P039-AN-R1,,,https://home-review.example/best-cooling-bedding,home-review.example,editorial,https://home-review.example/best-cooling-bedding,True,home-review.example,False,True,https://home-review.example/best-cooling-bedding
C000301,M1-P018-CH-R2,,,https://forum.example/r/hotsleepers/cooling-sheet-experiences,forum.example,forum,https://forum.example/r/hotsleepers/cooling-sheet-experiences,True,forum.example,False,True,https://forum.example/r/hotsleepers/cooling-sheet-experiences
C002183,M2-P062-CH-R2,,,https://astervale.example/products/cooling-sheet-set,astervale.example,owned,https://astervale.example/products/cooling-sheet-set,True,astervale.example,False,True,https://astervale.example/products/cooling-sheet-set
C001833,M2-P042-SE-R1,,,https://forum.example/r/hotsleepers/cooling-sheet-experiences,forum.example,forum,https://forum.example/r/hotsleepers/cooling-sheet-experiences,True,forum.example,False,True,https://forum.example/r/hotsleepers/cooling-sheet-experiences
C001490,M2-P022-SE-R2,,,https://independent-sleep.example/reviews/eucalune,independent-sleep.example,editorial,https://independent-sleep.example/reviews/eucalune,True,independent-sleep.example,False,True,https://independent-sleep.example/reviews/eucalune
C000643,M1-P038-SE-R1,,,https://restnest.example/products/value-cooling-set,restnest.example,owned,https://restnest.example/products/value-cooling-set,True,restnest.example,False,True,https://restnest.example/products/value-cooling-set
C001696,M2-P033-AN-R1,,,https://eucalune.example/products/eucalyptus-sheets,eucalune.example,owned,https://eucalune.example/products/eucalyptus-sheets,True,eucalune.example,False,True,https://eucalune.example/products/eucalyptus-sheets
C002231,M2-P064-AN-R1,,,https://astervale.example/products/cooling-sheet-set,astervale.example,owned,https://astervale.example/products/cooling-sheet-set,True,astervale.example,False,True,https://astervale.example/products/cooling-sheet-set
C000981,M1-P058-AN-R2,,,https://sleep-lab.example/guides/cooling-sheets,sleep-lab.example,editorial,https://sleep-lab.example/guides/cooling-sheets,True,sleep-lab.example,False,True,https://sleep-lab.example/guides/cooling-sheets
C001413,M2-P019-CH-R2,,,https://forum.example/r/hotsleepers/cooling-sheet-experiences,forum.example,forum,https://forum.example/r/hotsleepers/cooling-sheet-experiences,True,forum.example,False,True,https://forum.example/r/hotsleepers/cooling-sheet-experiences
C000985,M1-P059-CH-R2,,,https://independent-sleep.example/reviews/arcticloom,independent-sleep.example,editorial,https://independent-sleep.example/reviews/arcticloom,True,independent-sleep.example,False,True,https://independent-sleep.example/reviews/arcticloom
C001718,M2-P035-CH-R1,,,https://sleep-lab.example/guides/cooling-sheets,sleep-lab.example,editorial,https://sleep-lab.example/guides/cooling-sheets,True,sleep-lab.example,False,True,https://sleep-lab.example/guides/cooling-sheets
C001030,M1-P061-AN-R1,,,https://eucalune.example/products/eucalyptus-sheets,eucalune.example,owned,https://eucalune.example/products/eucalyptus-sheets,True,eucalune.example,False,True,https://eucalune.example/products/eucalyptus-sheets
C001147,M2-P004-SE-R1,,,https://eucalune.example/products/eucalyptus-sheets,eucalune.example,owned,https://eucalune.example/products/eucalyptus-sheets,True,eucalune.example,False,True,https://eucalune.example/products/eucalyptus-sheets
C000816,M1-P048-AN-R1,,,https://home-review.example/best-cooling-bedding,home-review.example,editorial,https://home-review.example/best-cooling-bedding,True,home-review.example,False,True,https://home-review.example/best-cooling-bedding
C001620,M2-P029-CH-R1,,,https://arcticloom.example/collections/cooling-tech,arcticloom.example,owned,https://arcticloom.example/collections/cooling-tech,True,arcticloom.example,False,True,https://arcticloom.example/collections/cooling-tech
C000246,M1-P014-AN-R1,,,https://independent-sleep.example/reviews/astervale,independent-sleep.example,editorial,https://independent-sleep.example/reviews/astervale,True,independent-sleep.example,False,True,https://independent-sleep.example/reviews/astervale
C000079,M1-P005-CH-R2,,,https://arcticloom.example/collections/cooling-tech,arcticloom.example,owned,https://arcticloom.example/collections/cooling-tech,True,arcticloom.example,False,True,https://arcticloom.example/collections/cooling-tech
C001678,M2-P032-SE-R2,,,https://independent-sleep.example/reviews/restnest,independent-sleep.example,editorial,https://independent-sleep.example/reviews/restnest,True,independent-sleep.example,False,True,https://independent-sleep.example/reviews/restnest
C000454,M1-P027-CH-R1,,,https://forum.example/r/hotsleepers/cooling-sheet-experiences,forum.example,forum,https://forum.example/r/hotsleepers/cooling-sheet-experiences,True,forum.example,False,True,https://forum.example/r/hotsleepers/cooling-sheet-experiences
C001060,M1-P063-SE-R2,,,https://astervale.example/products/cooling-sheet-set,astervale.example,owned,https://astervale.example/products/cooling-sheet-set,True,astervale.example,False,True,https://astervale.example/products/cooling-sheet-set
C001327,M2-P014-CH-R2,,,https://sereinsleep.example/products/clean-cooling-sheets,sereinsleep.example,owned,https://sereinsleep.example/products/clean-cooling-sheets,True,sereinsleep.example,False,True,https://sereinsleep.example/products/clean-cooling-sheets
C001629,M2-P029-SE-R1,,,https://sereinsleep.example/products/clean-cooling-sheets,sereinsleep.example,owned,https://sereinsleep.example/products/clean-cooling-sheets,True,sereinsleep.example,False,True,https://sereinsleep.example/products/clean-cooling-sheets
C000872,M1-P051-AN-R2,,,https://independent-sleep.example/reviews/serein-sleep,independent-sleep.example,editorial,https://independent-sleep.example/reviews/serein-sleep,True,independent-sleep.example,False,True,https://independent-sleep.example/reviews/serein-sleep
C000226,M1-P013-AN-R2,,,https://forum.example/r/hotsleepers/cooling-sheet-experiences,forum.example,forum,https://forum.example/r/hotsleepers/cooling-sheet-experiences,True,forum.example,False,True,https://forum.example/r/hotsleepers/cooling-sheet-experiences
C001193,M2-P006-AN-R2,,,https://home-review.example/best-cooling-bedding,home-review.example,editorial,https://home-review.example/best-cooling-bedding,True,home-review.example,False,True,https://home-review.example/best-cooling-bedding
C000661,M1-P039-SE-R2,,,https://sleep-lab.example/guides/cooling-sheets,sleep-lab.example,editorial,https://sleep-lab.example/guides/cooling-sheets,True,sleep-lab.example,False,True,https://sleep-lab.example/guides/cooling-sheets
C000957,M1-P057-CH-R1,,,https://independent-sleep.example/reviews/astervale,independent-sleep.example,editorial,https://independent-sleep.example/reviews/astervale,True,independent-sleep.example,False,True,https://independent-sleep.example/reviews/astervale
C002099,M2-P058-SE-R1,,,https://home-review.example/best-cooling-bedding,home-review.example,editorial,https://home-review.example/best-cooling-bedding,True,home-review.example,False,True,https://home-review.example/best-cooling-bedding
C000863,M1-P051-SE-R1,,,https://forum.example/r/hotsleepers/cooling-sheet-experiences,forum.example,forum,https://forum.example/r/hotsleepers/cooling-sheet-experiences,True,forum.example,False,True,https://forum.example/r/hotsleepers/cooling-sheet-experiences
C000411,M1-P024-CH-R1,,,https://astervale.example/products/cooling-sheet-set,astervale.example,owned,https://astervale.example/products/cooling-sheet-set,True,astervale.example,False,True,https://astervale.example/products/cooling-sheet-set
C000828,M1-P049-CH-R2,,,https://sleep-lab.example/guides/cooling-sheets,sleep-lab.example,editorial,https://sleep-lab.example/guides/cooling-sheets,True,sleep-lab.example,False,True,https://sleep-lab.example/guides/cooling-sheets
C000146,M1-P009-SE-R2,,,https://arcticloom.example/collections/cooling-tech,arcticloom.example,owned,https://arcticloom.example/collections/cooling-tech,True,arcticloom.example,False,True,https://arcticloom.example/collections/cooling-tech
C001467,M2-P021-SE-R2,,,https://independent-sleep.example/reviews/serein-sleep,independent-sleep.example,editorial,https://independent-sleep.example/reviews/serein-sleep,True,independent-sleep.example,False,True,https://independent-sleep.example/reviews/serein-sleep
C000021,M1-P002-CH-R1,,,https://restnest.example/products/value-cooling-set,restnest.example,owned,https://restnest.example/products/value-cooling-set,True,restnest.example,False,True,https://restnest.example/products/value-cooling-set
C000880,M1-P052-SE-R1,,,https://home-review.example/best-cooling-bedding,home-review.example,editorial,https://home-review.example/best-cooling-bedding,True,home-review.example,False,True,https://home-review.example/best-cooling-bedding
C001681,M2-P032-AN-R2,,,https://home-review.example/best-cooling-bedding,home-review.example,editorial,https://home-review.example/best-cooling-bedding,True,home-review.example,False,True,https://home-review.example/best-cooling-bedding
C000240,M1-P014-SE-R2,,,https://arcticloom.example/collections/cooling-tech,arcticloom.example,owned,https://arcticloom.example/collections/cooling-tech,True,arcticloom.example,False,True,https://arcticloom.example/collections/cooling-tech
C001801,M2-P039-AN-R2,,,https://sereinsleep.example/products/clean-cooling-sheets,sereinsleep.example,owned,https://sereinsleep.example/products/clean-cooling-sheets,True,sereinsleep.example,False,True,https://sereinsleep.example/products/clean-cooling-sheets
C000011,M1-P001-SE-R2,,,https://independent-sleep.example/reviews/restnest,independent-sleep.example,editorial,https://independent-sleep.example/reviews/restnest,True,independent-sleep.example,False,True,https://independent-sleep.example/reviews/restnest
C001472,M2-P021-AN-R2,,,https://forum.example/r/hotsleepers/cooling-sheet-experiences,forum.example,forum,https://forum.example/r/hotsleepers/cooling-sheet-experiences,True,forum.example,False,True,https://forum.example/r/hotsleepers/cooling-sheet-experiences
C001139,M2-P004-CH-R1,,,https://independent-sleep.example/reviews/eucalune,independent-sleep.example,editorial,https://independent-sleep.example/reviews/eucalune,True,independent-sleep.example,False,True,https://independent-sleep.example/reviews/eucalune
C001058,M1-P063-SE-R1,,,https://eucalune.example/products/eucalyptus-sheets,eucalune.example,owned,https://eucalune.example/products/eucalyptus-sheets,True,eucalune.example,False,True,https://eucalune.example/products/eucalyptus-sheets
C001323,M2-P014-CH-R1,,,https://home-review.example/best-cooling-bedding,home-review.example,editorial,https://home-review.example/best-cooling-bedding,True,home-review.example,False,True,https://home-review.example/best-cooling-bedding
C001431,M2-P020-CH-R2,,,https://sleep-lab.example/guides/cooling-sheets,sleep-lab.example,editorial,https://sleep-lab.example/guides/cooling-sheets,True,sleep-lab.example,False,True,https://sleep-lab.example/guides/cooling-sheets
C001674,M2-P032-SE-R1,,,https://independent-sleep.example/reviews/astervale,independent-sleep.example,editorial,https://independent-sleep.example/reviews/astervale,True,independent-sleep.example,False,True,https://independent-sleep.example/reviews/astervale
C000615,M1-P036-AN-R2,,,https://astervale.example/products/cooling-sheet-set,astervale.example,owned,https://astervale.example/products/cooling-sheet-set,True,astervale.example,False,True,https://astervale.example/products/cooling-sheet-set
C001605,M2-P028-CH-R2,,,https://sleep-lab.example/guides/cooling-sheets,sleep-lab.example,editorial,https://sleep-lab.example/guides/cooling-sheets,True,sleep-lab.example,False,True,https://sleep-lab.example/guides/cooling-sheets
C001179,M2-P006-CH-R2,,,https://sleep-lab.example/guides/cooling-sheets,sleep-lab.example,editorial,https://sleep-lab.example/guides/cooling-sheets,True,sleep-lab.example,False,True,https://sleep-lab.example/guides/cooling-sheets
C000598,M1-P035-AN-R2,,,https://independent-sleep.example/reviews/eucalune,independent-sleep.example,editorial,https://independent-sleep.example/reviews/eucalune,True,independent-sleep.example,False,True,https://independent-sleep.example/reviews/eucalune
C000960,M1-P057-SE-R1,,,https://forum.example/r/hotsleepers/cooling-sheet-experiences,forum.example,forum,https://forum.example/r/hotsleepers/cooling-sheet-experiences,True,forum.example,False,True,https://forum.example/r/hotsleepers/cooling-sheet-experiences
C002181,M2-P062-CH-R2,,,https://home-review.example/best-cooling-bedding,home-review.example,editorial,https://home-review.example/best-cooling-bedding,True,home-review.example,False,True,https://home-review.example/best-cooling-bedding
C000252,M1-P015-CH-R1,,,https://independent-sleep.example/reviews/restnest,independent-sleep.example,editorial,https://independent-sleep.example/reviews/restnest,True,independent-sleep.example,False,True,https://independent-sleep.example/reviews/restnest
C001991,M2-P051-AN-R1,,,https://home-review.example/best-cooling-bedding,home-review.example,editorial,https://home-review.example/best-cooling-bedding,True,home-review.example,False,True,https://home-review.example/best-cooling-bedding
C001857,M2-P043-AN-R1,,,https://independent-sleep.example/reviews/eucalune,independent-sleep.example,editorial,https://independent-sleep.example/reviews/eucalune,True,independent-sleep.example,False,True,https://independent-sleep.example/reviews/eucalune
C001715,M2-P034-AN-R1,,,https://independent-sleep.example/reviews/arcticloom,independent-sleep.example,editorial,https://independent-sleep.example/reviews/arcticloom,True,independent-sleep.example,False,True,https://independent-sleep.example/reviews/arcticloom
C000457,M1-P027-CH-R1,,,https://independent-sleep.example/reviews/arcticloom,independent-sleep.example,editorial,https://independent-sleep.example/reviews/arcticloom,True,independent-sleep.example,False,True,https://independent-sleep.example/reviews/arcticloom
C001551,M2-P025-SE-R1,,,https://restnest.example/products/value-cooling-set,restnest.example,owned,https://restnest.example/products/value-cooling-set,True,restnest.example,False,True,https://restnest.example/products/value-cooling-set
C000930,M1-P055-SE-R1,,,https://home-review.example/best-cooling-bedding,home-review.example,editorial,https://home-review.example/best-cooling-bedding,True,home-review.example,False,True,https://home-review.example/best-cooling-bedding
C001603,M2-P028-CH-R1,,,https://sleep-lab.example/guides/cooling-sheets,sleep-lab.example,editorial,https://sleep-lab.example/guides/cooling-sheets,True,sleep-lab.example,False,True,https://sleep-lab.example/guides/cooling-sheets
C002204,M2-P063-CH-R2,,,https://sereinsleep.example/products/clean-cooling-sheets,sereinsleep.example,owned,https://sereinsleep.example/products/clean-cooling-sheets,True,sereinsleep.example,False,True,https://sereinsleep.example/products/clean-cooling-sheets
C001130,M2-P003-AN-R1,,,https://home-review.example/best-cooling-bedding,home-review.example,editorial,https://home-review.example/best-cooling-bedding,True,home-review.example,False,True,https://home-review.example/best-cooling-bedding
C000647,M1-P038-AN-R1,,,https://forum.example/r/hotsleepers/cooling-sheet-experiences,forum.example,forum,https://forum.example/r/hotsleepers/cooling-sheet-experiences,True,forum.example,False,True,https://forum.example/r/hotsleepers/cooling-sheet-experiences
C000004,M1-P001-CH-R1,,,https://sereinsleep.example/products/clean-cooling-sheets,sereinsleep.example,owned,https://sereinsleep.example/products/clean-cooling-sheets,True,sereinsleep.example,False,True,https://sereinsleep.example/products/clean-cooling-sheets
C001332,M2-P014-SE-R1,,,https://independent-sleep.example/reviews/serein-sleep,independent-sleep.example,editorial,https://independent-sleep.example/reviews/serein-sleep,True,independent-sleep.example,False,True,https://independent-sleep.example/reviews/serein-sleep
C000181,M1-P011-AN-R1,,,https://sleep-lab.example/guides/cooling-sheets,sleep-lab.example,editorial,https://sleep-lab.example/guides/cooling-sheets,True,sleep-lab.example,False,True,https://sleep-lab.example/guides/cooling-sheets
C000563,M1-P033-AN-R2,,,https://restnest.example/products/value-cooling-set,restnest.example,owned,https://restnest.example/products/value-cooling-set,True,restnest.example,False,True,https://restnest.example/products/value-cooling-set
C000206,M1-P012-AN-R2,,,https://sleep-lab.example/guides/cooling-sheets,sleep-lab.example,editorial,https://sleep-lab.example/guides/cooling-sheets,True,sleep-lab.example,False,True,https://sleep-lab.example/guides/cooling-sheets
C000095,M1-P006-SE-R1,,,https://independent-sleep.example/reviews/eucalune,independent-sleep.example,editorial,https://independent-sleep.example/reviews/eucalune,True,independent-sleep.example,False,True,https://independent-sleep.example/reviews/eucalune
C001424,M2-P019-AN-R2,,,https://sleep-lab.example/guides/cooling-sheets,sleep-lab.example,editorial,https://sleep-lab.example/guides/cooling-sheets,True,sleep-lab.example,False,True,https://sleep-lab.example/guides/cooling-sheets
C001418,M2-P019-SE-R2,,,https://forum.example/r/hotsleepers/cooling-sheet-experiences,forum.example,forum,https://forum.example/r/hotsleepers/cooling-sheet-experiences,True,forum.example,False,True,https://forum.example/r/hotsleepers/cooling-sheet-experiences
C001584,M2-P027-CH-R2,,,https://home-review.example/best-cooling-bedding,home-review.example,editorial,https://home-review.example/best-cooling-bedding,True,home-review.example,False,True,https://home-review.example/best-cooling-bedding
C000698,M1-P041-AN-R1,,,https://home-review.example/best-cooling-bedding,home-review.example,editorial,https://home-review.example/best-cooling-bedding,True,home-review.example,False,True,https://home-review.example/best-cooling-bedding
C002070,M2-P056-SE-R1,,,https://arcticloom.example/collections/cooling-tech,arcticloom.example,owned,https://arcticloom.example/collections/cooling-tech,True,arcticloom.example,False,True,https://arcticloom.example/collections/cooling-tech
C000601,M1-P036-CH-R2,,,https://forum.example/r/hotsleepers/cooling-sheet-experiences,forum.example,forum,https://forum.example/r/hotsleepers/cooling-sheet-experiences,True,forum.example,False,True,https://forum.example/r/hotsleepers/cooling-sheet-experiences
C001586,M2-P027-SE-R1,,,https://sleep-lab.example/guides/cooling-sheets,sleep-lab.example,editorial,https://sleep-lab.example/guides/cooling-sheets,True,sleep-lab.example,False,True,https://sleep-lab.example/guides/cooling-sheets
C000108,M1-P007-SE-R1,,,https://sleep-lab.example/guides/cooling-sheets,sleep-lab.example,editorial,https://sleep-lab.example/guides/cooling-sheets,True,sleep-lab.example,False,True,https://sleep-lab.example/guides/cooling-sheets
C001439,M2-P020-SE-R2,,,https://independent-sleep.example/reviews/arcticloom,independent-sleep.example,editorial,https://independent-sleep.example/reviews/arcticloom,True,independent-sleep.example,False,True,https://independent-sleep.example/reviews/arcticloom
C001028,M1-P061-AN-R1,,,https://forum.example/r/hotsleepers/cooling-sheet-experiences,forum.example,forum,https://forum.example/r/hotsleepers/cooling-sheet-experiences,True,forum.example,False,True,https://forum.example/r/hotsleepers/cooling-sheet-experiences
C000995,M1-P059-AN-R2,,,https://forum.example/r/hotsleepers/cooling-sheet-experiences,forum.example,forum,https://forum.example/r/hotsleepers/cooling-sheet-experiences,True,forum.example,False,True,https://forum.example/r/hotsleepers/cooling-sheet-experiences
C002082,M2-P057-CH-R2,,,https://sleep-lab.example/guides/cooling-sheets,sleep-lab.example,editorial,https://sleep-lab.example/guides/cooling-sheets,True,sleep-lab.example,False,True,https://sleep-lab.example/guides/cooling-sheets
C001669,M2-P032-CH-R2,,,https://forum.example/r/hotsleepers/cooling-sheet-experiences,forum.example,forum,https://forum.example/r/hotsleepers/cooling-sheet-experiences,True,forum.example,False,True,https://forum.example/r/hotsleepers/cooling-sheet-experiences
C001575,M2-P026-AN-R2,,,https://forum.example/r/hotsleepers/cooling-sheet-experiences,forum.example,forum,https://forum.example/r/hotsleepers/cooling-sheet-experiences,True,forum.example,False,True,https://forum.example/r/hotsleepers/cooling-sheet-experiences
C002151,M2-P060-AN-R1,,,https://sleep-lab.example/guides/cooling-sheets,sleep-lab.example,editorial,https://sleep-lab.example/guides/cooling-sheets,True,sleep-lab.example,False,True,https://sleep-lab.example/guides/cooling-sheets
C000651,M1-P039-CH-R1,,,https://forum.example/r/hotsleepers/cooling-sheet-experiences,forum.example,forum,https://forum.example/r/hotsleepers/cooling-sheet-experiences,True,forum.example,False,True,https://forum.example/r/hotsleepers/cooling-sheet-experiences
C000151,M1-P009-AN-R2,,,https://sleep-lab.example/guides/cooling-sheets,sleep-lab.example,editorial,https://sleep-lab.example/guides/cooling-sheets,True,sleep-lab.example,False,True,https://sleep-lab.example/guides/cooling-sheets
C001321,M2-P013-AN-R2,,,https://home-review.example/best-cooling-bedding,home-review.example,editorial,https://home-review.example/best-cooling-bedding,True,home-review.example,False,True,https://home-review.example/best-cooling-bedding
C001492,M2-P022-AN-R1,,,https://independent-sleep.example/reviews/serein-sleep,independent-sleep.example,editorial,https://independent-sleep.example/reviews/serein-sleep,True,independent-sleep.example,False,True,https://independent-sleep.example/reviews/serein-sleep
C000241,M1-P014-SE-R2,,,https://eucalune.example/products/eucalyptus-sheets,eucalune.example,owned,https://eucalune.example/products/eucalyptus-sheets,True,eucalune.example,False,True,https://eucalune.example/products/eucalyptus-sheets
C001213,M2-P008-CH-R1,,,https://sleep-lab.example/guides/cooling-sheets,sleep-lab.example,editorial,https://sleep-lab.example/guides/cooling-sheets,True,sleep-lab.example,False,True,https://sleep-lab.example/guides/cooling-sheets
C000788,M1-P047-SE-R1,,,https://sleep-lab.example/guides/cooling-sheets,sleep-lab.example,editorial,https://sleep-lab.example/guides/cooling-sheets,True,sleep-lab.example,False,True,https://sleep-lab.example/guides/cooling-sheets
C001214,M2-P008-CH-R1,,,https://independent-sleep.example/reviews/astervale,independent-sleep.example,editorial,https://independent-sleep.example/reviews/astervale,True,independent-sleep.example,False,True,https://independent-sleep.example/reviews/astervale
C001512,M2-P023-SE-R2,,,https://eucalune.example/products/eucalyptus-sheets,eucalune.example,owned,https://eucalune.example/products/eucalyptus-sheets,True,eucalune.example,False,True,https://eucalune.example/products/eucalyptus-sheets
C000841,M1-P050-CH-R1,,,https://independent-sleep.example/reviews/serein-sleep,independent-sleep.example,editorial,https://independent-sleep.example/reviews/serein-sleep,True,independent-sleep.example,False,True,https://independent-sleep.example/reviews/serein-sleep
C000172,M1-P010-AN-R2,,,https://independent-sleep.example/reviews/serein-sleep,independent-sleep.example,editorial,https://independent-sleep.example/reviews/serein-sleep,True,independent-sleep.example,False,True,https://independent-sleep.example/reviews/serein-sleep
C001297,M2-P012-SE-R2,,,https://astervale.example/products/cooling-sheet-set,astervale.example,owned,https://astervale.example/products/cooling-sheet-set,True,astervale.example,False,True,https://astervale.example/products/cooling-sheet-set
C001169,M2-P005-SE-R2,,,https://independent-sleep.example/reviews/astervale,independent-sleep.example,editorial,https://independent-sleep.example/reviews/astervale,True,independent-sleep.example,False,True,https://independent-sleep.example/reviews/astervale
C000663,M1-P039-AN-R1,,,https://sleep-lab.example/guides/cooling-sheets,sleep-lab.example,editorial,https://sleep-lab.example/guides/cooling-sheets,True,sleep-lab.example,False,True,https://sleep-lab.example/guides/cooling-sheets
C002083,M2-P057-SE-R1,,,https://forum.example/r/hotsleepers/cooling-sheet-experiences,forum.example,forum,https://forum.example/r/hotsleepers/cooling-sheet-experiences,True,forum.example,False,True,https://forum.example/r/hotsleepers/cooling-sheet-experiences
C001830,M2-P042-CH-R2,,,https://forum.example/r/hotsleepers/cooling-sheet-experiences,forum.example,forum,https://forum.example/r/hotsleepers/cooling-sheet-experiences,True,forum.example,False,True,https://forum.example/r/hotsleepers/cooling-sheet-experiences
C000247,M1-P014-AN-R2,,,https://sleep-lab.example/guides/cooling-sheets,sleep-lab.example,editorial,https://sleep-lab.example/guides/cooling-sheets,True,sleep-lab.example,False,True,https://sleep-lab.example/guides/cooling-sheets
C000243,M1-P014-AN-R1,,,https://home-review.example/best-cooling-bedding,home-review.example,editorial,https://home-review.example/best-cooling-bedding,True,home-review.example,False,True,https://home-review.example/best-cooling-bedding
C000873,M1-P052-CH-R1,,,https://sleep-lab.example/guides/cooling-sheets,sleep-lab.example,editorial,https://sleep-lab.example/guides/cooling-sheets,True,sleep-lab.example,False,True,https://sleep-lab.example/guides/cooling-sheets
C000239,M1-P014-SE-R2,,,https://sereinsleep.example/products/clean-cooling-sheets,sereinsleep.example,owned,https://sereinsleep.example/products/clean-cooling-sheets,True,sereinsleep.example,False,True,https://sereinsleep.example/products/clean-cooling-sheets
C001261,M2-P010-AN-R1,,,https://home-review.example/best-cooling-bedding,home-review.example,editorial,https://home-review.example/best-cooling-bedding,True,home-review.example,False,True,https://home-review.example/best-cooling-bedding
C000634,M1-P037-AN-R2,,,https://independent-sleep.example/reviews/arcticloom,independent-sleep.example,editorial,https://independent-sleep.example/reviews/arcticloom,True,independent-sleep.example,False,True,https://independent-sleep.example/reviews/arcticloom
C001025,M1-P061-CH-R2,,,https://astervale.example/products/cooling-sheet-set,astervale.example,owned,https://astervale.example/products/cooling-sheet-set,True,astervale.example,False,True,https://astervale.example/products/cooling-sheet-set
C001257,M2-P010-SE-R2,,,https://forum.example/r/hotsleepers/cooling-sheet-experiences,forum.example,forum,https://forum.example/r/hotsleepers/cooling-sheet-experiences,True,forum.example,False,True,https://forum.example/r/hotsleepers/cooling-sheet-experiences
C000262,M1-P015-SE-R2,,,https://sleep-lab.example/guides/cooling-sheets,sleep-lab.example,editorial,https://sleep-lab.example/guides/cooling-sheets,True,sleep-lab.example,False,True,https://sleep-lab.example/guides/cooling-sheets
C000183,M1-P011-AN-R2,,,https://forum.example/r/hotsleepers/cooling-sheet-experiences,forum.example,forum,https://forum.example/r/hotsleepers/cooling-sheet-experiences,True,forum.example,False,True,https://forum.example/r/hotsleepers/cooling-sheet-experiences
C000200,M1-P012-SE-R2,,,https://sereinsleep.example/products/clean-cooling-sheets,sereinsleep.example,owned,https://sereinsleep.example/products/clean-cooling-sheets,True,sereinsleep.example,False,True,https://sereinsleep.example/products/clean-cooling-sheets
C002032,M2-P054-CH-R2,,,https://sleep-lab.example/guides/cooling-sheets,sleep-lab.example,editorial,https://sleep-lab.example/guides/cooling-sheets,True,sleep-lab.example,False,True,https://sleep-lab.example/guides/cooling-sheets
C000046,M1-P003-CH-R2,,,https://independent-sleep.example/reviews/arcticloom,independent-sleep.example,editorial,https://independent-sleep.example/reviews/arcticloom,True,independent-sleep.example,False,True,https://independent-sleep.example/reviews/arcticloom
C001396,M2-P018-SE-R1,,,https://sleep-lab.example/guides/cooling-sheets,sleep-lab.example,editorial,https://sleep-lab.example/guides/cooling-sheets,True,sleep-lab.example,False,True,https://sleep-lab.example/guides/cooling-sheets
C002192,M2-P062-AN-R1,,,https://sleep-lab.example/guides/cooling-sheets,sleep-lab.example,editorial,https://sleep-lab.example/guides/cooling-sheets,True,sleep-lab.example,False,True,https://sleep-lab.example/guides/cooling-sheets
C001649,M2-P030-SE-R2,,,https://astervale.example/products/cooling-sheet-set,astervale.example,owned,https://astervale.example/products/cooling-sheet-set,True,astervale.example,False,True,https://astervale.example/products/cooling-sheet-set
C000310,M1-P018-AN-R1,,,https://forum.example/r/hotsleepers/cooling-sheet-experiences,forum.example,forum,https://forum.example/r/hotsleepers/cooling-sheet-experiences,True,forum.example,False,True,https://forum.example/r/hotsleepers/cooling-sheet-experiences
C000806,M1-P048-CH-R2,,,https://home-review.example/best-cooling-bedding,home-review.example,editorial,https://home-review.example/best-cooling-bedding,True,home-review.example,False,True,https://home-review.example/best-cooling-bedding
C001356,M2-P016-CH-R1,,,https://independent-sleep.example/reviews/astervale,independent-sleep.example,editorial,https://independent-sleep.example/reviews/astervale,True,independent-sleep.example,False,True,https://independent-sleep.example/reviews/astervale
C001486,M2-P022-SE-R1,,,https://independent-sleep.example/reviews/arcticloom,independent-sleep.example,editorial,https://independent-sleep.example/reviews/arcticloom,True,independent-sleep.example,False,True,https://independent-sleep.example/reviews/arcticloom
C001880,M2-P045-SE-R2,,,https://restnest.example/products/value-cooling-set,restnest.example,owned,https://restnest.example/products/value-cooling-set,True,restnest.example,False,True,https://restnest.example/products/value-cooling-set
C001190,M2-P006-AN-R1,,,https://sleep-lab.example/guides/cooling-sheets,sleep-lab.example,editorial,https://sleep-lab.example/guides/cooling-sheets,True,sleep-lab.example,False,True,https://sleep-lab.example/guides/cooling-sheets
C000912,M1-P054-SE-R1,,,https://sleep-lab.example/guides/cooling-sheets,sleep-lab.example,editorial,https://sleep-lab.example/guides/cooling-sheets,True,sleep-lab.example,False,True,https://sleep-lab.example/guides/cooling-sheets
C001275,M2-P011-SE-R1,,,https://independent-sleep.example/reviews/arcticloom,independent-sleep.example,editorial,https://independent-sleep.example/reviews/arcticloom,True,independent-sleep.example,False,True,https://independent-sleep.example/reviews/arcticloom
C000221,M1-P013-SE-R2,,,https://independent-sleep.example/reviews/serein-sleep,independent-sleep.example,editorial,https://independent-sleep.example/reviews/serein-sleep,True,independent-sleep.example,False,True,https://independent-sleep.example/reviews/serein-sleep
C001866,M2-P044-SE-R1,,,https://sleep-lab.example/guides/cooling-sheets,sleep-lab.example,editorial,https://sleep-lab.example/guides/cooling-sheets,True,sleep-lab.example,False,True,https://sleep-lab.example/guides/cooling-sheets
C000693,M1-P041-CH-R2,,,https://sereinsleep.example/products/clean-cooling-sheets,sereinsleep.example,owned,https://sereinsleep.example/products/clean-cooling-sheets,True,sereinsleep.example,False,True,https://sereinsleep.example/products/clean-cooling-sheets
C001569,M2-P026-SE-R1,,,https://sleep-lab.example/guides/cooling-sheets,sleep-lab.example,editorial,https://sleep-lab.example/guides/cooling-sheets,True,sleep-lab.example,False,True,https://sleep-lab.example/guides/cooling-sheets
C001225,M2-P008-AN-R1,,,https://independent-sleep.example/reviews/arcticloom,independent-sleep.example,editorial,https://independent-sleep.example/reviews/arcticloom,True,independent-sleep.example,False,True,https://independent-sleep.example/reviews/arcticloom
C000890,M1-P053-CH-R1,,,https://astervale.example/products/cooling-sheet-set,astervale.example,owned,https://astervale.example/products/cooling-sheet-set,True,astervale.example,False,True,https://astervale.example/products/cooling-sheet-set
C000187,M1-P011-AN-R2,,,https://independent-sleep.example/reviews/eucalune,independent-sleep.example,editorial,https://independent-sleep.example/reviews/eucalune,True,independent-sleep.example,False,True,https://independent-sleep.example/reviews/eucalune
C001192,M2-P006-AN-R2,,,https://forum.example/r/hotsleepers/cooling-sheet-experiences,forum.example,forum,https://forum.example/r/hotsleepers/cooling-sheet-experiences,True,forum.example,False,True,https://forum.example/r/hotsleepers/cooling-sheet-experiences
C000761,M1-P045-AN-R2,,,https://forum.example/r/hotsleepers/cooling-sheet-experiences,forum.example,forum,https://forum.example/r/hotsleepers/cooling-sheet-experiences,True,forum.example,False,True,https://forum.example/r/hotsleepers/cooling-sheet-experiences
C000973,M1-P058-SE-R1,,,https://independent-sleep.example/reviews/astervale,independent-sleep.example,editorial,https://independent-sleep.example/reviews/astervale,True,independent-sleep.example,False,True,https://independent-sleep.example/reviews/astervale
C001311,M2-P013-CH-R2,,,https://independent-sleep.example/reviews/astervale,independent-sleep.example,editorial,https://independent-sleep.example/reviews/astervale,True,independent-sleep.example,False,True,https://independent-sleep.example/reviews/astervale
C000126,M1-P008-SE-R1,,,https://independent-sleep.example/reviews/restnest,independent-sleep.example,editorial,https://independent-sleep.example/reviews/restnest,True,independent-sleep.example,False,True,https://independent-sleep.example/reviews/restnest
C000025,M1-P002-SE-R1,,,https://forum.example/r/hotsleepers/cooling-sheet-experiences,forum.example,forum,https://forum.example/r/hotsleepers/cooling-sheet-experiences,True,forum.example,False,True,https://forum.example/r/hotsleepers/cooling-sheet-experiences
C001650,M2-P030-AN-R1,,,https://home-review.example/best-cooling-bedding,home-review.example,editorial,https://home-review.example/best-cooling-bedding,True,home-review.example,False,True,https://home-review.example/best-cooling-bedding
C001538,M2-P024-AN-R1,,,https://independent-sleep.example/reviews/serein-sleep,independent-sleep.example,editorial,https://independent-sleep.example/reviews/serein-sleep,True,independent-sleep.example,False,True,https://independent-sleep.example/reviews/serein-sleep
C000469,M1-P027-AN-R2,,,https://arcticloom.example/collections/cooling-tech,arcticloom.example,owned,https://arcticloom.example/collections/cooling-tech,True,arcticloom.example,False,True,https://arcticloom.example/collections/cooling-tech
C001892,M2-P046-CH-R2,,,https://independent-sleep.example/reviews/eucalune,independent-sleep.example,editorial,https://independent-sleep.example/reviews/eucalune,True,independent-sleep.example,False,True,https://independent-sleep.example/reviews/eucalune
C000336,M1-P019-AN-R2,,,https://arcticloom.example/collections/cooling-tech,arcticloom.example,owned,https://arcticloom.example/collections/cooling-tech,True,arcticloom.example,False,True,https://arcticloom.example/collections/cooling-tech
C001496,M2-P022-AN-R2,,,https://arcticloom.example/collections/cooling-tech,arcticloom.example,owned,https://arcticloom.example/collections/cooling-tech,True,arcticloom.example,False,True,https://arcticloom.example/collections/cooling-tech
C001308,M2-P013-CH-R2,,,https://sereinsleep.example/products/clean-cooling-sheets,sereinsleep.example,owned,https://sereinsleep.example/products/clean-cooling-sheets,True,sereinsleep.example,False,True,https://sereinsleep.example/products/clean-cooling-sheets
C000139,M1-P009-SE-R1,,,https://forum.example/r/hotsleepers/cooling-sheet-experiences,forum.example,forum,https://forum.example/r/hotsleepers/cooling-sheet-experiences,True,forum.example,False,True,https://forum.example/r/hotsleepers/cooling-sheet-experiences
C000720,M1-P043-SE-R1,,,https://home-review.example/best-cooling-bedding,home-review.example,editorial,https://home-review.example/best-cooling-bedding,True,home-review.example,False,True,https://home-review.example/best-cooling-bedding
C000275,M1-P016-SE-R2,,,https://forum.example/r/hotsleepers/cooling-sheet-experiences,forum.example,forum,https://forum.example/r/hotsleepers/cooling-sheet-experiences,True,forum.example,False,True,https://forum.example/r/hotsleepers/cooling-sheet-experiences
C001625,M2-P029-CH-R2,,,https://restnest.example/products/value-cooling-set,restnest.example,owned,https://restnest.example/products/value-cooling-set,True,restnest.example,False,True,https://restnest.example/products/value-cooling-set
C001466,M2-P021-SE-R2,,,https://sereinsleep.example/products/clean-cooling-sheets,sereinsleep.example,owned,https://sereinsleep.example/products/clean-cooling-sheets,True,sereinsleep.example,False,True,https://sereinsleep.example/products/clean-cooling-sheets
C001682,M2-P033-CH-R1,,,https://home-review.example/best-cooling-bedding,home-review.example,editorial,https://home-review.example/best-cooling-bedding,True,home-review.example,False,True,https://home-review.example/best-cooling-bedding
C000163,M1-P010-SE-R1,,,https://sleep-lab.example/guides/cooling-sheets,sleep-lab.example,editorial,https://sleep-lab.example/guides/cooling-sheets,True,sleep-lab.example,False,True,https://sleep-lab.example/guides/cooling-sheets
C000217,M1-P013-SE-R1,,,https://arcticloom.example/collections/cooling-tech,arcticloom.example,owned,https://arcticloom.example/collections/cooling-tech,True,arcticloom.example,False,True,https://arcticloom.example/collections/cooling-tech
C000840,M1-P050-CH-R1,,,https://home-review.example/best-cooling-bedding,home-review.example,editorial,https://home-review.example/best-cooling-bedding,True,home-review.example,False,True,https://home-review.example/best-cooling-bedding
C000405,M1-P023-AN-R1,,,https://independent-sleep.example/reviews/eucalune,independent-sleep.example,editorial,https://independent-sleep.example/reviews/eucalune,True,independent-sleep.example,False,True,https://independent-sleep.example/reviews/eucalune
C001741,M2-P036-CH-R2,,,https://home-review.example/best-cooling-bedding,home-review.example,editorial,https://home-review.example/best-cooling-bedding,True,home-review.example,False,True,https://home-review.example/best-cooling-bedding
C001617,M2-P028-AN-R2,,,https://independent-sleep.example/reviews/eucalune,independent-sleep.example,editorial,https://independent-sleep.example/reviews/eucalune,True,independent-sleep.example,False,True,https://independent-sleep.example/reviews/eucalune
C000577,M1-P034-AN-R1,,,https://home-review.example/best-cooling-bedding,home-review.example,editorial,https://home-review.example/best-cooling-bedding,True,home-review.example,False,True,https://home-review.example/best-cooling-bedding
C000550,M1-P033-CH-R1,,,https://eucalune.example/products/eucalyptus-sheets,eucalune.example,owned,https://eucalune.example/products/eucalyptus-sheets,True,eucalune.example,False,True,https://eucalune.example/products/eucalyptus-sheets
C000682,M1-P040-AN-R1,,,https://forum.example/r/hotsleepers/cooling-sheet-experiences,forum.example,forum,https://forum.example/r/hotsleepers/cooling-sheet-experiences,True,forum.example,False,True,https://forum.example/r/hotsleepers/cooling-sheet-experiences
C001736,M2-P036-CH-R1,,,https://home-review.example/best-cooling-bedding,home-review.example,editorial,https://home-review.example/best-cooling-bedding,True,home-review.example,False,True,https://home-review.example/best-cooling-bedding
C000786,M1-P047-CH-R2,,,https://sereinsleep.example/products/clean-cooling-sheets,sereinsleep.example,owned,https://sereinsleep.example/products/clean-cooling-sheets,True,sereinsleep.example,False,True,https://sereinsleep.example/products/clean-cooling-sheets
C001689,M2-P033-SE-R1,,,https://restnest.example/products/value-cooling-set,restnest.example,owned,https://restnest.example/products/value-cooling-set,True,restnest.example,False,True,https://restnest.example/products/value-cooling-set
C001398,M2-P018-SE-R1,,,https://independent-sleep.example/reviews/arcticloom,independent-sleep.example,editorial,https://independent-sleep.example/reviews/arcticloom,True,independent-sleep.example,False,True,https://independent-sleep.example/reviews/arcticloom
C001920,M2-P047-SE-R2,,,https://restnest.example/products/value-cooling-set,restnest.example,owned,https://restnest.example/products/value-cooling-set,True,restnest.example,False,True,https://restnest.example/products/value-cooling-set
C002054,M2-P055-SE-R1,,,https://astervale.example/products/cooling-sheet-set,astervale.example,owned,https://astervale.example/products/cooling-sheet-set,True,astervale.example,False,True,https://astervale.example/products/cooling-sheet-set
C000408,M1-P024-CH-R1,,,https://sleep-lab.example/guides/cooling-sheets,sleep-lab.example,editorial,https://sleep-lab.example/guides/cooling-sheets,True,sleep-lab.example,False,True,https://sleep-lab.example/guides/cooling-sheets
C002006,M2-P052-SE-R2,,,https://sleep-lab.example/guides/cooling-sheets,sleep-lab.example,editorial,https://sleep-lab.example/guides/cooling-sheets,True,sleep-lab.example,False,True,https://sleep-lab.example/guides/cooling-sheets
C000575,M1-P034-SE-R2,,,https://home-review.example/best-cooling-bedding,home-review.example,editorial,https://home-review.example/best-cooling-bedding,True,home-review.example,False,True,https://home-review.example/best-cooling-bedding
C000311,M1-P018-AN-R1,,,https://home-review.example/best-cooling-bedding,home-review.example,editorial,https://home-review.example/best-cooling-bedding,True,home-review.example,False,True,https://home-review.example/best-cooling-bedding
C001171,M2-P005-AN-R1,,,https://sleep-lab.example/guides/cooling-sheets,sleep-lab.example,editorial,https://sleep-lab.example/guides/cooling-sheets,True,sleep-lab.example,False,True,https://sleep-lab.example/guides/cooling-sheets
C001331,M2-P014-SE-R1,,,https://forum.example/r/hotsleepers/cooling-sheet-experiences,forum.example,forum,https://forum.example/r/hotsleepers/cooling-sheet-experiences,True,forum.example,False,True,https://forum.example/r/hotsleepers/cooling-sheet-experiences
C001521,M2-P024-CH-R1,,,https://forum.example/r/hotsleepers/cooling-sheet-experiences,forum.example,forum,https://forum.example/r/hotsleepers/cooling-sheet-experiences,True,forum.example,False,True,https://forum.example/r/hotsleepers/cooling-sheet-experiences
C000360,M1-P021-CH-R2,,,https://independent-sleep.example/reviews/restnest,independent-sleep.example,editorial,https://independent-sleep.example/reviews/restnest,True,independent-sleep.example,False,True,https://independent-sleep.example/reviews/restnest
C001077,M1-P064-AN-R1,,,https://independent-sleep.example/reviews/eucalune,independent-sleep.example,editorial,https://independent-sleep.example/reviews/eucalune,True,independent-sleep.example,False,True,https://independent-sleep.example/reviews/eucalune
C000548,M1-P032-AN-R2,,,https://home-review.example/best-cooling-bedding,home-review.example,editorial,https://home-review.example/best-cooling-bedding,True,home-review.example,False,True,https://home-review.example/best-cooling-bedding
C001079,M1-P064-AN-R2,,,https://forum.example/r/hotsleepers/cooling-sheet-experiences,forum.example,forum,https://forum.example/r/hotsleepers/cooling-sheet-experiences,True,forum.example,False,True,https://forum.example/r/hotsleepers/cooling-sheet-experiences
C001889,M2-P046-CH-R1,,,https://independent-sleep.example/reviews/arcticloom,independent-sleep.example,editorial,https://independent-sleep.example/reviews/arcticloom,True,independent-sleep.example,False,True,https://independent-sleep.example/reviews/arcticloom
C001867,M2-P044-SE-R2,,,https://home-review.example/best-cooling-bedding,home-review.example,editorial,https://home-review.example/best-cooling-bedding,True,home-review.example,False,True,https://home-review.example/best-cooling-bedding
C000345,M1-P020-SE-R1,,,https://independent-sleep.example/reviews/arcticloom,independent-sleep.example,editorial,https://independent-sleep.example/reviews/arcticloom,True,independent-sleep.example,False,True,https://independent-sleep.example/reviews/arcticloom
C001184,M2-P006-SE-R1,,,https://eucalune.example/products/eucalyptus-sheets,eucalune.example,owned,https://eucalune.example/products/eucalyptus-sheets,True,eucalune.example,False,True,https://eucalune.example/products/eucalyptus-sheets
C000462,M1-P027-SE-R1,,,https://sereinsleep.example/products/clean-cooling-sheets,sereinsleep.example,owned,https://sereinsleep.example/products/clean-cooling-sheets,True,sereinsleep.example,False,True,https://sereinsleep.example/products/clean-cooling-sheets
C001687,M2-P033-SE-R1,,,https://sleep-lab.example/guides/cooling-sheets,sleep-lab.example,editorial,https://sleep-lab.example/guides/cooling-sheets,True,sleep-lab.example,False,True,https://sleep-lab.example/guides/cooling-sheets
C000662,M1-P039-SE-R2,,,https://home-review.example/best-cooling-bedding,home-review.example,editorial,https://home-review.example/best-cooling-bedding,True,home-review.example,False,True,https://home-review.example/best-cooling-bedding
C001666,M2-P032-CH-R1,,,https://home-review.example/best-cooling-bedding,home-review.example,editorial,https://home-review.example/best-cooling-bedding,True,home-review.example,False,True,https://home-review.example/best-cooling-bedding
C001524,M2-P024-CH-R1,,,https://arcticloom.example/collections/cooling-tech,arcticloom.example,owned,https://arcticloom.example/collections/cooling-tech,True,arcticloom.example,False,True,https://arcticloom.example/collections/cooling-tech
C001241,M2-P009-SE-R2,,,https://restnest.example/products/value-cooling-set,restnest.example,owned,https://restnest.example/products/value-cooling-set,True,restnest.example,False,True,https://restnest.example/products/value-cooling-set
C001565,M2-P026-CH-R1,,,https://independent-sleep.example/reviews/serein-sleep,independent-sleep.example,editorial,https://independent-sleep.example/reviews/serein-sleep,True,independent-sleep.example,False,True,https://independent-sleep.example/reviews/serein-sleep
C000245,M1-P014-AN-R1,,,https://eucalune.example/products/eucalyptus-sheets,eucalune.example,owned,https://eucalune.example/products/eucalyptus-sheets,True,eucalune.example,False,True,https://eucalune.example/products/eucalyptus-sheets
C000665,M1-P039-AN-R1,,,https://independent-sleep.example/reviews/serein-sleep,independent-sleep.example,editorial,https://independent-sleep.example/reviews/serein-sleep,True,independent-sleep.example,False,True,https://independent-sleep.example/reviews/serein-sleep
C001775,M2-P038-CH-R2,,,https://independent-sleep.example/reviews/arcticloom,independent-sleep.example,editorial,https://independent-sleep.example/reviews/arcticloom,True,independent-sleep.example,False,True,https://independent-sleep.example/reviews/arcticloom
C000440,M1-P025-AN-R2,,,https://forum.example/r/hotsleepers/cooling-sheet-experiences,forum.example,forum,https://forum.example/r/hotsleepers/cooling-sheet-experiences,True,forum.example,False,True,https://forum.example/r/hotsleepers/cooling-sheet-experiences
C000637,M1-P038-CH-R2,,,https://sleep-lab.example/guides/cooling-sheets,sleep-lab.example,editorial,https://sleep-lab.example/guides/cooling-sheets,True,sleep-lab.example,False,True,https://sleep-lab.example/guides/cooling-sheets
C000171,M1-P010-AN-R2,,,https://sleep-lab.example/guides/cooling-sheets,sleep-lab.example,editorial,https://sleep-lab.example/guides/cooling-sheets,True,sleep-lab.example,False,True,https://sleep-lab.example/guides/cooling-sheets
C001027,M1-P061-SE-R2,,,https://home-review.example/best-cooling-bedding,home-review.example,editorial,https://home-review.example/best-cooling-bedding,True,home-review.example,False,True,https://home-review.example/best-cooling-bedding
C000369,M1-P021-AN-R1,,,https://home-review.example/best-cooling-bedding,home-review.example,editorial,https://home-review.example/best-cooling-bedding,True,home-review.example,False,True,https://home-review.example/best-cooling-bedding
C001314,M2-P013-SE-R1,,,https://sleep-lab.example/guides/cooling-sheets,sleep-lab.example,editorial,https://sleep-lab.example/guides/cooling-sheets,True,sleep-lab.example,False,True,https://sleep-lab.example/guides/cooling-sheets
C000982,M1-P059-CH-R1,,,https://home-review.example/best-cooling-bedding,home-review.example,editorial,https://home-review.example/best-cooling-bedding,True,home-review.example,False,True,https://home-review.example/best-cooling-bedding
C001246,M2-P009-AN-R2,,,https://sleep-lab.example/guides/cooling-sheets,sleep-lab.example,editorial,https://sleep-lab.example/guides/cooling-sheets,True,sleep-lab.example,False,True,https://sleep-lab.example/guides/cooling-sheets
C002246,M1-P044-CH-R2,,,HTTPS://www.SLEEP-LAB.EXAMPLE/guides/cooling-sheets/?utm_source=audit&utm_campaign=m2#section,www.SLEEP-LAB.EXAMPLE,editorial,https://sleep-lab.example/guides/cooling-sheets,True,sleep-lab.example,False,True,https://sleep-lab.example/guides/cooling-sheets
C001662,M2-P031-SE-R2,,,https://independent-sleep.example/reviews/astervale,independent-sleep.example,editorial,https://independent-sleep.example/reviews/astervale,True,independent-sleep.example,False,True,https://independent-sleep.example/reviews/astervale
C002087,M2-P057-SE-R2,,,https://home-review.example/best-cooling-bedding,home-review.example,editorial,https://home-review.example/best-cooling-bedding,True,home-review.example,False,True,https://home-review.example/best-cooling-bedding
C001362,M2-P016-SE-R1,,,https://sereinsleep.example/products/clean-cooling-sheets,sereinsleep.example,owned,https://sereinsleep.example/products/clean-cooling-sheets,True,sereinsleep.example,False,True,https://sereinsleep.example/products/clean-cooling-sheets
C000130,M1-P008-AN-R1,,,https://forum.example/r/hotsleepers/cooling-sheet-experiences,forum.example,forum,https://forum.example/r/hotsleepers/cooling-sheet-experiences,True,forum.example,False,True,https://forum.example/r/hotsleepers/cooling-sheet-experiences
C001183,M2-P006-SE-R1,,,https://independent-sleep.example/reviews/serein-sleep,independent-sleep.example,editorial,https://independent-sleep.example/reviews/serein-sleep,True,independent-sleep.example,False,True,https://independent-sleep.example/reviews/serein-sleep
C000589,M1-P035-SE-R1,,,https://sleep-lab.example/guides/cooling-sheets,sleep-lab.example,editorial,https://sleep-lab.example/guides/cooling-sheets,True,sleep-lab.example,False,True,https://sleep-lab.example/guides/cooling-sheets
C001563,M2-P026-CH-R1,,,https://forum.example/r/hotsleepers/cooling-sheet-experiences,forum.example,forum,https://forum.example/r/hotsleepers/cooling-sheet-experiences,True,forum.example,False,True,https://forum.example/r/hotsleepers/cooling-sheet-experiences
C001789,M2-P039-CH-R2,,,https://home-review.example/best-cooling-bedding,home-review.example,editorial,https://home-review.example/best-cooling-bedding,True,home-review.example,False,True,https://home-review.example/best-cooling-bedding
C000518,M1-P031-CH-R1,,,https://home-review.example/best-cooling-bedding,home-review.example,editorial,https://home-review.example/best-cooling-bedding,True,home-review.example,False,True,https://home-review.example/best-cooling-bedding
C001005,M1-P060-CH-R2,,,https://independent-sleep.example/reviews/arcticloom,independent-sleep.example,editorial,https://independent-sleep.example/reviews/arcticloom,True,independent-sleep.example,False,True,https://independent-sleep.example/reviews/arcticloom
C000273,M1-P016-SE-R1,,,https://home-review.example/best-cooling-bedding,home-review.example,editorial,https://home-review.example/best-cooling-bedding,True,home-review.example,False,True,https://home-review.example/best-cooling-bedding
C001476,M2-P022-CH-R1,,,https://home-review.example/best-cooling-bedding,home-review.example,editorial,https://home-review.example/best-cooling-bedding,True,home-review.example,False,True,https://home-review.example/best-cooling-bedding
C001459,M2-P021-SE-R1,,,https://forum.example/r/hotsleepers/cooling-sheet-experiences,forum.example,forum,https://forum.example/r/hotsleepers/cooling-sheet-experiences,True,forum.example,False,True,https://forum.example/r/hotsleepers/cooling-sheet-experiences
C001719,M2-P035-CH-R1,,,https://forum.example/r/hotsleepers/cooling-sheet-experiences,forum.example,forum,https://forum.example/r/hotsleepers/cooling-sheet-experiences,True,forum.example,False,True,https://forum.example/r/hotsleepers/cooling-sheet-experiences
C001539,M2-P024-AN-R1,,,https://restnest.example/products/value-cooling-set,restnest.example,owned,https://restnest.example/products/value-cooling-set,True,restnest.example,False,True,https://restnest.example/products/value-cooling-set
C002020,M2-P053-SE-R1,,,https://home-review.example/best-cooling-bedding,home-review.example,editorial,https://home-review.example/best-cooling-bedding,True,home-review.example,False,True,https://home-review.example/best-cooling-bedding
C000292,M1-P017-AN-R1,,,https://sleep-lab.example/guides/cooling-sheets,sleep-lab.example,editorial,https://sleep-lab.example/guides/cooling-sheets,True,sleep-lab.example,False,True,https://sleep-lab.example/guides/cooling-sheets
C000316,M1-P018-AN-R2,,,https://arcticloom.example/collections/cooling-tech,arcticloom.example,owned,https://arcticloom.example/collections/cooling-tech,True,arcticloom.example,False,True,https://arcticloom.example/collections/cooling-tech
C000211,M1-P013-CH-R1,,,https://home-review.example/best-cooling-bedding,home-review.example,editorial,https://home-review.example/best-cooling-bedding,True,home-review.example,False,True,https://home-review.example/best-cooling-bedding
C000679,M1-P040-SE-R1,,,https://independent-sleep.example/reviews/arcticloom,independent-sleep.example,editorial,https://independent-sleep.example/reviews/arcticloom,True,independent-sleep.example,False,True,https://independent-sleep.example/reviews/arcticloom
C000852,M1-P050-AN-R1,,,https://independent-sleep.example/reviews/restnest,independent-sleep.example,editorial,https://independent-sleep.example/reviews/restnest,True,independent-sleep.example,False,True,https://independent-sleep.example/reviews/restnest
C001324,M2-P014-CH-R1,,,https://eucalune.example/products/eucalyptus-sheets,eucalune.example,owned,https://eucalune.example/products/eucalyptus-sheets,True,eucalune.example,False,True,https://eucalune.example/products/eucalyptus-sheets
C001744,M2-P036-SE-R1,,,https://independent-sleep.example/reviews/arcticloom,independent-sleep.example,editorial,https://independent-sleep.example/reviews/arcticloom,True,independent-sleep.example,False,True,https://independent-sleep.example/reviews/arcticloom
C000655,M1-P039-CH-R2,,,https://arcticloom.example/collections/cooling-tech,arcticloom.example,owned,https://arcticloom.example/collections/cooling-tech,True,arcticloom.example,False,True,https://arcticloom.example/collections/cooling-tech
C001070,M1-P064-SE-R1,,,https://sleep-lab.example/guides/cooling-sheets,sleep-lab.example,editorial,https://sleep-lab.example/guides/cooling-sheets,True,sleep-lab.example,False,True,https://sleep-lab.example/guides/cooling-sheets
C002213,M2-P064-CH-R1,,,https://forum.example/r/hotsleepers/cooling-sheet-experiences,forum.example,forum,https://forum.example/r/hotsleepers/cooling-sheet-experiences,True,forum.example,False,True,https://forum.example/r/hotsleepers/cooling-sheet-experiences
C001838,M2-P042-SE-R2,,,https://arcticloom.example/collections/cooling-tech,arcticloom.example,owned,https://arcticloom.example/collections/cooling-tech,True,arcticloom.example,False,True,https://arcticloom.example/collections/cooling-tech
C001772,M2-P038-CH-R1,,,https://astervale.example/products/cooling-sheet-set,astervale.example,owned,https://astervale.example/products/cooling-sheet-set,True,astervale.example,False,True,https://astervale.example/products/cooling-sheet-set
C000382,M1-P022-SE-R1,,,https://restnest.example/products/value-cooling-set,restnest.example,owned,https://restnest.example/products/value-cooling-set,True,restnest.example,False,True,https://restnest.example/products/value-cooling-set
C001253,M2-P010-CH-R2,,,https://home-review.example/best-cooling-bedding,home-review.example,editorial,https://home-review.example/best-cooling-bedding,True,home-review.example,False,True,https://home-review.example/best-cooling-bedding
C001734,M2-P035-AN-R2,,,https://home-review.example/best-cooling-bedding,home-review.example,editorial,https://home-review.example/best-cooling-bedding,True,home-review.example,False,True,https://home-review.example/best-cooling-bedding
C000986,M1-P059-CH-R2,,,https://astervale.example/products/cooling-sheet-set,astervale.example,owned,https://astervale.example/products/cooling-sheet-set,True,astervale.example,False,True,https://astervale.example/products/cooling-sheet-set
C001363,M2-P016-SE-R1,,,https://independent-sleep.example/reviews/restnest,independent-sleep.example,editorial,https://independent-sleep.example/reviews/restnest,True,independent-sleep.example,False,True,https://independent-sleep.example/reviews/restnest
C001805,M2-P040-CH-R2,,,https://arcticloom.example/collections/cooling-tech,arcticloom.example,owned,https://arcticloom.example/collections/cooling-tech,True,arcticloom.example,False,True,https://arcticloom.example/collections/cooling-tech
C001818,M2-P041-CH-R2,,,https://sleep-lab.example/guides/cooling-sheets,sleep-lab.example,editorial,https://sleep-lab.example/guides/cooling-sheets,True,sleep-lab.example,False,True,https://sleep-lab.example/guides/cooling-sheets
C000614,M1-P036-AN-R2,,,https://eucalune.example/products/eucalyptus-sheets,eucalune.example,owned,https://eucalune.example/products/eucalyptus-sheets,True,eucalune.example,False,True,https://eucalune.example/products/eucalyptus-sheets
C002153,M2-P060-AN-R1,,,https://sereinsleep.example/products/clean-cooling-sheets,sereinsleep.example,owned,https://sereinsleep.example/products/clean-cooling-sheets,True,sereinsleep.example,False,True,https://sereinsleep.example/products/clean-cooling-sheets
C001982,M2-P051-SE-R1,,,https://home-review.example/best-cooling-bedding,home-review.example,editorial,https://home-review.example/best-cooling-bedding,True,home-review.example,False,True,https://home-review.example/best-cooling-bedding
C000470,M1-P027-AN-R2,,,https://independent-sleep.example/reviews/arcticloom,independent-sleep.example,editorial,https://independent-sleep.example/reviews/arcticloom,True,independent-sleep.example,False,True,https://independent-sleep.example/reviews/arcticloom
C000485,M1-P028-AN-R1,,,https://sereinsleep.example/products/clean-cooling-sheets,sereinsleep.example,owned,https://sereinsleep.example/products/clean-cooling-sheets,True,sereinsleep.example,False,True,https://sereinsleep.example/products/clean-cooling-sheets
C001571,M2-P026-SE-R2,,,https://sleep-lab.example/guides/cooling-sheets,sleep-lab.example,editorial,https://sleep-lab.example/guides/cooling-sheets,True,sleep-lab.example,False,True,https://sleep-lab.example/guides/cooling-sheets
C000417,M1-P024-SE-R2,,,https://forum.example/r/hotsleepers/cooling-sheet-experiences,forum.example,forum,https://forum.example/r/hotsleepers/cooling-sheet-experiences,True,forum.example,False,True,https://forum.example/r/hotsleepers/cooling-sheet-experiences
C001888,M2-P046-CH-R1,,,https://sleep-lab.example/guides/cooling-sheets,sleep-lab.example,editorial,https://sleep-lab.example/guides/cooling-sheets,True,sleep-lab.example,False,True,https://sleep-lab.example/guides/cooling-sheets
C000748,M1-P045-CH-R1,,,https://home-review.example/best-cooling-bedding,home-review.example,editorial,https://home-review.example/best-cooling-bedding,True,home-review.example,False,True,https://home-review.example/best-cooling-bedding
C001655,M2-P031-CH-R1,,,https://sleep-lab.example/guides/cooling-sheets,sleep-lab.example,editorial,https://sleep-lab.example/guides/cooling-sheets,True,sleep-lab.example,False,True,https://sleep-lab.example/guides/cooling-sheets
C001890,M2-P046-CH-R1,,,https://eucalune.example/products/eucalyptus-sheets,eucalune.example,owned,https://eucalune.example/products/eucalyptus-sheets,True,eucalune.example,False,True,https://eucalune.example/products/eucalyptus-sheets
C002168,M2-P061-SE-R2,,,https://home-review.example/best-cooling-bedding,home-review.example,editorial,https://home-review.example/best-cooling-bedding,True,home-review.example,False,True,https://home-review.example/best-cooling-bedding
C001974,M2-P050-AN-R2,,,https://independent-sleep.example/reviews/astervale,independent-sleep.example,editorial,https://independent-sleep.example/reviews/astervale,True,independent-sleep.example,False,True,https://independent-sleep.example/reviews/astervale
C001577,M2-P026-AN-R2,,,https://sereinsleep.example/products/clean-cooling-sheets,sereinsleep.example,owned,https://sereinsleep.example/products/clean-cooling-sheets,True,sereinsleep.example,False,True,https://sereinsleep.example/products/clean-cooling-sheets
C001040,M1-P062-SE-R1,,,https://sereinsleep.example/products/clean-cooling-sheets,sereinsleep.example,owned,https://sereinsleep.example/products/clean-cooling-sheets,True,sereinsleep.example,False,True,https://sereinsleep.example/products/clean-cooling-sheets
C002255,M2-P006-CH-R2,,,HTTPS://www.HOME-REVIEW.EXAMPLE/best-cooling-bedding/?utm_source=audit&utm_campaign=m2#section,www.HOME-REVIEW.EXAMPLE,editorial,https://home-review.example/best-cooling-bedding,True,home-review.example,False,True,https://home-review.example/best-cooling-bedding
C001526,M2-P024-CH-R2,,,https://forum.example/r/hotsleepers/cooling-sheet-experiences,forum.example,forum,https://forum.example/r/hotsleepers/cooling-sheet-experiences,True,forum.example,False,True,https://forum.example/r/hotsleepers/cooling-sheet-experiences
C000846,M1-P050-SE-R1,,,https://independent-sleep.example/reviews/eucalune,independent-sleep.example,editorial,https://independent-sleep.example/reviews/eucalune,True,independent-sleep.example,False,True,https://independent-sleep.example/reviews/eucalune
C001912,M2-P047-CH-R2,,,https://home-review.example/best-cooling-bedding,home-review.example,editorial,https://home-review.example/best-cooling-bedding,True,home-review.example,False,True,https://home-review.example/best-cooling-bedding
C000962,M1-P057-SE-R2,,,https://home-review.example/best-cooling-bedding,home-review.example,editorial,https://home-review.example/best-cooling-bedding,True,home-review.example,False,True,https://home-review.example/best-cooling-bedding
C001361,M2-P016-SE-R1,,,https://astervale.example/products/cooling-sheet-set,astervale.example,owned,https://astervale.example/products/cooling-sheet-set,True,astervale.example,False,True,https://astervale.example/products/cooling-sheet-set
C000487,M1-P028-AN-R2,,,https://home-review.example/best-cooling-bedding,home-review.example,editorial,https://home-review.example/best-cooling-bedding,True,home-review.example,False,True,https://home-review.example/best-cooling-bedding
C000684,M1-P040-AN-R1,,,https://independent-sleep.example/reviews/eucalune,independent-sleep.example,editorial,https://independent-sleep.example/reviews/eucalune,True,independent-sleep.example,False,True,https://independent-sleep.example/reviews/eucalune
C002033,M2-P054-CH-R2,,,https://astervale.example/products/cooling-sheet-set,astervale.example,owned,https://astervale.example/products/cooling-sheet-set,True,astervale.example,False,True,https://astervale.example/products/cooling-sheet-set
C000538,M1-P032-CH-R1,,,https://independent-sleep.example/reviews/eucalune,independent-sleep.example,editorial,https://independent-sleep.example/reviews/eucalune,True,independent-sleep.example,False,True,https://independent-sleep.example/reviews/eucalune
C000686,M1-P040-AN-R1,,,https://independent-sleep.example/reviews/arcticloom,independent-sleep.example,editorial,https://independent-sleep.example/reviews/arcticloom,True,independent-sleep.example,False,True,https://independent-sleep.example/reviews/arcticloom
C001871,M2-P044-AN-R2,,,https://forum.example/r/hotsleepers/cooling-sheet-experiences,forum.example,forum,https://forum.example/r/hotsleepers/cooling-sheet-experiences,True,forum.example,False,True,https://forum.example/r/hotsleepers/cooling-sheet-experiences
C000343,M1-P020-SE-R1,,,https://forum.example/r/hotsleepers/cooling-sheet-experiences,forum.example,forum,https://forum.example/r/hotsleepers/cooling-sheet-experiences,True,forum.example,False,True,https://forum.example/r/hotsleepers/cooling-sheet-experiences
C000089,M1-P006-CH-R1,,,https://independent-sleep.example/reviews/serein-sleep,independent-sleep.example,editorial,https://independent-sleep.example/reviews/serein-sleep,True,independent-sleep.example,False,True,https://independent-sleep.example/reviews/serein-sleep
C002227,M2-P064-AN-R1,,,https://home-review.example/best-cooling-bedding,home-review.example,editorial,https://home-review.example/best-cooling-bedding,True,home-review.example,False,True,https://home-review.example/best-cooling-bedding
C001819,M2-P041-SE-R1,,,https://forum.example/r/hotsleepers/cooling-sheet-experiences,forum.example,forum,https://forum.example/r/hotsleepers/cooling-sheet-experiences,True,forum.example,False,True,https://forum.example/r/hotsleepers/cooling-sheet-experiences
C001723,M2-P035-CH-R2,,,https://eucalune.example/products/eucalyptus-sheets,eucalune.example,owned,https://eucalune.example/products/eucalyptus-sheets,True,eucalune.example,False,True,https://eucalune.example/products/eucalyptus-sheets
C001489,M2-P022-SE-R2,,,https://eucalune.example/products/eucalyptus-sheets,eucalune.example,owned,https://eucalune.example/products/eucalyptus-sheets,True,eucalune.example,False,True,https://eucalune.example/products/eucalyptus-sheets
C001574,M2-P026-AN-R1,,,https://forum.example/r/hotsleepers/cooling-sheet-experiences,forum.example,forum,https://forum.example/r/hotsleepers/cooling-sheet-experiences,True,forum.example,False,True,https://forum.example/r/hotsleepers/cooling-sheet-experiences
C000191,M1-P012-CH-R2,,,https://forum.example/r/hotsleepers/cooling-sheet-experiences,forum.example,forum,https://forum.example/r/hotsleepers/cooling-sheet-experiences,True,forum.example,False,True,https://forum.example/r/hotsleepers/cooling-sheet-experiences
C000851,M1-P050-AN-R1,,,https://astervale.example/products/cooling-sheet-set,astervale.example,owned,https://astervale.example/products/cooling-sheet-set,True,astervale.example,False,True,https://astervale.example/products/cooling-sheet-set
C001067,M1-P064-CH-R1,,,https://forum.example/r/hotsleepers/cooling-sheet-experiences,forum.example,forum,https://forum.example/r/hotsleepers/cooling-sheet-experiences,True,forum.example,False,True,https://forum.example/r/hotsleepers/cooling-sheet-experiences
C001371,M2-P017-CH-R1,,,https://forum.example/r/hotsleepers/cooling-sheet-experiences,forum.example,forum,https://forum.example/r/hotsleepers/cooling-sheet-experiences,True,forum.example,False,True,https://forum.example/r/hotsleepers/cooling-sheet-experiences
C001549,M2-P025-SE-R1,,,https://home-review.example/best-cooling-bedding,home-review.example,editorial,https://home-review.example/best-cooling-bedding,True,home-review.example,False,True,https://home-review.example/best-cooling-bedding
C001066,M1-P063-AN-R2,,,https://sereinsleep.example/products/clean-cooling-sheets,sereinsleep.example,owned,https://sereinsleep.example/products/clean-cooling-sheets,True,sereinsleep.example,False,True,https://sereinsleep.example/products/clean-cooling-sheets
C000002,M1-P001-CH-R1,,,https://arcticloom.example/collections/cooling-tech,arcticloom.example,owned,https://arcticloom.example/collections/cooling-tech,True,arcticloom.example,False,True,https://arcticloom.example/collections/cooling-tech
C000242,M1-P014-SE-R2,,,https://independent-sleep.example/reviews/restnest,independent-sleep.example,editorial,https://independent-sleep.example/reviews/restnest,True,independent-sleep.example,False,True,https://independent-sleep.example/reviews/restnest
C000403,M1-P023-AN-R1,,,https://forum.example/r/hotsleepers/cooling-sheet-experiences,forum.example,forum,https://forum.example/r/hotsleepers/cooling-sheet-experiences,True,forum.example,False,True,https://forum.example/r/hotsleepers/cooling-sheet-experiences
C000093,M1-P006-SE-R1,,,https://home-review.example/best-cooling-bedding,home-review.example,editorial,https://home-review.example/best-cooling-bedding,True,home-review.example,False,True,https://home-review.example/best-cooling-bedding
C000022,M1-P002-CH-R2,,,https://sleep-lab.example/guides/cooling-sheets,sleep-lab.example,editorial,https://sleep-lab.example/guides/cooling-sheets,True,sleep-lab.example,False,True,https://sleep-lab.example/guides/cooling-sheets
C000743,M1-P044-AN-R1,,,https://home-review.example/best-cooling-bedding,home-review.example,editorial,https://home-review.example/best-cooling-bedding,True,home-review.example,False,True,https://home-review.example/best-cooling-bedding
C000857,M1-P051-CH-R1,,,https://independent-sleep.example/reviews/astervale,independent-sleep.example,editorial,https://independent-sleep.example/reviews/astervale,True,independent-sleep.example,False,True,https://independent-sleep.example/reviews/astervale
C000968,M1-P058-CH-R2,,,https://home-review.example/best-cooling-bedding,home-review.example,editorial,https://home-review.example/best-cooling-bedding,True,home-review.example,False,True,https://home-review.example/best-cooling-bedding
C001712,M2-P034-AN-R1,,,https://sleep-lab.example/guides/cooling-sheets,sleep-lab.example,editorial,https://sleep-lab.example/guides/cooling-sheets,True,sleep-lab.example,False,True,https://sleep-lab.example/guides/cooling-sheets
C000953,M1-P056-AN-R2,,,https://sleep-lab.example/guides/cooling-sheets,sleep-lab.example,editorial,https://sleep-lab.example/guides/cooling-sheets,True,sleep-lab.example,False,True,https://sleep-lab.example/guides/cooling-sheets
C001733,M2-P035-AN-R1,,,https://home-review.example/best-cooling-bedding,home-review.example,editorial,https://home-review.example/best-cooling-bedding,True,home-review.example,False,True,https://home-review.example/best-cooling-bedding
C000207,M1-P012-AN-R2,,,https://forum.example/r/hotsleepers/cooling-sheet-experiences,forum.example,forum,https://forum.example/r/hotsleepers/cooling-sheet-experiences,True,forum.example,False,True,https://forum.example/r/hotsleepers/cooling-sheet-experiences
C001670,M2-P032-CH-R2,,,https://arcticloom.example/collections/cooling-tech,arcticloom.example,owned,https://arcticloom.example/collections/cooling-tech,True,arcticloom.example,False,True,https://arcticloom.example/collections/cooling-tech
C000605,M1-P036-SE-R2,,,https://home-review.example/best-cooling-bedding,home-review.example,editorial,https://home-review.example/best-cooling-bedding,True,home-review.example,False,True,https://home-review.example/best-cooling-bedding
C000090,M1-P006-CH-R2,,,https://home-review.example/best-cooling-bedding,home-review.example,editorial,https://home-review.example/best-cooling-bedding,True,home-review.example,False,True,https://home-review.example/best-cooling-bedding
C001882,M2-P045-AN-R1,,,https://home-review.example/best-cooling-bedding,home-review.example,editorial,https://home-review.example/best-cooling-bedding,True,home-review.example,False,True,https://home-review.example/best-cooling-bedding
C002176,M2-P061-AN-R2,,,https://astervale.example/products/cooling-sheet-set,astervale.example,owned,https://astervale.example/products/cooling-sheet-set,True,astervale.example,False,True,https://astervale.example/products/cooling-sheet-set
C001599,M2-P027-AN-R2,,,https://sleep-lab.example/guides/cooling-sheets,sleep-lab.example,editorial,https://sleep-lab.example/guides/cooling-sheets,True,sleep-lab.example,False,True,https://sleep-lab.example/guides/cooling-sheets
C002137,M2-P060-CH-R1,,,https://eucalune.example/products/eucalyptus-sheets,eucalune.example,owned,https://eucalune.example/products/eucalyptus-sheets,True,eucalune.example,False,True,https://eucalune.example/products/eucalyptus-sheets
C002178,M2-P062-CH-R1,,,https://astervale.example/products/cooling-sheet-set,astervale.example,owned,https://astervale.example/products/cooling-sheet-set,True,astervale.example,False,True,https://astervale.example/products/cooling-sheet-set
C002014,M2-P053-CH-R1,,,https://home-review.example/best-cooling-bedding,home-review.example,editorial,https://home-review.example/best-cooling-bedding,True,home-review.example,False,True,https://home-review.example/best-cooling-bedding
C001111,M2-P002-AN-R1,,,https://sleep-lab.example/guides/cooling-sheets,sleep-lab.example,editorial,https://sleep-lab.example/guides/cooling-sheets,True,sleep-lab.example,False,True,https://sleep-lab.example/guides/cooling-sheets
C002170,M2-P061-SE-R2,,,https://sereinsleep.example/products/clean-cooling-sheets,sereinsleep.example,owned,https://sereinsleep.example/products/clean-cooling-sheets,True,sereinsleep.example,False,True,https://sereinsleep.example/products/clean-cooling-sheets
C001400,M2-P018-SE-R2,,,https://sleep-lab.example/guides/cooling-sheets,sleep-lab.example,editorial,https://sleep-lab.example/guides/cooling-sheets,True,sleep-lab.example,False,True,https://sleep-lab.example/guides/cooling-sheets
C000277,M1-P016-AN-R1,,,https://forum.example/r/hotsleepers/cooling-sheet-experiences,forum.example,forum,https://forum.example/r/hotsleepers/cooling-sheet-experiences,True,forum.example,False,True,https://forum.example/r/hotsleepers/cooling-sheet-experiences
C001610,M2-P028-SE-R2,,,https://home-review.example/best-cooling-bedding,home-review.example,editorial,https://home-review.example/best-cooling-bedding,True,home-review.example,False,True,https://home-review.example/best-cooling-bedding
C000314,M1-P018-AN-R2,,,https://sleep-lab.example/guides/cooling-sheets,sleep-lab.example,editorial,https://sleep-lab.example/guides/cooling-sheets,True,sleep-lab.example,False,True,https://sleep-lab.example/guides/cooling-sheets
C001357,M2-P016-CH-R2,,,https://home-review.example/best-cooling-bedding,home-review.example,editorial,https://home-review.example/best-cooling-bedding,True,home-review.example,False,True,https://home-review.example/best-cooling-bedding
C002076,M2-P056-AN-R1,,,https://independent-sleep.example/reviews/astervale,independent-sleep.example,editorial,https://independent-sleep.example/reviews/astervale,True,independent-sleep.example,False,True,https://independent-sleep.example/reviews/astervale
C001781,M2-P038-AN-R2,,,https://home-review.example/best-cooling-bedding,home-review.example,editorial,https://home-review.example/best-cooling-bedding,True,home-review.example,False,True,https://home-review.example/best-cooling-bedding
C001074,M1-P064-SE-R2,,,https://independent-sleep.example/reviews/astervale,independent-sleep.example,editorial,https://independent-sleep.example/reviews/astervale,True,independent-sleep.example,False,True,https://independent-sleep.example/reviews/astervale
C001739,M2-P036-CH-R1,,,https://eucalune.example/products/eucalyptus-sheets,eucalune.example,owned,https://eucalune.example/products/eucalyptus-sheets,True,eucalune.example,False,True,https://eucalune.example/products/eucalyptus-sheets
C000576,M1-P034-AN-R1,,,https://sleep-lab.example/guides/cooling-sheets,sleep-lab.example,editorial,https://sleep-lab.example/guides/cooling-sheets,True,sleep-lab.example,False,True,https://sleep-lab.example/guides/cooling-sheets
C001367,M2-P016-AN-R1,,,https://arcticloom.example/collections/cooling-tech,arcticloom.example,owned,https://arcticloom.example/collections/cooling-tech,True,arcticloom.example,False,True,https://arcticloom.example/collections/cooling-tech
C000322,M1-P019-CH-R2,,,https://sereinsleep.example/products/clean-cooling-sheets,sereinsleep.example,owned,https://sereinsleep.example/products/clean-cooling-sheets,True,sereinsleep.example,False,True,https://sereinsleep.example/products/clean-cooling-sheets
C002166,M2-P061-SE-R1,B001,ASTERVALE,https://independent-sleep.example/reviews/astervale,independent-sleep.example,editorial,https://independent-sleep.example/reviews/astervale,True,independent-sleep.example,False,True,https://independent-sleep.example/reviews/astervale
C000593,M1-P035-SE-R2,,,https://independent-sleep.example/reviews/eucalune,independent-sleep.example,editorial,https://independent-sleep.example/reviews/eucalune,True,independent-sleep.example,False,True,https://independent-sleep.example/reviews/eucalune
C002199,M2-P063-CH-R1,,,https://home-review.example/best-cooling-bedding,home-review.example,editorial,https://home-review.example/best-cooling-bedding,True,home-review.example,False,True,https://home-review.example/best-cooling-bedding
C000833,M1-P049-SE-R2,,,https://sleep-lab.example/guides/cooling-sheets,sleep-lab.example,editorial,https://sleep-lab.example/guides/cooling-sheets,True,sleep-lab.example,False,True,https://sleep-lab.example/guides/cooling-sheets
C001181,M2-P006-SE-R1,,,https://arcticloom.example/collections/cooling-tech,arcticloom.example,owned,https://arcticloom.example/collections/cooling-tech,True,arcticloom.example,False,True,https://arcticloom.example/collections/cooling-tech
C000988,M1-P059-SE-R1,B001,ASTERVALE,https://astervale.example/products/cooling-sheet-set,astervale.example,owned,https://astervale.example/products/cooling-sheet-set,True,astervale.example,True,False,https://astervale.example/products/cooling-sheet-set
C000793,M1-P047-SE-R2,,,https://independent-sleep.example/reviews/eucalune,independent-sleep.example,editorial,https://independent-sleep.example/reviews/eucalune,True,independent-sleep.example,False,True,https://independent-sleep.example/reviews/eucalune
C001508,M2-P023-SE-R1,,,https://restnest.example/products/value-cooling-set,restnest.example,owned,https://restnest.example/products/value-cooling-set,True,restnest.example,False,True,https://restnest.example/products/value-cooling-set
C000657,M1-P039-SE-R1,,,https://home-review.example/best-cooling-bedding,home-review.example,editorial,https://home-review.example/best-cooling-bedding,True,home-review.example,False,True,https://home-review.example/best-cooling-bedding
C001117,M2-P003-CH-R1,,,https://arcticloom.example/collections/cooling-tech,arcticloom.example,owned,https://arcticloom.example/collections/cooling-tech,True,arcticloom.example,False,True,https://arcticloom.example/collections/cooling-tech
C000475,M1-P028-CH-R2,,,https://eucalune.example/products/eucalyptus-sheets,eucalune.example,owned,https://eucalune.example/products/eucalyptus-sheets,True,eucalune.example,False,True,https://eucalune.example/products/eucalyptus-sheets
C000333,M1-P019-AN-R1,,,https://sleep-lab.example/guides/cooling-sheets,sleep-lab.example,editorial,https://sleep-lab.example/guides/cooling-sheets,True,sleep-lab.example,False,True,https://sleep-lab.example/guides/cooling-sheets
C000446,M1-P026-CH-R2,,,https://restnest.example/products/value-cooling-set,restnest.example,owned,https://restnest.example/products/value-cooling-set,True,restnest.example,False,True,https://restnest.example/products/value-cooling-set
C001397,M2-P018-SE-R1,,,https://home-review.example/best-cooling-bedding,home-review.example,editorial,https://home-review.example/best-cooling-bedding,True,home-review.example,False,True,https://home-review.example/best-cooling-bedding
C000293,M1-P017-AN-R1,,,https://independent-sleep.example/reviews/serein-sleep,independent-sleep.example,editorial,https://independent-sleep.example/reviews/serein-sleep,True,independent-sleep.example,False,True,https://independent-sleep.example/reviews/serein-sleep
C001223,M2-P008-SE-R2,,,https://eucalune.example/products/eucalyptus-sheets,eucalune.example,owned,https://eucalune.example/products/eucalyptus-sheets,True,eucalune.example,False,True,https://eucalune.example/products/eucalyptus-sheets
C000768,M1-P046-CH-R2,,,https://eucalune.example/products/eucalyptus-sheets,eucalune.example,owned,https://eucalune.example/products/eucalyptus-sheets,True,eucalune.example,False,True,https://eucalune.example/products/eucalyptus-sheets
C000713,M1-P042-AN-R2,,,https://home-review.example/best-cooling-bedding,home-review.example,editorial,https://home-review.example/best-cooling-bedding,True,home-review.example,False,True,https://home-review.example/best-cooling-bedding
C000268,M1-P016-CH-R1,,,https://sleep-lab.example/guides/cooling-sheets,sleep-lab.example,editorial,https://sleep-lab.example/guides/cooling-sheets,True,sleep-lab.example,False,True,https://sleep-lab.example/guides/cooling-sheets
C000666,M1-P039-AN-R2,,,https://home-review.example/best-cooling-bedding,home-review.example,editorial,https://home-review.example/best-cooling-bedding,True,home-review.example,False,True,https://home-review.example/best-cooling-bedding
C000850,M1-P050-AN-R1,,,https://sleep-lab.example/guides/cooling-sheets,sleep-lab.example,editorial,https://sleep-lab.example/guides/cooling-sheets,True,sleep-lab.example,False,True,https://sleep-lab.example/guides/cooling-sheets
C000934,M1-P055-SE-R2,,,https://sleep-lab.example/guides/cooling-sheets,sleep-lab.example,editorial,https://sleep-lab.example/guides/cooling-sheets,True,sleep-lab.example,False,True,https://sleep-lab.example/guides/cooling-sheets
C000633,M1-P037-AN-R2,,,https://arcticloom.example/collections/cooling-tech,arcticloom.example,owned,https://arcticloom.example/collections/cooling-tech,True,arcticloom.example,False,True,https://arcticloom.example/collections/cooling-tech
C001099,M2-P002-CH-R2,,,https://forum.example/r/hotsleepers/cooling-sheet-experiences,forum.example,forum,https://forum.example/r/hotsleepers/cooling-sheet-experiences,True,forum.example,False,True,https://forum.example/r/hotsleepers/cooling-sheet-experiences
C000423,M1-P025-CH-R1,,,https://home-review.example/best-cooling-bedding,home-review.example,editorial,https://home-review.example/best-cooling-bedding,True,home-review.example,False,True,https://home-review.example/best-cooling-bedding
C000749,M1-P045-CH-R2,,,https://home-review.example/best-cooling-bedding,home-review.example,editorial,https://home-review.example/best-cooling-bedding,True,home-review.example,False,True,https://home-review.example/best-cooling-bedding
C000671,M1-P040-CH-R1,,,https://independent-sleep.example/reviews/serein-sleep,independent-sleep.example,editorial,https://independent-sleep.example/reviews/serein-sleep,True,independent-sleep.example,False,True,https://independent-sleep.example/reviews/serein-sleep
C000827,M1-P049-CH-R1,,,https://independent-sleep.example/reviews/astervale,independent-sleep.example,editorial,https://independent-sleep.example/reviews/astervale,True,independent-sleep.example,False,True,https://independent-sleep.example/reviews/astervale
C000870,M1-P051-AN-R2,,,https://home-review.example/best-cooling-bedding,home-review.example,editorial,https://home-review.example/best-cooling-bedding,True,home-review.example,False,True,https://home-review.example/best-cooling-bedding
C001263,M2-P011-CH-R1,,,https://forum.example/r/hotsleepers/cooling-sheet-experiences,forum.example,forum,https://forum.example/r/hotsleepers/cooling-sheet-experiences,True,forum.example,False,True,https://forum.example/r/hotsleepers/cooling-sheet-experiences
C001770,M2-P038-CH-R1,,,https://eucalune.example/products/eucalyptus-sheets,eucalune.example,owned,https://eucalune.example/products/eucalyptus-sheets,True,eucalune.example,False,True,https://eucalune.example/products/eucalyptus-sheets
C000430,M1-P025-CH-R2,,,https://sereinsleep.example/products/clean-cooling-sheets,sereinsleep.example,owned,https://sereinsleep.example/products/clean-cooling-sheets,True,sereinsleep.example,False,True,https://sereinsleep.example/products/clean-cooling-sheets
C000798,M1-P047-AN-R2,,,https://forum.example/r/hotsleepers/cooling-sheet-experiences,forum.example,forum,https://forum.example/r/hotsleepers/cooling-sheet-experiences,True,forum.example,False,True,https://forum.example/r/hotsleepers/cooling-sheet-experiences
C000613,M1-P036-AN-R2,,,https://independent-sleep.example/reviews/restnest,independent-sleep.example,editorial,https://independent-sleep.example/reviews/restnest,True,independent-sleep.example,False,True,https://independent-sleep.example/reviews/restnest
C002130,M2-P059-AN-R2,,,https://independent-sleep.example/reviews/astervale,independent-sleep.example,editorial,https://independent-sleep.example/reviews/astervale,True,independent-sleep.example,False,True,https://independent-sleep.example/reviews/astervale
C002010,M2-P052-AN-R1,,,https://independent-sleep.example/reviews/restnest,independent-sleep.example,editorial,https://independent-sleep.example/reviews/restnest,True,independent-sleep.example,False,True,https://independent-sleep.example/reviews/restnest
C001821,M2-P041-SE-R2,,,https://home-review.example/best-cooling-bedding,home-review.example,editorial,https://home-review.example/best-cooling-bedding,True,home-review.example,False,True,https://home-review.example/best-cooling-bedding
C000660,M1-P039-SE-R1,,,https://independent-sleep.example/reviews/restnest,independent-sleep.example,editorial,https://independent-sleep.example/reviews/restnest,True,independent-sleep.example,False,True,https://independent-sleep.example/reviews/restnest
C002021,M2-P053-SE-R1,,,https://astervale.example/products/cooling-sheet-set,astervale.example,owned,https://astervale.example/products/cooling-sheet-set,True,astervale.example,False,True,https://astervale.example/products/cooling-sheet-set
C001632,M2-P029-SE-R2,,,https://sereinsleep.example/products/clean-cooling-sheets,sereinsleep.example,owned,https://sereinsleep.example/products/clean-cooling-sheets,True,sereinsleep.example,False,True,https://sereinsleep.example/products/clean-cooling-sheets
C001847,M2-P043-CH-R1,,,https://independent-sleep.example/reviews/serein-sleep,independent-sleep.example,editorial,https://independent-sleep.example/reviews/serein-sleep,True,independent-sleep.example,False,True,https://independent-sleep.example/reviews/serein-sleep
C002071,M2-P056-SE-R2,,,https://forum.example/r/hotsleepers/cooling-sheet-experiences,forum.example,forum,https://forum.example/r/hotsleepers/cooling-sheet-experiences,True,forum.example,False,True,https://forum.example/r/hotsleepers/cooling-sheet-experiences
C000893,M1-P053-CH-R2,,,https://astervale.example/products/cooling-sheet-set,astervale.example,owned,https://astervale.example/products/cooling-sheet-set,True,astervale.example,False,True,https://astervale.example/products/cooling-sheet-set
C002073,M2-P056-SE-R2,,,https://independent-sleep.example/reviews/astervale,independent-sleep.example,editorial,https://independent-sleep.example/reviews/astervale,True,independent-sleep.example,False,True,https://independent-sleep.example/reviews/astervale
C001335,M2-P014-SE-R2,,,https://astervale.example/products/cooling-sheet-set,astervale.example,owned,https://astervale.example/products/cooling-sheet-set,True,astervale.example,False,True,https://astervale.example/products/cooling-sheet-set
C002143,M2-P060-SE-R1,,,https://arcticloom.example/collections/cooling-tech,arcticloom.example,owned,https://arcticloom.example/collections/cooling-tech,True,arcticloom.example,False,True,https://arcticloom.example/collections/cooling-tech
C000416,M1-P024-SE-R1,,,https://independent-sleep.example/reviews/serein-sleep,independent-sleep.example,editorial,https://independent-sleep.example/reviews/serein-sleep,True,independent-sleep.example,False,True,https://independent-sleep.example/reviews/serein-sleep
C001144,M2-P004-CH-R2,,,https://restnest.example/products/value-cooling-set,restnest.example,owned,https://restnest.example/products/value-cooling-set,True,restnest.example,False,True,https://restnest.example/products/value-cooling-set
C000193,M1-P012-SE-R1,,,https://sleep-lab.example/guides/cooling-sheets,sleep-lab.example,editorial,https://sleep-lab.example/guides/cooling-sheets,True,sleep-lab.example,False,True,https://sleep-lab.example/guides/cooling-sheets
C001462,M2-P021-SE-R1,,,https://sereinsleep.example/products/clean-cooling-sheets,sereinsleep.example,owned,https://sereinsleep.example/products/clean-cooling-sheets,True,sereinsleep.example,False,True,https://sereinsleep.example/products/clean-cooling-sheets
C000291,M1-P017-AN-R1,,,https://forum.example/r/hotsleepers/cooling-sheet-experiences,forum.example,forum,https://forum.example/r/hotsleepers/cooling-sheet-experiences,True,forum.example,False,True,https://forum.example/r/hotsleepers/cooling-sheet-experiences
C000802,M1-P048-CH-R1,,,https://forum.example/r/hotsleepers/cooling-sheet-experiences,forum.example,forum,https://forum.example/r/hotsleepers/cooling-sheet-experiences,True,forum.example,False,True,https://forum.example/r/hotsleepers/cooling-sheet-experiences
C001673,M2-P032-SE-R1,,,https://astervale.example/products/cooling-sheet-set,astervale.example,owned,https://astervale.example/products/cooling-sheet-set,True,astervale.example,False,True,https://astervale.example/products/cooling-sheet-set
C000394,M1-P023-CH-R1,,,https://sleep-lab.example/guides/cooling-sheets,sleep-lab.example,editorial,https://sleep-lab.example/guides/cooling-sheets,True,sleep-lab.example,False,True,https://sleep-lab.example/guides/cooling-sheets
C000169,M1-P010-AN-R1,,,https://independent-sleep.example/reviews/eucalune,independent-sleep.example,editorial,https://independent-sleep.example/reviews/eucalune,True,independent-sleep.example,False,True,https://independent-sleep.example/reviews/eucalune
C000500,M1-P030-CH-R1,,,https://sleep-lab.example/guides/cooling-sheets,sleep-lab.example,editorial,https://sleep-lab.example/guides/cooling-sheets,True,sleep-lab.example,False,True,https://sleep-lab.example/guides/cooling-sheets
C001153,M2-P004-AN-R1,,,https://restnest.example/products/value-cooling-set,restnest.example,owned,https://restnest.example/products/value-cooling-set,True,restnest.example,False,True,https://restnest.example/products/value-cooling-set
C000346,M1-P020-SE-R1,,,https://independent-sleep.example/reviews/restnest,independent-sleep.example,editorial,https://independent-sleep.example/reviews/restnest,True,independent-sleep.example,False,True,https://independent-sleep.example/reviews/restnest
C000730,M1-P044-CH-R1,,,https://astervale.example/products/cooling-sheet-set,astervale.example,owned,https://astervale.example/products/cooling-sheet-set,True,astervale.example,False,True,https://astervale.example/products/cooling-sheet-set
C000401,M1-P023-SE-R2,,,https://arcticloom.example/collections/cooling-tech,arcticloom.example,owned,https://arcticloom.example/collections/cooling-tech,True,arcticloom.example,False,True,https://arcticloom.example/collections/cooling-tech
C001554,M2-P025-SE-R2,,,https://independent-sleep.example/reviews/astervale,independent-sleep.example,editorial,https://independent-sleep.example/reviews/astervale,True,independent-sleep.example,False,True,https://independent-sleep.example/reviews/astervale
C001036,M1-P062-CH-R1,,,https://independent-sleep.example/reviews/arcticloom,independent-sleep.example,editorial,https://independent-sleep.example/reviews/arcticloom,True,independent-sleep.example,False,True,https://independent-sleep.example/reviews/arcticloom
C002172,M2-P061-AN-R1,,,https://sleep-lab.example/guides/cooling-sheets,sleep-lab.example,editorial,https://sleep-lab.example/guides/cooling-sheets,True,sleep-lab.example,False,True,https://sleep-lab.example/guides/cooling-sheets
C000109,M1-P007-SE-R2,,,https://home-review.example/best-cooling-bedding,home-review.example,editorial,https://home-review.example/best-cooling-bedding,True,home-review.example,False,True,https://home-review.example/best-cooling-bedding
C001167,M2-P005-SE-R2,,,https://home-review.example/best-cooling-bedding,home-review.example,editorial,https://home-review.example/best-cooling-bedding,True,home-review.example,False,True,https://home-review.example/best-cooling-bedding
C001320,M2-P013-AN-R1,,,https://arcticloom.example/collections/cooling-tech,arcticloom.example,owned,https://arcticloom.example/collections/cooling-tech,True,arcticloom.example,False,True,https://arcticloom.example/collections/cooling-tech
C001359,M2-P016-CH-R2,,,https://astervale.example/products/cooling-sheet-set,astervale.example,owned,https://astervale.example/products/cooling-sheet-set,True,astervale.example,False,True,https://astervale.example/products/cooling-sheet-set
C001039,M1-P062-SE-R1,,,https://astervale.example/products/cooling-sheet-set,astervale.example,owned,https://astervale.example/products/cooling-sheet-set,True,astervale.example,False,True,https://astervale.example/products/cooling-sheet-set
C001115,M2-P002-AN-R2,,,https://forum.example/r/hotsleepers/cooling-sheet-experiences,forum.example,forum,https://forum.example/r/hotsleepers/cooling-sheet-experiences,True,forum.example,False,True,https://forum.example/r/hotsleepers/cooling-sheet-experiences
C000358,M1-P021-CH-R1,,,https://sleep-lab.example/guides/cooling-sheets,sleep-lab.example,editorial,https://sleep-lab.example/guides/cooling-sheets,True,sleep-lab.example,False,True,https://sleep-lab.example/guides/cooling-sheets
C000812,M1-P048-SE-R1,,,https://sereinsleep.example/products/clean-cooling-sheets,sereinsleep.example,owned,https://sereinsleep.example/products/clean-cooling-sheets,True,sereinsleep.example,False,True,https://sereinsleep.example/products/clean-cooling-sheets
C001280,M2-P011-AN-R1,,,https://sereinsleep.example/products/clean-cooling-sheets,sereinsleep.example,owned,https://sereinsleep.example/products/clean-cooling-sheets,True,sereinsleep.example,False,True,https://sereinsleep.example/products/clean-cooling-sheets
C001743,M2-P036-SE-R1,,,https://sleep-lab.example/guides/cooling-sheets,sleep-lab.example,editorial,https://sleep-lab.example/guides/cooling-sheets,True,sleep-lab.example,False,True,https://sleep-lab.example/guides/cooling-sheets
C000677,M1-P040-CH-R2,,,https://independent-sleep.example/reviews/arcticloom,independent-sleep.example,editorial,https://independent-sleep.example/reviews/arcticloom,True,independent-sleep.example,False,True,https://independent-sleep.example/reviews/arcticloom
C000920,M1-P054-AN-R1,,,https://independent-sleep.example/reviews/astervale,independent-sleep.example,editorial,https://independent-sleep.example/reviews/astervale,True,independent-sleep.example,False,True,https://independent-sleep.example/reviews/astervale
C001092,M2-P001-AN-R1,,,https://astervale.example/products/cooling-sheet-set,astervale.example,owned,https://astervale.example/products/cooling-sheet-set,True,astervale.example,False,True,https://astervale.example/products/cooling-sheet-set
C001953,M2-P049-AN-R1,,,https://forum.example/r/hotsleepers/cooling-sheet-experiences,forum.example,forum,https://forum.example/r/hotsleepers/cooling-sheet-experiences,True,forum.example,False,True,https://forum.example/r/hotsleepers/cooling-sheet-experiences
C001980,M2-P051-CH-R2,,,https://home-review.example/best-cooling-bedding,home-review.example,editorial,https://home-review.example/best-cooling-bedding,True,home-review.example,False,True,https://home-review.example/best-cooling-bedding
C001134,M2-P003-AN-R2,,,https://sleep-lab.example/guides/cooling-sheets,sleep-lab.example,editorial,https://sleep-lab.example/guides/cooling-sheets,True,sleep-lab.example,False,True,https://sleep-lab.example/guides/cooling-sheets
C000118,M1-P007-AN-R2,,,https://sereinsleep.example/products/clean-cooling-sheets,sereinsleep.example,owned,https://sereinsleep.example/products/clean-cooling-sheets,True,sereinsleep.example,False,True,https://sereinsleep.example/products/clean-cooling-sheets
C001387,M2-P017-AN-R2,,,https://sleep-lab.example/guides/cooling-sheets,sleep-lab.example,editorial,https://sleep-lab.example/guides/cooling-sheets,True,sleep-lab.example,False,True,https://sleep-lab.example/guides/cooling-sheets
C001710,M2-P034-SE-R2,,,https://sereinsleep.example/products/clean-cooling-sheets,sereinsleep.example,owned,https://sereinsleep.example/products/clean-cooling-sheets,True,sereinsleep.example,False,True,https://sereinsleep.example/products/clean-cooling-sheets
C001274,M2-P011-SE-R1,,,https://eucalune.example/products/eucalyptus-sheets,eucalune.example,owned,https://eucalune.example/products/eucalyptus-sheets,True,eucalune.example,False,True,https://eucalune.example/products/eucalyptus-sheets
C001823,M2-P041-SE-R2,,,https://independent-sleep.example/reviews/arcticloom,independent-sleep.example,editorial,https://independent-sleep.example/reviews/arcticloom,True,independent-sleep.example,False,True,https://independent-sleep.example/reviews/arcticloom
C001080,M1-P064-AN-R2,,,https://independent-sleep.example/reviews/restnest,independent-sleep.example,editorial,https://independent-sleep.example/reviews/restnest,True,independent-sleep.example,False,True,https://independent-sleep.example/reviews/restnest
C000639,M1-P038-CH-R2,,,https://independent-sleep.example/reviews/astervale,independent-sleep.example,editorial,https://independent-sleep.example/reviews/astervale,True,independent-sleep.example,False,True,https://independent-sleep.example/reviews/astervale
C001382,M2-P017-SE-R2,,,https://independent-sleep.example/reviews/eucalune,independent-sleep.example,editorial,https://independent-sleep.example/reviews/eucalune,True,independent-sleep.example,False,True,https://independent-sleep.example/reviews/eucalune
C001570,M2-P026-SE-R1,,,https://arcticloom.example/collections/cooling-tech,arcticloom.example,owned,https://arcticloom.example/collections/cooling-tech,True,arcticloom.example,False,True,https://arcticloom.example/collections/cooling-tech
C000476,M1-P028-CH-R2,,,https://independent-sleep.example/reviews/astervale,independent-sleep.example,editorial,https://independent-sleep.example/reviews/astervale,True,independent-sleep.example,False,True,https://independent-sleep.example/reviews/astervale
C001478,M2-P022-CH-R1,,,https://independent-sleep.example/reviews/arcticloom,independent-sleep.example,editorial,https://independent-sleep.example/reviews/arcticloom,True,independent-sleep.example,False,True,https://independent-sleep.example/reviews/arcticloom
C001059,M1-P063-SE-R2,,,https://forum.example/r/hotsleepers/cooling-sheet-experiences,forum.example,forum,https://forum.example/r/hotsleepers/cooling-sheet-experiences,True,forum.example,False,True,https://forum.example/r/hotsleepers/cooling-sheet-experiences
C000009,M1-P001-SE-R2,,,https://sleep-lab.example/guides/cooling-sheets,sleep-lab.example,editorial,https://sleep-lab.example/guides/cooling-sheets,True,sleep-lab.example,False,True,https://sleep-lab.example/guides/cooling-sheets
C002111,M2-P058-AN-R2,,,https://home-review.example/best-cooling-bedding,home-review.example,editorial,https://home-review.example/best-cooling-bedding,True,home-review.example,False,True,https://home-review.example/best-cooling-bedding
C000752,M1-P045-SE-R1,,,https://sleep-lab.example/guides/cooling-sheets,sleep-lab.example,editorial,https://sleep-lab.example/guides/cooling-sheets,True,sleep-lab.example,False,True,https://sleep-lab.example/guides/cooling-sheets
C000539,M1-P032-CH-R2,,,https://sleep-lab.example/guides/cooling-sheets,sleep-lab.example,editorial,https://sleep-lab.example/guides/cooling-sheets,True,sleep-lab.example,False,True,https://sleep-lab.example/guides/cooling-sheets
C000521,M1-P031-CH-R2,,,https://home-review.example/best-cooling-bedding,home-review.example,editorial,https://home-review.example/best-cooling-bedding,True,home-review.example,False,True,https://home-review.example/best-cooling-bedding
C000977,M1-P058-SE-R2,,,https://astervale.example/products/cooling-sheet-set,astervale.example,owned,https://astervale.example/products/cooling-sheet-set,True,astervale.example,False,True,https://astervale.example/products/cooling-sheet-set
C000554,M1-P033-CH-R2,,,https://arcticloom.example/collections/cooling-tech,arcticloom.example,owned,https://arcticloom.example/collections/cooling-tech,True,arcticloom.example,False,True,https://arcticloom.example/collections/cooling-tech
C000069,M1-P004-AN-R1,,,https://independent-sleep.example/reviews/serein-sleep,independent-sleep.example,editorial,https://independent-sleep.example/reviews/serein-sleep,True,independent-sleep.example,False,True,https://independent-sleep.example/reviews/serein-sleep
C001717,M2-P034-AN-R2,,,https://independent-sleep.example/reviews/arcticloom,independent-sleep.example,editorial,https://independent-sleep.example/reviews/arcticloom,True,independent-sleep.example,False,True,https://independent-sleep.example/reviews/arcticloom
C000836,M1-P049-AN-R2,,,https://forum.example/r/hotsleepers/cooling-sheet-experiences,forum.example,forum,https://forum.example/r/hotsleepers/cooling-sheet-experiences,True,forum.example,False,True,https://forum.example/r/hotsleepers/cooling-sheet-experiences
C000414,M1-P024-CH-R2,,,https://independent-sleep.example/reviews/restnest,independent-sleep.example,editorial,https://independent-sleep.example/reviews/restnest,True,independent-sleep.example,False,True,https://independent-sleep.example/reviews/restnest
C000236,M1-P014-SE-R1,,,https://arcticloom.example/collections/cooling-tech,arcticloom.example,owned,https://arcticloom.example/collections/cooling-tech,True,arcticloom.example,False,True,https://arcticloom.example/collections/cooling-tech
C000756,M1-P045-SE-R2,,,https://independent-sleep.example/reviews/arcticloom,independent-sleep.example,editorial,https://independent-sleep.example/reviews/arcticloom,True,independent-sleep.example,False,True,https://independent-sleep.example/reviews/arcticloom
C001528,M2-P024-SE-R1,,,https://forum.example/r/hotsleepers/cooling-sheet-experiences,forum.example,forum,https://forum.example/r/hotsleepers/cooling-sheet-experiences,True,forum.example,False,True,https://forum.example/r/hotsleepers/cooling-sheet-experiences
C001442,M2-P020-AN-R1,,,https://arcticloom.example/collections/cooling-tech,arcticloom.example,owned,https://arcticloom.example/collections/cooling-tech,True,arcticloom.example,False,True,https://arcticloom.example/collections/cooling-tech
C000797,M1-P047-AN-R2,,,https://home-review.example/best-cooling-bedding,home-review.example,editorial,https://home-review.example/best-cooling-bedding,True,home-review.example,False,True,https://home-review.example/best-cooling-bedding
C001440,M2-P020-SE-R2,,,https://restnest.example/products/value-cooling-set,restnest.example,owned,https://restnest.example/products/value-cooling-set,True,restnest.example,False,True,https://restnest.example/products/value-cooling-set
C001026,M1-P061-SE-R1,,,https://sleep-lab.example/guides/cooling-sheets,sleep-lab.example,editorial,https://sleep-lab.example/guides/cooling-sheets,True,sleep-lab.example,False,True,https://sleep-lab.example/guides/cooling-sheets
C002096,M2-P058-CH-R1,,,https://sereinsleep.example/products/clean-cooling-sheets,sereinsleep.example,owned,https://sereinsleep.example/products/clean-cooling-sheets,True,sereinsleep.example,False,True,https://sereinsleep.example/products/clean-cooling-sheets
C001601,M2-P027-AN-R2,,,https://independent-sleep.example/reviews/serein-sleep,independent-sleep.example,editorial,https://independent-sleep.example/reviews/serein-sleep,True,independent-sleep.example,False,True,https://independent-sleep.example/reviews/serein-sleep
C002179,M2-P062-CH-R1,,,https://eucalune.example/products/eucalyptus-sheets,eucalune.example,owned,https://eucalune.example/products/eucalyptus-sheets,True,eucalune.example,False,True,https://eucalune.example/products/eucalyptus-sheets
C001672,M2-P032-SE-R1,,,https://forum.example/r/hotsleepers/cooling-sheet-experiences,forum.example,forum,https://forum.example/r/hotsleepers/cooling-sheet-experiences,True,forum.example,False,True,https://forum.example/r/hotsleepers/cooling-sheet-experiences
C001053,M1-P063-CH-R1,,,https://forum.example/r/hotsleepers/cooling-sheet-experiences,forum.example,forum,https://forum.example/r/hotsleepers/cooling-sheet-experiences,True,forum.example,False,True,https://forum.example/r/hotsleepers/cooling-sheet-experiences
C000776,M1-P046-AN-R1,,,https://sleep-lab.example/guides/cooling-sheets,sleep-lab.example,editorial,https://sleep-lab.example/guides/cooling-sheets,True,sleep-lab.example,False,True,https://sleep-lab.example/guides/cooling-sheets
C001473,M2-P021-AN-R2,,,https://sleep-lab.example/guides/cooling-sheets,sleep-lab.example,editorial,https://sleep-lab.example/guides/cooling-sheets,True,sleep-lab.example,False,True,https://sleep-lab.example/guides/cooling-sheets
C000122,M1-P008-CH-R2,,,https://home-review.example/best-cooling-bedding,home-review.example,editorial,https://home-review.example/best-cooling-bedding,True,home-review.example,False,True,https://home-review.example/best-cooling-bedding
C001667,M2-P032-CH-R1,,,https://sleep-lab.example/guides/cooling-sheets,sleep-lab.example,editorial,https://sleep-lab.example/guides/cooling-sheets,True,sleep-lab.example,False,True,https://sleep-lab.example/guides/cooling-sheets
C002101,M2-P058-SE-R1,,,https://astervale.example/products/cooling-sheet-set,astervale.example,owned,https://astervale.example/products/cooling-sheet-set,True,astervale.example,False,True,https://astervale.example/products/cooling-sheet-set
C000799,M1-P047-AN-R2,,,https://sereinsleep.example/products/clean-cooling-sheets,sereinsleep.example,owned,https://sereinsleep.example/products/clean-cooling-sheets,True,sereinsleep.example,False,True,https://sereinsleep.example/products/clean-cooling-sheets
C000205,M1-P012-AN-R1,,,https://independent-sleep.example/reviews/serein-sleep,independent-sleep.example,editorial,https://independent-sleep.example/reviews/serein-sleep,True,independent-sleep.example,False,True,https://independent-sleep.example/reviews/serein-sleep
C001700,M2-P034-CH-R1,,,https://forum.example/r/hotsleepers/cooling-sheet-experiences,forum.example,forum,https://forum.example/r/hotsleepers/cooling-sheet-experiences,True,forum.example,False,True,https://forum.example/r/hotsleepers/cooling-sheet-experiences
C000685,M1-P040-AN-R1,,,https://arcticloom.example/collections/cooling-tech,arcticloom.example,owned,https://arcticloom.example/collections/cooling-tech,True,arcticloom.example,False,True,https://arcticloom.example/collections/cooling-tech
C001426,M2-P019-AN-R2,,,https://arcticloom.example/collections/cooling-tech,arcticloom.example,owned,https://arcticloom.example/collections/cooling-tech,True,arcticloom.example,False,True,https://arcticloom.example/collections/cooling-tech
C000606,M1-P036-SE-R2,,,https://sleep-lab.example/guides/cooling-sheets,sleep-lab.example,editorial,https://sleep-lab.example/guides/cooling-sheets,True,sleep-lab.example,False,True,https://sleep-lab.example/guides/cooling-sheets
C002196,M2-P062-AN-R2,,,https://home-review.example/best-cooling-bedding,home-review.example,editorial,https://home-review.example/best-cooling-bedding,True,home-review.example,False,True,https://home-review.example/best-cooling-bedding
C000225,M1-P013-AN-R2,,,https://home-review.example/best-cooling-bedding,home-review.example,editorial,https://home-review.example/best-cooling-bedding,True,home-review.example,False,True,https://home-review.example/best-cooling-bedding
C000177,M1-P011-CH-R2,,,https://home-review.example/best-cooling-bedding,home-review.example,editorial,https://home-review.example/best-cooling-bedding,True,home-review.example,False,True,https://home-review.example/best-cooling-bedding
C002185,M2-P062-SE-R1,,,https://sleep-lab.example/guides/cooling-sheets,sleep-lab.example,editorial,https://sleep-lab.example/guides/cooling-sheets,True,sleep-lab.example,False,True,https://sleep-lab.example/guides/cooling-sheets
C000460,M1-P027-SE-R1,,,https://forum.example/r/hotsleepers/cooling-sheet-experiences,forum.example,forum,https://forum.example/r/hotsleepers/cooling-sheet-experiences,True,forum.example,False,True,https://forum.example/r/hotsleepers/cooling-sheet-experiences
C001621,M2-P029-CH-R1,,,https://independent-sleep.example/reviews/arcticloom,independent-sleep.example,editorial,https://independent-sleep.example/reviews/arcticloom,True,independent-sleep.example,False,True,https://independent-sleep.example/reviews/arcticloom
C001062,M1-P063-AN-R1,,,https://forum.example/r/hotsleepers/cooling-sheet-experiences,forum.example,forum,https://forum.example/r/hotsleepers/cooling-sheet-experiences,True,forum.example,False,True,https://forum.example/r/hotsleepers/cooling-sheet-experiences
C000362,M1-P021-SE-R1,,,https://independent-sleep.example/reviews/serein-sleep,independent-sleep.example,editorial,https://independent-sleep.example/reviews/serein-sleep,True,independent-sleep.example,False,True,https://independent-sleep.example/reviews/serein-sleep
C001548,M2-P025-SE-R1,,,https://forum.example/r/hotsleepers/cooling-sheet-experiences,forum.example,forum,https://forum.example/r/hotsleepers/cooling-sheet-experiences,True,forum.example,False,True,https://forum.example/r/hotsleepers/cooling-sheet-experiences
C001118,M2-P003-CH-R1,,,https://independent-sleep.example/reviews/eucalune,independent-sleep.example,editorial,https://independent-sleep.example/reviews/eucalune,True,independent-sleep.example,False,True,https://independent-sleep.example/reviews/eucalune
C001093,M2-P001-AN-R2,,,https://sleep-lab.example/guides/cooling-sheets,sleep-lab.example,editorial,https://sleep-lab.example/guides/cooling-sheets,True,sleep-lab.example,False,True,https://sleep-lab.example/guides/cooling-sheets
C001510,M2-P023-SE-R2,,,https://restnest.example/products/value-cooling-set,restnest.example,owned,https://restnest.example/products/value-cooling-set,True,restnest.example,False,True,https://restnest.example/products/value-cooling-set
C002200,M2-P063-CH-R1,,,https://astervale.example/products/cooling-sheet-set,astervale.example,owned,https://astervale.example/products/cooling-sheet-set,True,astervale.example,False,True,https://astervale.example/products/cooling-sheet-set
C000473,M1-P028-CH-R2,,,https://sleep-lab.example/guides/cooling-sheets,sleep-lab.example,editorial,https://sleep-lab.example/guides/cooling-sheets,True,sleep-lab.example,False,True,https://sleep-lab.example/guides/cooling-sheets
C000092,M1-P006-CH-R2,,,https://restnest.example/products/value-cooling-set,restnest.example,owned,https://restnest.example/products/value-cooling-set,True,restnest.example,False,True,https://restnest.example/products/value-cooling-set
C000396,M1-P023-CH-R2,,,https://home-review.example/best-cooling-bedding,home-review.example,editorial,https://home-review.example/best-cooling-bedding,True,home-review.example,False,True,https://home-review.example/best-cooling-bedding
C001322,M2-P014-CH-R1,,,https://forum.example/r/hotsleepers/cooling-sheet-experiences,forum.example,forum,https://forum.example/r/hotsleepers/cooling-sheet-experiences,True,forum.example,False,True,https://forum.example/r/hotsleepers/cooling-sheet-experiences
C002243,M2-P053-AN-R1,,,HTTPS://www.SLEEP-LAB.EXAMPLE/guides/cooling-sheets/?utm_source=audit&utm_campaign=m2#section,www.SLEEP-LAB.EXAMPLE,editorial,https://sleep-lab.example/guides/cooling-sheets,True,sleep-lab.example,False,True,https://sleep-lab.example/guides/cooling-sheets
C000208,M1-P012-AN-R2,,,https://sereinsleep.example/products/clean-cooling-sheets,sereinsleep.example,owned,https://sereinsleep.example/products/clean-cooling-sheets,True,sereinsleep.example,False,True,https://sereinsleep.example/products/clean-cooling-sheets
C000976,M1-P058-SE-R2,,,https://sleep-lab.example/guides/cooling-sheets,sleep-lab.example,editorial,https://sleep-lab.example/guides/cooling-sheets,True,sleep-lab.example,False,True,https://sleep-lab.example/guides/cooling-sheets
C001480,M2-P022-CH-R2,,,https://sleep-lab.example/guides/cooling-sheets,sleep-lab.example,editorial,https://sleep-lab.example/guides/cooling-sheets,True,sleep-lab.example,False,True,https://sleep-lab.example/guides/cooling-sheets
C001068,M1-P064-CH-R2,,,https://sleep-lab.example/guides/cooling-sheets,sleep-lab.example,editorial,https://sleep-lab.example/guides/cooling-sheets,True,sleep-lab.example,False,True,https://sleep-lab.example/guides/cooling-sheets
C001033,M1-P062-CH-R1,,,https://forum.example/r/hotsleepers/cooling-sheet-experiences,forum.example,forum,https://forum.example/r/hotsleepers/cooling-sheet-experiences,True,forum.example,False,True,https://forum.example/r/hotsleepers/cooling-sheet-experiences
C001513,M2-P023-SE-R2,,,https://independent-sleep.example/reviews/eucalune,independent-sleep.example,editorial,https://independent-sleep.example/reviews/eucalune,True,independent-sleep.example,False,True,https://independent-sleep.example/reviews/eucalune
C000057,M1-P004-CH-R1,,,https://forum.example/r/hotsleepers/cooling-sheet-experiences,forum.example,forum,https://forum.example/r/hotsleepers/cooling-sheet-experiences,True,forum.example,False,True,https://forum.example/r/hotsleepers/cooling-sheet-experiences
C000564,M1-P034-CH-R1,,,https://forum.example/r/hotsleepers/cooling-sheet-experiences,forum.example,forum,https://forum.example/r/hotsleepers/cooling-sheet-experiences,True,forum.example,False,True,https://forum.example/r/hotsleepers/cooling-sheet-experiences
C001760,M2-P037-SE-R2,,,https://home-review.example/best-cooling-bedding,home-review.example,editorial,https://home-review.example/best-cooling-bedding,True,home-review.example,False,True,https://home-review.example/best-cooling-bedding
C001762,M2-P037-SE-R2,,,https://sereinsleep.example/products/clean-cooling-sheets,sereinsleep.example,owned,https://sereinsleep.example/products/clean-cooling-sheets,True,sereinsleep.example,False,True,https://sereinsleep.example/products/clean-cooling-sheets
C001976,M2-P051-CH-R1,,,https://astervale.example/products/cooling-sheet-set,astervale.example,owned,https://astervale.example/products/cooling-sheet-set,True,astervale.example,False,True,https://astervale.example/products/cooling-sheet-set
C000327,M1-P019-SE-R1,,,https://independent-sleep.example/reviews/arcticloom,independent-sleep.example,editorial,https://independent-sleep.example/reviews/arcticloom,True,independent-sleep.example,False,True,https://independent-sleep.example/reviews/arcticloom
C000541,M1-P032-CH-R2,,,https://independent-sleep.example/reviews/restnest,independent-sleep.example,editorial,https://independent-sleep.example/reviews/restnest,True,independent-sleep.example,False,True,https://independent-sleep.example/reviews/restnest
C001047,M1-P062-AN-R2,,,https://home-review.example/best-cooling-bedding,home-review.example,editorial,https://home-review.example/best-cooling-bedding,True,home-review.example,False,True,https://home-review.example/best-cooling-bedding
C001783,M2-P038-AN-R2,,,https://eucalune.example/products/eucalyptus-sheets,eucalune.example,owned,https://eucalune.example/products/eucalyptus-sheets,True,eucalune.example,False,True,https://eucalune.example/products/eucalyptus-sheets
C000321,M1-P019-CH-R2,,,https://independent-sleep.example/reviews/eucalune,independent-sleep.example,editorial,https://independent-sleep.example/reviews/eucalune,True,independent-sleep.example,False,True,https://independent-sleep.example/reviews/eucalune
C001125,M2-P003-SE-R1,,,https://home-review.example/best-cooling-bedding,home-review.example,editorial,https://home-review.example/best-cooling-bedding,True,home-review.example,False,True,https://home-review.example/best-cooling-bedding
C000307,M1-P018-SE-R2,,,https://independent-sleep.example/reviews/serein-sleep,independent-sleep.example,editorial,https://independent-sleep.example/reviews/serein-sleep,True,independent-sleep.example,False,True,https://independent-sleep.example/reviews/serein-sleep
C001881,M2-P045-SE-R2,,,https://independent-sleep.example/reviews/astervale,independent-sleep.example,editorial,https://independent-sleep.example/reviews/astervale,True,independent-sleep.example,False,True,https://independent-sleep.example/reviews/astervale
C001034,M1-P062-CH-R1,,,https://home-review.example/best-cooling-bedding,home-review.example,editorial,https://home-review.example/best-cooling-bedding,True,home-review.example,False,True,https://home-review.example/best-cooling-bedding
C001557,M2-P025-AN-R2,,,https://forum.example/r/hotsleepers/cooling-sheet-experiences,forum.example,forum,https://forum.example/r/hotsleepers/cooling-sheet-experiences,True,forum.example,False,True,https://forum.example/r/hotsleepers/cooling-sheet-experiences
C002024,M2-P053-SE-R2,,,https://home-review.example/best-cooling-bedding,home-review.example,editorial,https://home-review.example/best-cooling-bedding,True,home-review.example,False,True,https://home-review.example/best-cooling-bedding
C001904,M2-P046-AN-R2,,,https://sereinsleep.example/products/clean-cooling-sheets,sereinsleep.example,owned,https://sereinsleep.example/products/clean-cooling-sheets,True,sereinsleep.example,False,True,https://sereinsleep.example/products/clean-cooling-sheets
C000847,M1-P050-SE-R2,,,https://home-review.example/best-cooling-bedding,home-review.example,editorial,https://home-review.example/best-cooling-bedding,True,home-review.example,False,True,https://home-review.example/best-cooling-bedding
C000738,M1-P044-SE-R1,,,https://sereinsleep.example/products/clean-cooling-sheets,sereinsleep.example,owned,https://sereinsleep.example/products/clean-cooling-sheets,True,sereinsleep.example,False,True,https://sereinsleep.example/products/clean-cooling-sheets
C000668,M1-P040-CH-R1,,,https://forum.example/r/hotsleepers/cooling-sheet-experiences,forum.example,forum,https://forum.example/r/hotsleepers/cooling-sheet-experiences,True,forum.example,False,True,https://forum.example/r/hotsleepers/cooling-sheet-experiences
C001463,M2-P021-SE-R2,,,https://sleep-lab.example/guides/cooling-sheets,sleep-lab.example,editorial,https://sleep-lab.example/guides/cooling-sheets,True,sleep-lab.example,False,True,https://sleep-lab.example/guides/cooling-sheets
C000269,M1-P016-CH-R1,,,https://sereinsleep.example/products/clean-cooling-sheets,sereinsleep.example,owned,https://sereinsleep.example/products/clean-cooling-sheets,True,sereinsleep.example,False,True,https://sereinsleep.example/products/clean-cooling-sheets
C001842,M2-P042-AN-R1,,,https://independent-sleep.example/reviews/eucalune,independent-sleep.example,editorial,https://independent-sleep.example/reviews/eucalune,True,independent-sleep.example,False,True,https://independent-sleep.example/reviews/eucalune
C000197,M1-P012-SE-R2,,,https://sleep-lab.example/guides/cooling-sheets,sleep-lab.example,editorial,https://sleep-lab.example/guides/cooling-sheets,True,sleep-lab.example,False,True,https://sleep-lab.example/guides/cooling-sheets
C001604,M2-P028-CH-R1,,,https://independent-sleep.example/reviews/serein-sleep,independent-sleep.example,editorial,https://independent-sleep.example/reviews/serein-sleep,True,independent-sleep.example,False,True,https://independent-sleep.example/reviews/serein-sleep
C000556,M1-P033-SE-R2,,,https://home-review.example/best-cooling-bedding,home-review.example,editorial,https://home-review.example/best-cooling-bedding,True,home-review.example,False,True,https://home-review.example/best-cooling-bedding
C000202,M1-P012-AN-R1,,,https://sleep-lab.example/guides/cooling-sheets,sleep-lab.example,editorial,https://sleep-lab.example/guides/cooling-sheets,True,sleep-lab.example,False,True,https://sleep-lab.example/guides/cooling-sheets
C001207,M2-P007-AN-R1,,,https://sleep-lab.example/guides/cooling-sheets,sleep-lab.example,editorial,https://sleep-lab.example/guides/cooling-sheets,True,sleep-lab.example,False,True,https://sleep-lab.example/guides/cooling-sheets
C000585,M1-P035-CH-R1,,,https://independent-sleep.example/reviews/serein-sleep,independent-sleep.example,editorial,https://independent-sleep.example/reviews/serein-sleep,True,independent-sleep.example,False,True,https://independent-sleep.example/reviews/serein-sleep
C001576,M2-P026-AN-R2,,,https://sleep-lab.example/guides/cooling-sheets,sleep-lab.example,editorial,https://sleep-lab.example/guides/cooling-sheets,True,sleep-lab.example,False,True,https://sleep-lab.example/guides/cooling-sheets
C000623,M1-P037-CH-R2,,,https://eucalune.example/products/eucalyptus-sheets,eucalune.example,owned,https://eucalune.example/products/eucalyptus-sheets,True,eucalune.example,False,True,https://eucalune.example/products/eucalyptus-sheets
C001384,M2-P017-AN-R1,,,https://home-review.example/best-cooling-bedding,home-review.example,editorial,https://home-review.example/best-cooling-bedding,True,home-review.example,False,True,https://home-review.example/best-cooling-bedding
C000424,M1-P025-CH-R1,,,https://sleep-lab.example/guides/cooling-sheets,sleep-lab.example,editorial,https://sleep-lab.example/guides/cooling-sheets,True,sleep-lab.example,False,True,https://sleep-lab.example/guides/cooling-sheets
C001535,M2-P024-SE-R2,,,https://arcticloom.example/collections/cooling-tech,arcticloom.example,owned,https://arcticloom.example/collections/cooling-tech,True,arcticloom.example,False,True,https://arcticloom.example/collections/cooling-tech
C002090,M2-P057-AN-R1,,,https://forum.example/r/hotsleepers/cooling-sheet-experiences,forum.example,forum,https://forum.example/r/hotsleepers/cooling-sheet-experiences,True,forum.example,False,True,https://forum.example/r/hotsleepers/cooling-sheet-experiences
C000427,M1-P025-CH-R1,,,https://restnest.example/products/value-cooling-set,restnest.example,owned,https://restnest.example/products/value-cooling-set,True,restnest.example,False,True,https://restnest.example/products/value-cooling-set
C001552,M2-P025-SE-R2,,,https://sleep-lab.example/guides/cooling-sheets,sleep-lab.example,editorial,https://sleep-lab.example/guides/cooling-sheets,True,sleep-lab.example,False,True,https://sleep-lab.example/guides/cooling-sheets
C002116,M2-P059-CH-R1,,,https://home-review.example/best-cooling-bedding,home-review.example,editorial,https://home-review.example/best-cooling-bedding,True,home-review.example,False,True,https://home-review.example/best-cooling-bedding
C000913,M1-P054-SE-R1,,,https://forum.example/r/hotsleepers/cooling-sheet-experiences,forum.example,forum,https://forum.example/r/hotsleepers/cooling-sheet-experiences,True,forum.example,False,True,https://forum.example/r/hotsleepers/cooling-sheet-experiences
C000204,M1-P012-AN-R1,,,https://restnest.example/products/value-cooling-set,restnest.example,owned,https://restnest.example/products/value-cooling-set,True,restnest.example,False,True,https://restnest.example/products/value-cooling-set
C001097,M2-P002-CH-R1,,,https://forum.example/r/hotsleepers/cooling-sheet-experiences,forum.example,forum,https://forum.example/r/hotsleepers/cooling-sheet-experiences,True,forum.example,False,True,https://forum.example/r/hotsleepers/cooling-sheet-experiences
C000604,M1-P036-SE-R1,,,https://independent-sleep.example/reviews/eucalune,independent-sleep.example,editorial,https://independent-sleep.example/reviews/eucalune,True,independent-sleep.example,False,True,https://independent-sleep.example/reviews/eucalune
C001172,M2-P005-AN-R2,,,https://home-review.example/best-cooling-bedding,home-review.example,editorial,https://home-review.example/best-cooling-bedding,True,home-review.example,False,True,https://home-review.example/best-cooling-bedding
C001369,M2-P016-AN-R2,,,https://home-review.example/best-cooling-bedding,home-review.example,editorial,https://home-review.example/best-cooling-bedding,True,home-review.example,False,True,https://home-review.example/best-cooling-bedding
C001531,M2-P024-SE-R2,,,https://sleep-lab.example/guides/cooling-sheets,sleep-lab.example,editorial,https://sleep-lab.example/guides/cooling-sheets,True,sleep-lab.example,False,True,https://sleep-lab.example/guides/cooling-sheets
C000875,M1-P052-CH-R2,,,https://forum.example/r/hotsleepers/cooling-sheet-experiences,forum.example,forum,https://forum.example/r/hotsleepers/cooling-sheet-experiences,True,forum.example,False,True,https://forum.example/r/hotsleepers/cooling-sheet-experiences
C001245,M2-P009-AN-R1,,,https://arcticloom.example/collections/cooling-tech,arcticloom.example,owned,https://arcticloom.example/collections/cooling-tech,True,arcticloom.example,False,True,https://arcticloom.example/collections/cooling-tech
C002186,M2-P062-SE-R1,,,https://astervale.example/products/cooling-sheet-set,astervale.example,owned,https://astervale.example/products/cooling-sheet-set,True,astervale.example,False,True,https://astervale.example/products/cooling-sheet-set
C000559,M1-P033-AN-R1,,,https://restnest.example/products/value-cooling-set,restnest.example,owned,https://restnest.example/products/value-cooling-set,True,restnest.example,False,True,https://restnest.example/products/value-cooling-set
C001747,M2-P036-SE-R2,,,https://independent-sleep.example/reviews/serein-sleep,independent-sleep.example,editorial,https://independent-sleep.example/reviews/serein-sleep,True,independent-sleep.example,False,True,https://independent-sleep.example/reviews/serein-sleep
C001411,M2-P019-CH-R1,,,https://astervale.example/products/cooling-sheet-set,astervale.example,owned,https://astervale.example/products/cooling-sheet-set,True,astervale.example,False,True,https://astervale.example/products/cooling-sheet-set
C000726,M1-P043-AN-R2,,,https://forum.example/r/hotsleepers/cooling-sheet-experiences,forum.example,forum,https://forum.example/r/hotsleepers/cooling-sheet-experiences,True,forum.example,False,True,https://forum.example/r/hotsleepers/cooling-sheet-experiences
C000461,M1-P027-SE-R1,,,https://sleep-lab.example/guides/cooling-sheets,sleep-lab.example,editorial,https://sleep-lab.example/guides/cooling-sheets,True,sleep-lab.example,False,True,https://sleep-lab.example/guides/cooling-sheets
C001505,M2-P023-CH-R2,,,https://independent-sleep.example/reviews/restnest,independent-sleep.example,editorial,https://independent-sleep.example/reviews/restnest,True,independent-sleep.example,False,True,https://independent-sleep.example/reviews/restnest
C002045,M2-P054-AN-R2,,,https://forum.example/r/hotsleepers/cooling-sheet-experiences,forum.example,forum,https://forum.example/r/hotsleepers/cooling-sheet-experiences,True,forum.example,False,True,https://forum.example/r/hotsleepers/cooling-sheet-experiences
C001506,M2-P023-SE-R1,,,https://sleep-lab.example/guides/cooling-sheets,sleep-lab.example,editorial,https://sleep-lab.example/guides/cooling-sheets,True,sleep-lab.example,False,True,https://sleep-lab.example/guides/cooling-sheets
C000774,M1-P046-SE-R2,,,https://eucalune.example/products/eucalyptus-sheets,eucalune.example,owned,https://eucalune.example/products/eucalyptus-sheets,True,eucalune.example,False,True,https://eucalune.example/products/eucalyptus-sheets
C002180,M2-P062-CH-R1,,,https://independent-sleep.example/reviews/eucalune,independent-sleep.example,editorial,https://independent-sleep.example/reviews/eucalune,True,independent-sleep.example,False,True,https://independent-sleep.example/reviews/eucalune
C001116,M2-P003-CH-R1,,,https://forum.example/r/hotsleepers/cooling-sheet-experiences,forum.example,forum,https://forum.example/r/hotsleepers/cooling-sheet-experiences,True,forum.example,False,True,https://forum.example/r/hotsleepers/cooling-sheet-experiences
C001221,M2-P008-SE-R2,,,https://sereinsleep.example/products/clean-cooling-sheets,sereinsleep.example,owned,https://sereinsleep.example/products/clean-cooling-sheets,True,sereinsleep.example,False,True,https://sereinsleep.example/products/clean-cooling-sheets
C001561,M2-P025-AN-R2,,,https://independent-sleep.example/reviews/restnest,independent-sleep.example,editorial,https://independent-sleep.example/reviews/restnest,True,independent-sleep.example,False,True,https://independent-sleep.example/reviews/restnest
C000303,M1-P018-SE-R1,,,https://home-review.example/best-cooling-bedding,home-review.example,editorial,https://home-review.example/best-cooling-bedding,True,home-review.example,False,True,https://home-review.example/best-cooling-bedding
C002207,M2-P063-SE-R2,,,https://home-review.example/best-cooling-bedding,home-review.example,editorial,https://home-review.example/best-cooling-bedding,True,home-review.example,False,True,https://home-review.example/best-cooling-bedding
C001515,M2-P023-AN-R1,,,https://home-review.example/best-cooling-bedding,home-review.example,editorial,https://home-review.example/best-cooling-bedding,True,home-review.example,False,True,https://home-review.example/best-cooling-bedding
C000347,M1-P020-SE-R2,,,https://forum.example/r/hotsleepers/cooling-sheet-experiences,forum.example,forum,https://forum.example/r/hotsleepers/cooling-sheet-experiences,True,forum.example,False,True,https://forum.example/r/hotsleepers/cooling-sheet-experiences
C000498,M1-P029-AN-R2,,,https://home-review.example/best-cooling-bedding,home-review.example,editorial,https://home-review.example/best-cooling-bedding,True,home-review.example,False,True,https://home-review.example/best-cooling-bedding
C000612,M1-P036-AN-R2,,,https://restnest.example/products/value-cooling-set,restnest.example,owned,https://restnest.example/products/value-cooling-set,True,restnest.example,False,True,https://restnest.example/products/value-cooling-set
C001971,M2-P050-AN-R1,B001,AsterVale(TM),https://astervale.example/products/cooling-sheet-set,astervale.example,owned,https://astervale.example/products/cooling-sheet-set,True,astervale.example,True,False,https://astervale.example/products/cooling-sheet-set
C001766,M2-P037-AN-R2,,,https://home-review.example/best-cooling-bedding,home-review.example,editorial,https://home-review.example/best-cooling-bedding,True,home-review.example,False,True,https://home-review.example/best-cooling-bedding
C000096,M1-P006-SE-R2,,,https://sleep-lab.example/guides/cooling-sheets,sleep-lab.example,editorial,https://sleep-lab.example/guides/cooling-sheets,True,sleep-lab.example,False,True,https://sleep-lab.example/guides/cooling-sheets
C001161,M2-P005-CH-R2,,,https://forum.example/r/hotsleepers/cooling-sheet-experiences,forum.example,forum,https://forum.example/r/hotsleepers/cooling-sheet-experiences,True,forum.example,False,True,https://forum.example/r/hotsleepers/cooling-sheet-experiences
C000603,M1-P036-SE-R1,,,https://sleep-lab.example/guides/cooling-sheets,sleep-lab.example,editorial,https://sleep-lab.example/guides/cooling-sheets,True,sleep-lab.example,False,True,https://sleep-lab.example/guides/cooling-sheets
C001282,M2-P011-AN-R1,,,https://eucalune.example/products/eucalyptus-sheets,eucalune.example,owned,https://eucalune.example/products/eucalyptus-sheets,True,eucalune.example,False,True,https://eucalune.example/products/eucalyptus-sheets
C000831,M1-P049-SE-R1,,,https://home-review.example/best-cooling-bedding,home-review.example,editorial,https://home-review.example/best-cooling-bedding,True,home-review.example,False,True,https://home-review.example/best-cooling-bedding
C000386,M1-P022-AN-R1,,,https://home-review.example/best-cooling-bedding,home-review.example,editorial,https://home-review.example/best-cooling-bedding,True,home-review.example,False,True,https://home-review.example/best-cooling-bedding
C000182,M1-P011-AN-R1,,,https://forum.example/r/hotsleepers/cooling-sheet-experiences,forum.example,forum,https://forum.example/r/hotsleepers/cooling-sheet-experiences,True,forum.example,False,True,https://forum.example/r/hotsleepers/cooling-sheet-experiences
C001503,M2-P023-CH-R2,,,https://independent-sleep.example/reviews/arcticloom,independent-sleep.example,editorial,https://independent-sleep.example/reviews/arcticloom,True,independent-sleep.example,False,True,https://independent-sleep.example/reviews/arcticloom
C001252,M2-P010-CH-R1,,,https://astervale.example/products/cooling-sheet-set,astervale.example,owned,https://astervale.example/products/cooling-sheet-set,True,astervale.example,False,True,https://astervale.example/products/cooling-sheet-set
C000483,M1-P028-AN-R1,,,https://sleep-lab.example/guides/cooling-sheets,sleep-lab.example,editorial,https://sleep-lab.example/guides/cooling-sheets,True,sleep-lab.example,False,True,https://sleep-lab.example/guides/cooling-sheets
C001886,M2-P045-AN-R2,,,https://sleep-lab.example/guides/cooling-sheets,sleep-lab.example,editorial,https://sleep-lab.example/guides/cooling-sheets,True,sleep-lab.example,False,True,https://sleep-lab.example/guides/cooling-sheets
C002216,M2-P064-CH-R1,,,https://independent-sleep.example/reviews/serein-sleep,independent-sleep.example,editorial,https://independent-sleep.example/reviews/serein-sleep,True,independent-sleep.example,False,True,https://independent-sleep.example/reviews/serein-sleep
C000082,M1-P005-SE-R2,,,https://sleep-lab.example/guides/cooling-sheets,sleep-lab.example,editorial,https://sleep-lab.example/guides/cooling-sheets,True,sleep-lab.example,False,True,https://sleep-lab.example/guides/cooling-sheets
C000620,M1-P037-CH-R2,,,https://home-review.example/best-cooling-bedding,home-review.example,editorial,https://home-review.example/best-cooling-bedding,True,home-review.example,False,True,https://home-review.example/best-cooling-bedding
C001185,M2-P006-SE-R1,,,https://independent-sleep.example/reviews/eucalune,independent-sleep.example,editorial,https://independent-sleep.example/reviews/eucalune,True,independent-sleep.example,False,True,https://independent-sleep.example/reviews/eucalune
C000008,M1-P001-SE-R1,,,https://astervale.example/products/cooling-sheet-set,astervale.example,owned,https://astervale.example/products/cooling-sheet-set,True,astervale.example,False,True,https://astervale.example/products/cooling-sheet-set
C001933,M2-P048-SE-R2,,,https://sleep-lab.example/guides/cooling-sheets,sleep-lab.example,editorial,https://sleep-lab.example/guides/cooling-sheets,True,sleep-lab.example,False,True,https://sleep-lab.example/guides/cooling-sheets
C000024,M1-P002-SE-R1,,,https://sleep-lab.example/guides/cooling-sheets,sleep-lab.example,editorial,https://sleep-lab.example/guides/cooling-sheets,True,sleep-lab.example,False,True,https://sleep-lab.example/guides/cooling-sheets
C001317,M2-P013-SE-R2,,,https://sleep-lab.example/guides/cooling-sheets,sleep-lab.example,editorial,https://sleep-lab.example/guides/cooling-sheets,True,sleep-lab.example,False,True,https://sleep-lab.example/guides/cooling-sheets
C001600,M2-P027-AN-R2,,,https://home-review.example/best-cooling-bedding,home-review.example,editorial,https://home-review.example/best-cooling-bedding,True,home-review.example,False,True,https://home-review.example/best-cooling-bedding
C000044,M1-P003-CH-R2,,,https://independent-sleep.example/reviews/serein-sleep,independent-sleep.example,editorial,https://independent-sleep.example/reviews/serein-sleep,True,independent-sleep.example,False,True,https://independent-sleep.example/reviews/serein-sleep
C000324,M1-P019-SE-R1,,,https://home-review.example/best-cooling-bedding,home-review.example,editorial,https://home-review.example/best-cooling-bedding,True,home-review.example,False,True,https://home-review.example/best-cooling-bedding
C000918,M1-P054-AN-R1,,,https://sleep-lab.example/guides/cooling-sheets,sleep-lab.example,editorial,https://sleep-lab.example/guides/cooling-sheets,True,sleep-lab.example,False,True,https://sleep-lab.example/guides/cooling-sheets
C001375,M2-P017-SE-R1,,,https://forum.example/r/hotsleepers/cooling-sheet-experiences,forum.example,forum,https://forum.example/r/hotsleepers/cooling-sheet-experiences,True,forum.example,False,True,https://forum.example/r/hotsleepers/cooling-sheet-experiences
C001800,M2-P039-AN-R2,,,https://home-review.example/best-cooling-bedding,home-review.example,editorial,https://home-review.example/best-cooling-bedding,True,home-review.example,False,True,https://home-review.example/best-cooling-bedding
C001542,M2-P024-AN-R2,,,https://home-review.example/best-cooling-bedding,home-review.example,editorial,https://home-review.example/best-cooling-bedding,True,home-review.example,False,True,https://home-review.example/best-cooling-bedding
C001648,M2-P030-SE-R2,,,https://sleep-lab.example/guides/cooling-sheets,sleep-lab.example,editorial,https://sleep-lab.example/guides/cooling-sheets,True,sleep-lab.example,False,True,https://sleep-lab.example/guides/cooling-sheets
C000540,M1-P032-CH-R2,,,https://forum.example/r/hotsleepers/cooling-sheet-experiences,forum.example,forum,https://forum.example/r/hotsleepers/cooling-sheet-experiences,True,forum.example,False,True,https://forum.example/r/hotsleepers/cooling-sheet-experiences
C000210,M1-P013-CH-R1,,,https://sleep-lab.example/guides/cooling-sheets,sleep-lab.example,editorial,https://sleep-lab.example/guides/cooling-sheets,True,sleep-lab.example,False,True,https://sleep-lab.example/guides/cooling-sheets
C001893,M2-P046-CH-R2,,,https://independent-sleep.example/reviews/restnest,independent-sleep.example,editorial,https://independent-sleep.example/reviews/restnest,True,independent-sleep.example,False,True,https://independent-sleep.example/reviews/restnest
C001677,M2-P032-SE-R2,,,https://arcticloom.example/collections/cooling-tech,arcticloom.example,owned,https://arcticloom.example/collections/cooling-tech,True,arcticloom.example,False,True,https://arcticloom.example/collections/cooling-tech
C001580,M2-P027-CH-R1,,,https://sereinsleep.example/products/clean-cooling-sheets,sereinsleep.example,owned,https://sereinsleep.example/products/clean-cooling-sheets,True,sereinsleep.example,False,True,https://sereinsleep.example/products/clean-cooling-sheets
C001939,M2-P048-AN-R2,,,https://arcticloom.example/collections/cooling-tech,arcticloom.example,owned,https://arcticloom.example/collections/cooling-tech,True,arcticloom.example,False,True,https://arcticloom.example/collections/cooling-tech
C002211,M2-P063-AN-R2,,,https://sereinsleep.example/products/clean-cooling-sheets,sereinsleep.example,owned,https://sereinsleep.example/products/clean-cooling-sheets,True,sereinsleep.example,False,True,https://sereinsleep.example/products/clean-cooling-sheets
C001251,M2-P010-CH-R1,,,https://sleep-lab.example/guides/cooling-sheets,sleep-lab.example,editorial,https://sleep-lab.example/guides/cooling-sheets,True,sleep-lab.example,False,True,https://sleep-lab.example/guides/cooling-sheets
C000315,M1-P018-AN-R2,,,https://forum.example/r/hotsleepers/cooling-sheet-experiences,forum.example,forum,https://forum.example/r/hotsleepers/cooling-sheet-experiences,True,forum.example,False,True,https://forum.example/r/hotsleepers/cooling-sheet-experiences
C001532,M2-P024-SE-R2,,,https://home-review.example/best-cooling-bedding,home-review.example,editorial,https://home-review.example/best-cooling-bedding,True,home-review.example,False,True,https://home-review.example/best-cooling-bedding
C001697,M2-P033-AN-R2,,,https://sleep-lab.example/guides/cooling-sheets,sleep-lab.example,editorial,https://sleep-lab.example/guides/cooling-sheets,True,sleep-lab.example,False,True,https://sleep-lab.example/guides/cooling-sheets
C000736,M1-P044-SE-R1,,,https://forum.example/r/hotsleepers/cooling-sheet-experiences,forum.example,forum,https://forum.example/r/hotsleepers/cooling-sheet-experiences,True,forum.example,False,True,https://forum.example/r/hotsleepers/cooling-sheet-experiences
C001509,M2-P023-SE-R2,,,https://sleep-lab.example/guides/cooling-sheets,sleep-lab.example,editorial,https://sleep-lab.example/guides/cooling-sheets,True,sleep-lab.example,False,True,https://sleep-lab.example/guides/cooling-sheets
C000472,M1-P028-CH-R1,,,https://independent-sleep.example/reviews/eucalune,independent-sleep.example,editorial,https://independent-sleep.example/reviews/eucalune,True,independent-sleep.example,False,True,https://independent-sleep.example/reviews/eucalune
C000222,M1-P013-SE-R2,,,https://restnest.example/products/value-cooling-set,restnest.example,owned,https://restnest.example/products/value-cooling-set,True,restnest.example,False,True,https://restnest.example/products/value-cooling-set
C001755,M2-P037-CH-R2,,,https://forum.example/r/hotsleepers/cooling-sheet-experiences,forum.example,forum,https://forum.example/r/hotsleepers/cooling-sheet-experiences,True,forum.example,False,True,https://forum.example/r/hotsleepers/cooling-sheet-experiences
C000699,M1-P041-AN-R2,,,https://sleep-lab.example/guides/cooling-sheets,sleep-lab.example,editorial,https://sleep-lab.example/guides/cooling-sheets,True,sleep-lab.example,False,True,https://sleep-lab.example/guides/cooling-sheets
C000656,M1-P039-CH-R2,,,https://independent-sleep.example/reviews/arcticloom,independent-sleep.example,editorial,https://independent-sleep.example/reviews/arcticloom,True,independent-sleep.example,False,True,https://independent-sleep.example/reviews/arcticloom
C002214,M2-P064-CH-R1,B001,ASTERVALE,https://astervale.example/products/cooling-sheet-set,astervale.example,owned,https://astervale.example/products/cooling-sheet-set,True,astervale.example,True,False,https://astervale.example/products/cooling-sheet-set
C000632,M1-P037-AN-R2,,,https://sleep-lab.example/guides/cooling-sheets,sleep-lab.example,editorial,https://sleep-lab.example/guides/cooling-sheets,True,sleep-lab.example,False,True,https://sleep-lab.example/guides/cooling-sheets
C000987,M1-P059-SE-R1,,,https://forum.example/r/hotsleepers/cooling-sheet-experiences,forum.example,forum,https://forum.example/r/hotsleepers/cooling-sheet-experiences,True,forum.example,False,True,https://forum.example/r/hotsleepers/cooling-sheet-experiences
C000742,M1-P044-AN-R1,,,https://sleep-lab.example/guides/cooling-sheets,sleep-lab.example,editorial,https://sleep-lab.example/guides/cooling-sheets,True,sleep-lab.example,False,True,https://sleep-lab.example/guides/cooling-sheets
C002007,M2-P052-SE-R2,B001,AsterVale(TM),https://astervale.example/products/cooling-sheet-set,astervale.example,owned,https://astervale.example/products/cooling-sheet-set,True,astervale.example,True,False,https://astervale.example/products/cooling-sheet-set
C000754,M1-P045-SE-R1,,,https://independent-sleep.example/reviews/arcticloom,independent-sleep.example,editorial,https://independent-sleep.example/reviews/arcticloom,True,independent-sleep.example,False,True,https://independent-sleep.example/reviews/arcticloom
C000178,M1-P011-SE-R1,,,https://forum.example/r/hotsleepers/cooling-sheet-experiences,forum.example,forum,https://forum.example/r/hotsleepers/cooling-sheet-experiences,True,forum.example,False,True,https://forum.example/r/hotsleepers/cooling-sheet-experiences
C001788,M2-P039-CH-R1,,,https://restnest.example/products/value-cooling-set,restnest.example,owned,https://restnest.example/products/value-cooling-set,True,restnest.example,False,True,https://restnest.example/products/value-cooling-set
C002086,M2-P057-SE-R2,,,https://sleep-lab.example/guides/cooling-sheets,sleep-lab.example,editorial,https://sleep-lab.example/guides/cooling-sheets,True,sleep-lab.example,False,True,https://sleep-lab.example/guides/cooling-sheets
C000811,M1-P048-SE-R1,,,https://sleep-lab.example/guides/cooling-sheets,sleep-lab.example,editorial,https://sleep-lab.example/guides/cooling-sheets,True,sleep-lab.example,False,True,https://sleep-lab.example/guides/cooling-sheets
C001470,M2-P021-AN-R1,,,https://home-review.example/best-cooling-bedding,home-review.example,editorial,https://home-review.example/best-cooling-bedding,True,home-review.example,False,True,https://home-review.example/best-cooling-bedding
C000883,M1-P052-AN-R1,,,https://sleep-lab.example/guides/cooling-sheets,sleep-lab.example,editorial,https://sleep-lab.example/guides/cooling-sheets,True,sleep-lab.example,False,True,https://sleep-lab.example/guides/cooling-sheets
C002034,M2-P054-CH-R2,,,https://sereinsleep.example/products/clean-cooling-sheets,sereinsleep.example,owned,https://sereinsleep.example/products/clean-cooling-sheets,True,sereinsleep.example,False,True,https://sereinsleep.example/products/clean-cooling-sheets
C000544,M1-P032-SE-R1,,,https://sleep-lab.example/guides/cooling-sheets,sleep-lab.example,editorial,https://sleep-lab.example/guides/cooling-sheets,True,sleep-lab.example,False,True,https://sleep-lab.example/guides/cooling-sheets
C001843,M2-P042-AN-R2,,,https://sleep-lab.example/guides/cooling-sheets,sleep-lab.example,editorial,https://sleep-lab.example/guides/cooling-sheets,True,sleep-lab.example,False,True,https://sleep-lab.example/guides/cooling-sheets
C000561,M1-P033-AN-R2,,,https://sleep-lab.example/guides/cooling-sheets,sleep-lab.example,editorial,https://sleep-lab.example/guides/cooling-sheets,True,sleep-lab.example,False,True,https://sleep-lab.example/guides/cooling-sheets
C000186,M1-P011-AN-R2,,,https://restnest.example/products/value-cooling-set,restnest.example,owned,https://restnest.example/products/value-cooling-set,True,restnest.example,False,True,https://restnest.example/products/value-cooling-set
C000834,M1-P049-AN-R1,,,https://home-review.example/best-cooling-bedding,home-review.example,editorial,https://home-review.example/best-cooling-bedding,True,home-review.example,False,True,https://home-review.example/best-cooling-bedding
C001386,M2-P017-AN-R1,,,https://independent-sleep.example/reviews/arcticloom,independent-sleep.example,editorial,https://independent-sleep.example/reviews/arcticloom,True,independent-sleep.example,False,True,https://independent-sleep.example/reviews/arcticloom
C001336,M2-P014-SE-R2,,,https://independent-sleep.example/reviews/astervale,independent-sleep.example,editorial,https://independent-sleep.example/reviews/astervale,True,independent-sleep.example,False,True,https://independent-sleep.example/reviews/astervale
C002080,M2-P057-CH-R1,,,https://sleep-lab.example/guides/cooling-sheets,sleep-lab.example,editorial,https://sleep-lab.example/guides/cooling-sheets,True,sleep-lab.example,False,True,https://sleep-lab.example/guides/cooling-sheets
C001055,M1-P063-CH-R2,,,https://home-review.example/best-cooling-bedding,home-review.example,editorial,https://home-review.example/best-cooling-bedding,True,home-review.example,False,True,https://home-review.example/best-cooling-bedding
C001448,M2-P020-AN-R2,,,https://forum.example/r/hotsleepers/cooling-sheet-experiences,forum.example,forum,https://forum.example/r/hotsleepers/cooling-sheet-experiences,True,forum.example,False,True,https://forum.example/r/hotsleepers/cooling-sheet-experiences
C002025,M2-P053-SE-R2,,,https://astervale.example/products/cooling-sheet-set,astervale.example,owned,https://astervale.example/products/cooling-sheet-set,True,astervale.example,False,True,https://astervale.example/products/cooling-sheet-set
C000580,M1-P034-AN-R2,,,https://forum.example/r/hotsleepers/cooling-sheet-experiences,forum.example,forum,https://forum.example/r/hotsleepers/cooling-sheet-experiences,True,forum.example,False,True,https://forum.example/r/hotsleepers/cooling-sheet-experiences
C000003,M1-P001-CH-R1,,,https://eucalune.example/products/eucalyptus-sheets,eucalune.example,owned,https://eucalune.example/products/eucalyptus-sheets,True,eucalune.example,False,True,https://eucalune.example/products/eucalyptus-sheets
C001745,M2-P036-SE-R2,,,https://home-review.example/best-cooling-bedding,home-review.example,editorial,https://home-review.example/best-cooling-bedding,True,home-review.example,False,True,https://home-review.example/best-cooling-bedding
C000965,M1-P057-AN-R2,,,https://sleep-lab.example/guides/cooling-sheets,sleep-lab.example,editorial,https://sleep-lab.example/guides/cooling-sheets,True,sleep-lab.example,False,True,https://sleep-lab.example/guides/cooling-sheets
C001402,M2-P018-SE-R2,,,https://independent-sleep.example/reviews/arcticloom,independent-sleep.example,editorial,https://independent-sleep.example/reviews/arcticloom,True,independent-sleep.example,False,True,https://independent-sleep.example/reviews/arcticloom
C002241,M1-P052-AN-R2,,,HTTPS://sleep-lab.example/guides/cooling-sheets/?utm_source=audit&utm_campaign=m2#section,sleep-lab.example,editorial,https://sleep-lab.example/guides/cooling-sheets,True,sleep-lab.example,False,True,https://sleep-lab.example/guides/cooling-sheets
C001537,M2-P024-AN-R1,,,https://home-review.example/best-cooling-bedding,home-review.example,editorial,https://home-review.example/best-cooling-bedding,True,home-review.example,False,True,https://home-review.example/best-cooling-bedding
C001160,M2-P005-CH-R2,,,https://sleep-lab.example/guides/cooling-sheets,sleep-lab.example,editorial,https://sleep-lab.example/guides/cooling-sheets,True,sleep-lab.example,False,True,https://sleep-lab.example/guides/cooling-sheets
C000941,M1-P056-CH-R1,,,https://sereinsleep.example/products/clean-cooling-sheets,sereinsleep.example,owned,https://sereinsleep.example/products/clean-cooling-sheets,True,sereinsleep.example,False,True,https://sereinsleep.example/products/clean-cooling-sheets
C000060,M1-P004-CH-R2,,,https://eucalune.example/products/eucalyptus-sheets,eucalune.example,owned,https://eucalune.example/products/eucalyptus-sheets,True,eucalune.example,False,True,https://eucalune.example/products/eucalyptus-sheets
C000305,M1-P018-SE-R2,,,https://home-review.example/best-cooling-bedding,home-review.example,editorial,https://home-review.example/best-cooling-bedding,True,home-review.example,False,True,https://home-review.example/best-cooling-bedding
C001807,M2-P040-SE-R1,,,https://forum.example/r/hotsleepers/cooling-sheet-experiences,forum.example,forum,https://forum.example/r/hotsleepers/cooling-sheet-experiences,True,forum.example,False,True,https://forum.example/r/hotsleepers/cooling-sheet-experiences
C000569,M1-P034-CH-R2,,,https://independent-sleep.example/reviews/restnest,independent-sleep.example,editorial,https://independent-sleep.example/reviews/restnest,True,independent-sleep.example,False,True,https://independent-sleep.example/reviews/restnest
C000652,M1-P039-CH-R1,,,https://arcticloom.example/collections/cooling-tech,arcticloom.example,owned,https://arcticloom.example/collections/cooling-tech,True,arcticloom.example,False,True,https://arcticloom.example/collections/cooling-tech
C000970,M1-P058-SE-R1,,,https://sleep-lab.example/guides/cooling-sheets,sleep-lab.example,editorial,https://sleep-lab.example/guides/cooling-sheets,True,sleep-lab.example,False,True,https://sleep-lab.example/guides/cooling-sheets
C001313,M2-P013-CH-R2,,,https://independent-sleep.example/reviews/restnest,independent-sleep.example,editorial,https://independent-sleep.example/reviews/restnest,True,independent-sleep.example,False,True,https://independent-sleep.example/reviews/restnest
C000287,M1-P017-SE-R1,,,https://arcticloom.example/collections/cooling-tech,arcticloom.example,owned,https://arcticloom.example/collections/cooling-tech,True,arcticloom.example,False,True,https://arcticloom.example/collections/cooling-tech
C001966,M2-P050-SE-R1,,,https://sereinsleep.example/products/clean-cooling-sheets,sereinsleep.example,owned,https://sereinsleep.example/products/clean-cooling-sheets,True,sereinsleep.example,False,True,https://sereinsleep.example/products/clean-cooling-sheets
C000975,M1-P058-SE-R1,,,https://independent-sleep.example/reviews/serein-sleep,independent-sleep.example,editorial,https://independent-sleep.example/reviews/serein-sleep,True,independent-sleep.example,False,True,https://independent-sleep.example/reviews/serein-sleep
C001235,M2-P009-CH-R2,,,https://eucalune.example/products/eucalyptus-sheets,eucalune.example,owned,https://eucalune.example/products/eucalyptus-sheets,True,eucalune.example,False,True,https://eucalune.example/products/eucalyptus-sheets
C000443,M1-P026-CH-R2,,,https://forum.example/r/hotsleepers/cooling-sheet-experiences,forum.example,forum,https://forum.example/r/hotsleepers/cooling-sheet-experiences,True,forum.example,False,True,https://forum.example/r/hotsleepers/cooling-sheet-experiences
C001087,M2-P001-SE-R2,,,https://sleep-lab.example/guides/cooling-sheets,sleep-lab.example,editorial,https://sleep-lab.example/guides/cooling-sheets,True,sleep-lab.example,False,True,https://sleep-lab.example/guides/cooling-sheets
C001691,M2-P033-SE-R2,,,https://home-review.example/best-cooling-bedding,home-review.example,editorial,https://home-review.example/best-cooling-bedding,True,home-review.example,False,True,https://home-review.example/best-cooling-bedding
C001683,M2-P033-CH-R2,,,https://sleep-lab.example/guides/cooling-sheets,sleep-lab.example,editorial,https://sleep-lab.example/guides/cooling-sheets,True,sleep-lab.example,False,True,https://sleep-lab.example/guides/cooling-sheets
C001447,M2-P020-AN-R1,,,https://restnest.example/products/value-cooling-set,restnest.example,owned,https://restnest.example/products/value-cooling-set,True,restnest.example,False,True,https://restnest.example/products/value-cooling-set
C001250,M2-P010-CH-R1,,,https://forum.example/r/hotsleepers/cooling-sheet-experiences,forum.example,forum,https://forum.example/r/hotsleepers/cooling-sheet-experiences,True,forum.example,False,True,https://forum.example/r/hotsleepers/cooling-sheet-experiences
C000879,M1-P052-SE-R1,,,https://forum.example/r/hotsleepers/cooling-sheet-experiences,forum.example,forum,https://forum.example/r/hotsleepers/cooling-sheet-experiences,True,forum.example,False,True,https://forum.example/r/hotsleepers/cooling-sheet-experiences
C002177,M2-P062-CH-R1,,,https://forum.example/r/hotsleepers/cooling-sheet-experiences,forum.example,forum,https://forum.example/r/hotsleepers/cooling-sheet-experiences,True,forum.example,False,True,https://forum.example/r/hotsleepers/cooling-sheet-experiences
C002009,M2-P052-AN-R1,,,https://astervale.example/products/cooling-sheet-set,astervale.example,owned,https://astervale.example/products/cooling-sheet-set,True,astervale.example,False,True,https://astervale.example/products/cooling-sheet-set
C000304,M1-P018-SE-R1,,,https://independent-sleep.example/reviews/restnest,independent-sleep.example,editorial,https://independent-sleep.example/reviews/restnest,True,independent-sleep.example,False,True,https://independent-sleep.example/reviews/restnest
C000456,M1-P027-CH-R1,,,https://arcticloom.example/collections/cooling-tech,arcticloom.example,owned,https://arcticloom.example/collections/cooling-tech,True,arcticloom.example,False,True,https://arcticloom.example/collections/cooling-tech
C001094,M2-P001-AN-R2,,,https://independent-sleep.example/reviews/serein-sleep,independent-sleep.example,editorial,https://independent-sleep.example/reviews/serein-sleep,True,independent-sleep.example,False,True,https://independent-sleep.example/reviews/serein-sleep
C000072,M1-P004-AN-R2,,,https://independent-sleep.example/reviews/astervale,independent-sleep.example,editorial,https://independent-sleep.example/reviews/astervale,True,independent-sleep.example,False,True,https://independent-sleep.example/reviews/astervale
C000064,M1-P004-SE-R2,,,https://sleep-lab.example/guides/cooling-sheets,sleep-lab.example,editorial,https://sleep-lab.example/guides/cooling-sheets,True,sleep-lab.example,False,True,https://sleep-lab.example/guides/cooling-sheets
C000034,M1-P002-AN-R2,,,https://forum.example/r/hotsleepers/cooling-sheet-experiences,forum.example,forum,https://forum.example/r/hotsleepers/cooling-sheet-experiences,True,forum.example,False,True,https://forum.example/r/hotsleepers/cooling-sheet-experiences
C001597,M2-P027-AN-R1,,,https://sereinsleep.example/products/clean-cooling-sheets,sereinsleep.example,owned,https://sereinsleep.example/products/clean-cooling-sheets,True,sereinsleep.example,False,True,https://sereinsleep.example/products/clean-cooling-sheets
C001596,M2-P027-AN-R1,,,https://forum.example/r/hotsleepers/cooling-sheet-experiences,forum.example,forum,https://forum.example/r/hotsleepers/cooling-sheet-experiences,True,forum.example,False,True,https://forum.example/r/hotsleepers/cooling-sheet-experiences
C000067,M1-P004-AN-R1,,,https://home-review.example/best-cooling-bedding,home-review.example,editorial,https://home-review.example/best-cooling-bedding,True,home-review.example,False,True,https://home-review.example/best-cooling-bedding
C001328,M2-P014-CH-R2,,,https://arcticloom.example/collections/cooling-tech,arcticloom.example,owned,https://arcticloom.example/collections/cooling-tech,True,arcticloom.example,False,True,https://arcticloom.example/collections/cooling-tech
C001908,M2-P047-CH-R1,,,https://sereinsleep.example/products/clean-cooling-sheets,sereinsleep.example,owned,https://sereinsleep.example/products/clean-cooling-sheets,True,sereinsleep.example,False,True,https://sereinsleep.example/products/clean-cooling-sheets
C001041,M1-P062-SE-R2,,,https://home-review.example/best-cooling-bedding,home-review.example,editorial,https://home-review.example/best-cooling-bedding,True,home-review.example,False,True,https://home-review.example/best-cooling-bedding
C001461,M2-P021-SE-R1,,,https://arcticloom.example/collections/cooling-tech,arcticloom.example,owned,https://arcticloom.example/collections/cooling-tech,True,arcticloom.example,False,True,https://arcticloom.example/collections/cooling-tech
C002053,M2-P055-SE-R1,,,https://home-review.example/best-cooling-bedding,home-review.example,editorial,https://home-review.example/best-cooling-bedding,True,home-review.example,False,True,https://home-review.example/best-cooling-bedding
C001043,M1-P062-AN-R1,,,https://sleep-lab.example/guides/cooling-sheets,sleep-lab.example,editorial,https://sleep-lab.example/guides/cooling-sheets,True,sleep-lab.example,False,True,https://sleep-lab.example/guides/cooling-sheets
C000306,M1-P018-SE-R2,,,https://sleep-lab.example/guides/cooling-sheets,sleep-lab.example,editorial,https://sleep-lab.example/guides/cooling-sheets,True,sleep-lab.example,False,True,https://sleep-lab.example/guides/cooling-sheets
C000036,M1-P002-AN-R2,,,https://independent-sleep.example/reviews/serein-sleep,independent-sleep.example,editorial,https://independent-sleep.example/reviews/serein-sleep,True,independent-sleep.example,False,True,https://independent-sleep.example/reviews/serein-sleep
C001695,M2-P033-AN-R1,,,https://forum.example/r/hotsleepers/cooling-sheet-experiences,forum.example,forum,https://forum.example/r/hotsleepers/cooling-sheet-experiences,True,forum.example,False,True,https://forum.example/r/hotsleepers/cooling-sheet-experiences
C001205,M2-P007-SE-R2,,,https://independent-sleep.example/reviews/restnest,independent-sleep.example,editorial,https://independent-sleep.example/reviews/restnest,True,independent-sleep.example,False,True,https://independent-sleep.example/reviews/restnest
C001887,M2-P046-CH-R1,,,https://home-review.example/best-cooling-bedding,home-review.example,editorial,https://home-review.example/best-cooling-bedding,True,home-review.example,False,True,https://home-review.example/best-cooling-bedding
C001319,M2-P013-AN-R1,,,https://sleep-lab.example/guides/cooling-sheets,sleep-lab.example,editorial,https://sleep-lab.example/guides/cooling-sheets,True,sleep-lab.example,False,True,https://sleep-lab.example/guides/cooling-sheets
C000129,M1-P008-AN-R1,,,https://home-review.example/best-cooling-bedding,home-review.example,editorial,https://home-review.example/best-cooling-bedding,True,home-review.example,False,True,https://home-review.example/best-cooling-bedding
C000238,M1-P014-SE-R2,,,https://forum.example/r/hotsleepers/cooling-sheet-experiences,forum.example,forum,https://forum.example/r/hotsleepers/cooling-sheet-experiences,True,forum.example,False,True,https://forum.example/r/hotsleepers/cooling-sheet-experiences
C001877,M2-P045-SE-R1,,,https://independent-sleep.example/reviews/serein-sleep,independent-sleep.example,editorial,https://independent-sleep.example/reviews/serein-sleep,True,independent-sleep.example,False,True,https://independent-sleep.example/reviews/serein-sleep
C001917,M2-P047-SE-R1,,,https://restnest.example/products/value-cooling-set,restnest.example,owned,https://restnest.example/products/value-cooling-set,True,restnest.example,False,True,https://restnest.example/products/value-cooling-set
C001961,M2-P050-CH-R1,,,https://astervale.example/products/cooling-sheet-set,astervale.example,owned,https://astervale.example/products/cooling-sheet-set,True,astervale.example,False,True,https://astervale.example/products/cooling-sheet-set
C000466,M1-P027-AN-R1,,,https://independent-sleep.example/reviews/arcticloom,independent-sleep.example,editorial,https://independent-sleep.example/reviews/arcticloom,True,independent-sleep.example,False,True,https://independent-sleep.example/reviews/arcticloom
C000144,M1-P009-SE-R2,,,https://home-review.example/best-cooling-bedding,home-review.example,editorial,https://home-review.example/best-cooling-bedding,True,home-review.example,False,True,https://home-review.example/best-cooling-bedding
C000817,M1-P048-AN-R1,,,https://astervale.example/products/cooling-sheet-set,astervale.example,owned,https://astervale.example/products/cooling-sheet-set,True,astervale.example,False,True,https://astervale.example/products/cooling-sheet-set
C001133,M2-P003-AN-R1,,,https://arcticloom.example/collections/cooling-tech,arcticloom.example,owned,https://arcticloom.example/collections/cooling-tech,True,arcticloom.example,False,True,https://arcticloom.example/collections/cooling-tech
C001277,M2-P011-SE-R2,,,https://home-review.example/best-cooling-bedding,home-review.example,editorial,https://home-review.example/best-cooling-bedding,True,home-review.example,False,True,https://home-review.example/best-cooling-bedding
C000355,M1-P020-AN-R2,,,https://sereinsleep.example/products/clean-cooling-sheets,sereinsleep.example,owned,https://sereinsleep.example/products/clean-cooling-sheets,True,sereinsleep.example,False,True,https://sereinsleep.example/products/clean-cooling-sheets
C000517,M1-P030-AN-R2,,,https://arcticloom.example/collections/cooling-tech,arcticloom.example,owned,https://arcticloom.example/collections/cooling-tech,True,arcticloom.example,False,True,https://arcticloom.example/collections/cooling-tech
C000792,M1-P047-SE-R2,,,https://sereinsleep.example/products/clean-cooling-sheets,sereinsleep.example,owned,https://sereinsleep.example/products/clean-cooling-sheets,True,sereinsleep.example,False,True,https://sereinsleep.example/products/clean-cooling-sheets
C000716,M1-P043-CH-R1,,,https://home-review.example/best-cooling-bedding,home-review.example,editorial,https://home-review.example/best-cooling-bedding,True,home-review.example,False,True,https://home-review.example/best-cooling-bedding
C001412,M2-P019-CH-R1,,,https://restnest.example/products/value-cooling-set,restnest.example,owned,https://restnest.example/products/value-cooling-set,True,restnest.example,False,True,https://restnest.example/products/value-cooling-set
C000952,M1-P056-AN-R1,,,https://astervale.example/products/cooling-sheet-set,astervale.example,owned,https://astervale.example/products/cooling-sheet-set,True,astervale.example,False,True,https://astervale.example/products/cooling-sheet-set
C001484,M2-P022-CH-R2,B001,Aster Vale,https://astervale.example/products/cooling-sheet-set,astervale.example,owned,https://astervale.example/products/cooling-sheet-set,True,astervale.example,True,False,https://astervale.example/products/cooling-sheet-set
C000770,M1-P046-SE-R1,,,https://home-review.example/best-cooling-bedding,home-review.example,editorial,https://home-review.example/best-cooling-bedding,True,home-review.example,False,True,https://home-review.example/best-cooling-bedding
C000428,M1-P025-CH-R2,,,https://forum.example/r/hotsleepers/cooling-sheet-experiences,forum.example,forum,https://forum.example/r/hotsleepers/cooling-sheet-experiences,True,forum.example,False,True,https://forum.example/r/hotsleepers/cooling-sheet-experiences
C001937,M2-P048-AN-R1,,,https://home-review.example/best-cooling-bedding,home-review.example,editorial,https://home-review.example/best-cooling-bedding,True,home-review.example,False,True,https://home-review.example/best-cooling-bedding
C001787,M2-P039-CH-R1,,,https://eucalune.example/products/eucalyptus-sheets,eucalune.example,owned,https://eucalune.example/products/eucalyptus-sheets,True,eucalune.example,False,True,https://eucalune.example/products/eucalyptus-sheets
C002012,M2-P052-AN-R2,,,https://home-review.example/best-cooling-bedding,home-review.example,editorial,https://home-review.example/best-cooling-bedding,True,home-review.example,False,True,https://home-review.example/best-cooling-bedding
C001778,M2-P038-AN-R1,,,https://forum.example/r/hotsleepers/cooling-sheet-experiences,forum.example,forum,https://forum.example/r/hotsleepers/cooling-sheet-experiences,True,forum.example,False,True,https://forum.example/r/hotsleepers/cooling-sheet-experiences
C001420,M2-P019-SE-R2,,,https://independent-sleep.example/reviews/eucalune,independent-sleep.example,editorial,https://independent-sleep.example/reviews/eucalune,True,independent-sleep.example,False,True,https://independent-sleep.example/reviews/eucalune
C002003,M2-P052-CH-R2,B001,Aster Vale,https://independent-sleep.example/reviews/astervale,independent-sleep.example,editorial,https://independent-sleep.example/reviews/astervale,True,independent-sleep.example,False,True,https://independent-sleep.example/reviews/astervale
C001259,M2-P010-SE-R2,,,https://sereinsleep.example/products/clean-cooling-sheets,sereinsleep.example,owned,https://sereinsleep.example/products/clean-cooling-sheets,True,sereinsleep.example,False,True,https://sereinsleep.example/products/clean-cooling-sheets
C002011,M2-P052-AN-R1,,,https://independent-sleep.example/reviews/arcticloom,independent-sleep.example,editorial,https://independent-sleep.example/reviews/arcticloom,True,independent-sleep.example,False,True,https://independent-sleep.example/reviews/arcticloom
C000326,M1-P019-SE-R1,,,https://arcticloom.example/collections/cooling-tech,arcticloom.example,owned,https://arcticloom.example/collections/cooling-tech,True,arcticloom.example,False,True,https://arcticloom.example/collections/cooling-tech
C002267,M1-P004-SE-R1,,,HTTPS://www.SEREINSLEEP.EXAMPLE/products/clean-cooling-sheets/?utm_source=audit&utm_campaign=m2#section,www.SEREINSLEEP.EXAMPLE,owned,https://sereinsleep.example/products/clean-cooling-sheets,True,sereinsleep.example,False,True,https://sereinsleep.example/products/clean-cooling-sheets
C000065,M1-P004-SE-R2,,,https://independent-sleep.example/reviews/eucalune,independent-sleep.example,editorial,https://independent-sleep.example/reviews/eucalune,True,independent-sleep.example,False,True,https://independent-sleep.example/reviews/eucalune
C001776,M2-P038-SE-R1,,,https://sleep-lab.example/guides/cooling-sheets,sleep-lab.example,editorial,https://sleep-lab.example/guides/cooling-sheets,True,sleep-lab.example,False,True,https://sleep-lab.example/guides/cooling-sheets
C001063,M1-P063-AN-R1,,,https://sleep-lab.example/guides/cooling-sheets,sleep-lab.example,editorial,https://sleep-lab.example/guides/cooling-sheets,True,sleep-lab.example,False,True,https://sleep-lab.example/guides/cooling-sheets
C001443,M2-P020-AN-R1,,,https://sereinsleep.example/products/clean-cooling-sheets,sereinsleep.example,owned,https://sereinsleep.example/products/clean-cooling-sheets,True,sereinsleep.example,False,True,https://sereinsleep.example/products/clean-cooling-sheets
C000545,M1-P032-SE-R2,,,https://forum.example/r/hotsleepers/cooling-sheet-experiences,forum.example,forum,https://forum.example/r/hotsleepers/cooling-sheet-experiences,True,forum.example,False,True,https://forum.example/r/hotsleepers/cooling-sheet-experiences
C002256,M2-P059-AN-R2,B001,ASTERVALE,HTTPS://independent-sleep.example/reviews/astervale/?utm_source=audit&utm_campaign=m2#section,independent-sleep.example,editorial,https://independent-sleep.example/reviews/astervale,True,independent-sleep.example,False,True,https://independent-sleep.example/reviews/astervale
C001086,M2-P001-SE-R1,,,https://independent-sleep.example/reviews/restnest,independent-sleep.example,editorial,https://independent-sleep.example/reviews/restnest,True,independent-sleep.example,False,True,https://independent-sleep.example/reviews/restnest
C000259,M1-P015-CH-R2,,,https://arcticloom.example/collections/cooling-tech,arcticloom.example,owned,https://arcticloom.example/collections/cooling-tech,True,arcticloom.example,False,True,https://arcticloom.example/collections/cooling-tech
C001491,M2-P022-AN-R1,,,https://forum.example/r/hotsleepers/cooling-sheet-experiences,forum.example,forum,https://forum.example/r/hotsleepers/cooling-sheet-experiences,True,forum.example,False,True,https://forum.example/r/hotsleepers/cooling-sheet-experiences
C000442,M1-P026-CH-R1,,,https://sereinsleep.example/products/clean-cooling-sheets,sereinsleep.example,owned,https://sereinsleep.example/products/clean-cooling-sheets,True,sereinsleep.example,False,True,https://sereinsleep.example/products/clean-cooling-sheets
C000491,M1-P029-CH-R2,,,https://sleep-lab.example/guides/cooling-sheets,sleep-lab.example,editorial,https://sleep-lab.example/guides/cooling-sheets,True,sleep-lab.example,False,True,https://sleep-lab.example/guides/cooling-sheets
C000286,M1-P017-SE-R1,,,https://forum.example/r/hotsleepers/cooling-sheet-experiences,forum.example,forum,https://forum.example/r/hotsleepers/cooling-sheet-experiences,True,forum.example,False,True,https://forum.example/r/hotsleepers/cooling-sheet-experiences
C000451,M1-P026-SE-R2,,,https://independent-sleep.example/reviews/eucalune,independent-sleep.example,editorial,https://independent-sleep.example/reviews/eucalune,True,independent-sleep.example,False,True,https://independent-sleep.example/reviews/eucalune
C001566,M2-P026-CH-R1,,,https://arcticloom.example/collections/cooling-tech,arcticloom.example,owned,https://arcticloom.example/collections/cooling-tech,True,arcticloom.example,False,True,https://arcticloom.example/collections/cooling-tech
C000174,M1-P011-CH-R1,,,https://forum.example/r/hotsleepers/cooling-sheet-experiences,forum.example,forum,https://forum.example/r/hotsleepers/cooling-sheet-experiences,True,forum.example,False,True,https://forum.example/r/hotsleepers/cooling-sheet-experiences
C001495,M2-P022-AN-R2,,,https://sleep-lab.example/guides/cooling-sheets,sleep-lab.example,editorial,https://sleep-lab.example/guides/cooling-sheets,True,sleep-lab.example,False,True,https://sleep-lab.example/guides/cooling-sheets
C000642,M1-P038-SE-R1,,,https://eucalune.example/products/eucalyptus-sheets,eucalune.example,owned,https://eucalune.example/products/eucalyptus-sheets,True,eucalune.example,False,True,https://eucalune.example/products/eucalyptus-sheets
C001824,M2-P041-AN-R1,,,https://sleep-lab.example/guides/cooling-sheets,sleep-lab.example,editorial,https://sleep-lab.example/guides/cooling-sheets,True,sleep-lab.example,False,True,https://sleep-lab.example/guides/cooling-sheets
C000444,M1-P026-CH-R2,,,https://home-review.example/best-cooling-bedding,home-review.example,editorial,https://home-review.example/best-cooling-bedding,True,home-review.example,False,True,https://home-review.example/best-cooling-bedding
C002126,M2-P059-AN-R1,,,https://home-review.example/best-cooling-bedding,home-review.example,editorial,https://home-review.example/best-cooling-bedding,True,home-review.example,False,True,https://home-review.example/best-cooling-bedding
C002132,M2-P059-AN-R2,,,https://independent-sleep.example/reviews/eucalune,independent-sleep.example,editorial,https://independent-sleep.example/reviews/eucalune,True,independent-sleep.example,False,True,https://independent-sleep.example/reviews/eucalune
C000496,M1-P029-AN-R1,,,https://sleep-lab.example/guides/cooling-sheets,sleep-lab.example,editorial,https://sleep-lab.example/guides/cooling-sheets,True,sleep-lab.example,False,True,https://sleep-lab.example/guides/cooling-sheets
C001968,M2-P050-SE-R2,,,https://sleep-lab.example/guides/cooling-sheets,sleep-lab.example,editorial,https://sleep-lab.example/guides/cooling-sheets,True,sleep-lab.example,False,True,https://sleep-lab.example/guides/cooling-sheets
C001523,M2-P024-CH-R1,,,https://independent-sleep.example/reviews/serein-sleep,independent-sleep.example,editorial,https://independent-sleep.example/reviews/serein-sleep,True,independent-sleep.example,False,True,https://independent-sleep.example/reviews/serein-sleep
C000068,M1-P004-AN-R1,,,https://sereinsleep.example/products/clean-cooling-sheets,sereinsleep.example,owned,https://sereinsleep.example/products/clean-cooling-sheets,True,sereinsleep.example,False,True,https://sereinsleep.example/products/clean-cooling-sheets
C002062,M2-P055-AN-R2,,,https://forum.example/r/hotsleepers/cooling-sheet-experiences,forum.example,forum,https://forum.example/r/hotsleepers/cooling-sheet-experiences,True,forum.example,False,True,https://forum.example/r/hotsleepers/cooling-sheet-experiences
C000760,M1-P045-AN-R1,,,https://restnest.example/products/value-cooling-set,restnest.example,owned,https://restnest.example/products/value-cooling-set,True,restnest.example,False,True,https://restnest.example/products/value-cooling-set
C002215,M2-P064-CH-R1,,,https://independent-sleep.example/reviews/arcticloom,independent-sleep.example,editorial,https://independent-sleep.example/reviews/arcticloom,True,independent-sleep.example,False,True,https://independent-sleep.example/reviews/arcticloom
C001460,M2-P021-SE-R1,,,https://sleep-lab.example/guides/cooling-sheets,sleep-lab.example,editorial,https://sleep-lab.example/guides/cooling-sheets,True,sleep-lab.example,False,True,https://sleep-lab.example/guides/cooling-sheets
C000849,M1-P050-SE-R2,,,https://astervale.example/products/cooling-sheet-set,astervale.example,owned,https://astervale.example/products/cooling-sheet-set,True,astervale.example,False,True,https://astervale.example/products/cooling-sheet-set
C000149,M1-P009-AN-R1,,,https://restnest.example/products/value-cooling-set,restnest.example,owned,https://restnest.example/products/value-cooling-set,True,restnest.example,False,True,https://restnest.example/products/value-cooling-set
C000117,M1-P007-AN-R2,,,https://arcticloom.example/collections/cooling-tech,arcticloom.example,owned,https://arcticloom.example/collections/cooling-tech,True,arcticloom.example,False,True,https://arcticloom.example/collections/cooling-tech
C000967,M1-P058-CH-R1,,,https://sereinsleep.example/products/clean-cooling-sheets,sereinsleep.example,owned,https://sereinsleep.example/products/clean-cooling-sheets,True,sereinsleep.example,False,True,https://sereinsleep.example/products/clean-cooling-sheets
C001194,M2-P006-AN-R2,,,https://independent-sleep.example/reviews/restnest,independent-sleep.example,editorial,https://independent-sleep.example/reviews/restnest,True,independent-sleep.example,False,True,https://independent-sleep.example/reviews/restnest
C000387,M1-P022-AN-R1,,,https://arcticloom.example/collections/cooling-tech,arcticloom.example,owned,https://arcticloom.example/collections/cooling-tech,True,arcticloom.example,False,True,https://arcticloom.example/collections/cooling-tech
C001270,M2-P011-CH-R2,,,https://independent-sleep.example/reviews/eucalune,independent-sleep.example,editorial,https://independent-sleep.example/reviews/eucalune,True,independent-sleep.example,False,True,https://independent-sleep.example/reviews/eucalune
C000184,M1-P011-AN-R2,,,https://home-review.example/best-cooling-bedding,home-review.example,editorial,https://home-review.example/best-cooling-bedding,True,home-review.example,False,True,https://home-review.example/best-cooling-bedding
C002247,M2-P059-SE-R1,,,HTTPS://home-review.example/best-cooling-bedding/?utm_source=audit&utm_campaign=m2#section,home-review.example,editorial,https://home-review.example/best-cooling-bedding,True,home-review.example,False,True,https://home-review.example/best-cooling-bedding
C000925,M1-P055-CH-R1,,,https://sleep-lab.example/guides/cooling-sheets,sleep-lab.example,editorial,https://sleep-lab.example/guides/cooling-sheets,True,sleep-lab.example,False,True,https://sleep-lab.example/guides/cooling-sheets
C001423,M2-P019-AN-R1,,,https://independent-sleep.example/reviews/eucalune,independent-sleep.example,editorial,https://independent-sleep.example/reviews/eucalune,True,independent-sleep.example,False,True,https://independent-sleep.example/reviews/eucalune
C002084,M2-P057-SE-R1,,,https://astervale.example/products/cooling-sheet-set,astervale.example,owned,https://astervale.example/products/cooling-sheet-set,True,astervale.example,False,True,https://astervale.example/products/cooling-sheet-set
C001197,M2-P007-CH-R2,,,https://sleep-lab.example/guides/cooling-sheets,sleep-lab.example,editorial,https://sleep-lab.example/guides/cooling-sheets,True,sleep-lab.example,False,True,https://sleep-lab.example/guides/cooling-sheets
C000894,M1-P053-CH-R2,,,https://arcticloom.example/collections/cooling-tech,arcticloom.example,owned,https://arcticloom.example/collections/cooling-tech,True,arcticloom.example,False,True,https://arcticloom.example/collections/cooling-tech
C001360,M2-P016-SE-R1,,,https://home-review.example/best-cooling-bedding,home-review.example,editorial,https://home-review.example/best-cooling-bedding,True,home-review.example,False,True,https://home-review.example/best-cooling-bedding
C000779,M1-P046-AN-R2,,,https://forum.example/r/hotsleepers/cooling-sheet-experiences,forum.example,forum,https://forum.example/r/hotsleepers/cooling-sheet-experiences,True,forum.example,False,True,https://forum.example/r/hotsleepers/cooling-sheet-experiences
C001045,M1-P062-AN-R1,B001,AsterVale(TM),https://astervale.example/products/cooling-sheet-set,astervale.example,owned,https://astervale.example/products/cooling-sheet-set,True,astervale.example,True,False,https://astervale.example/products/cooling-sheet-set
C000805,M1-P048-CH-R1,,,https://sereinsleep.example/products/clean-cooling-sheets,sereinsleep.example,owned,https://sereinsleep.example/products/clean-cooling-sheets,True,sereinsleep.example,False,True,https://sereinsleep.example/products/clean-cooling-sheets
C001915,M2-P047-SE-R1,,,https://home-review.example/best-cooling-bedding,home-review.example,editorial,https://home-review.example/best-cooling-bedding,True,home-review.example,False,True,https://home-review.example/best-cooling-bedding
C000820,M1-P048-AN-R2,,,https://home-review.example/best-cooling-bedding,home-review.example,editorial,https://home-review.example/best-cooling-bedding,True,home-review.example,False,True,https://home-review.example/best-cooling-bedding
C001350,M2-P015-AN-R1,,,https://restnest.example/products/value-cooling-set,restnest.example,owned,https://restnest.example/products/value-cooling-set,True,restnest.example,False,True,https://restnest.example/products/value-cooling-set
C000267,M1-P016-CH-R1,,,https://forum.example/r/hotsleepers/cooling-sheet-experiences,forum.example,forum,https://forum.example/r/hotsleepers/cooling-sheet-experiences,True,forum.example,False,True,https://forum.example/r/hotsleepers/cooling-sheet-experiences
C000435,M1-P025-SE-R2,,,https://restnest.example/products/value-cooling-set,restnest.example,owned,https://restnest.example/products/value-cooling-set,True,restnest.example,False,True,https://restnest.example/products/value-cooling-set
C000471,M1-P028-CH-R1,,,https://forum.example/r/hotsleepers/cooling-sheet-experiences,forum.example,forum,https://forum.example/r/hotsleepers/cooling-sheet-experiences,True,forum.example,False,True,https://forum.example/r/hotsleepers/cooling-sheet-experiences
C001614,M2-P028-AN-R2,,,https://sleep-lab.example/guides/cooling-sheets,sleep-lab.example,editorial,https://sleep-lab.example/guides/cooling-sheets,True,sleep-lab.example,False,True,https://sleep-lab.example/guides/cooling-sheets
C000697,M1-P041-SE-R2,,,https://arcticloom.example/collections/cooling-tech,arcticloom.example,owned,https://arcticloom.example/collections/cooling-tech,True,arcticloom.example,False,True,https://arcticloom.example/collections/cooling-tech
C000807,M1-P048-CH-R2,,,https://sleep-lab.example/guides/cooling-sheets,sleep-lab.example,editorial,https://sleep-lab.example/guides/cooling-sheets,True,sleep-lab.example,False,True,https://sleep-lab.example/guides/cooling-sheets
C000928,M1-P055-CH-R2,,,https://astervale.example/products/cooling-sheet-set,astervale.example,owned,https://astervale.example/products/cooling-sheet-set,True,astervale.example,False,True,https://astervale.example/products/cooling-sheet-set
C000689,M1-P040-AN-R2,,,https://sleep-lab.example/guides/cooling-sheets,sleep-lab.example,editorial,https://sleep-lab.example/guides/cooling-sheets,True,sleep-lab.example,False,True,https://sleep-lab.example/guides/cooling-sheets
C000630,M1-P037-AN-R1,,,https://forum.example/r/hotsleepers/cooling-sheet-experiences,forum.example,forum,https://forum.example/r/hotsleepers/cooling-sheet-experiences,True,forum.example,False,True,https://forum.example/r/hotsleepers/cooling-sheet-experiences
C001653,M2-P030-AN-R2,,,https://forum.example/r/hotsleepers/cooling-sheet-experiences,forum.example,forum,https://forum.example/r/hotsleepers/cooling-sheet-experiences,True,forum.example,False,True,https://forum.example/r/hotsleepers/cooling-sheet-experiences
C001647,M2-P030-SE-R1,,,https://restnest.example/products/value-cooling-set,restnest.example,owned,https://restnest.example/products/value-cooling-set,True,restnest.example,False,True,https://restnest.example/products/value-cooling-set
C001379,M2-P017-SE-R1,,,https://arcticloom.example/collections/cooling-tech,arcticloom.example,owned,https://arcticloom.example/collections/cooling-tech,True,arcticloom.example,False,True,https://arcticloom.example/collections/cooling-tech
C001148,M2-P004-SE-R1,,,https://restnest.example/products/value-cooling-set,restnest.example,owned,https://restnest.example/products/value-cooling-set,True,restnest.example,False,True,https://restnest.example/products/value-cooling-set
C001163,M2-P005-CH-R2,,,https://independent-sleep.example/reviews/restnest,independent-sleep.example,editorial,https://independent-sleep.example/reviews/restnest,True,independent-sleep.example,False,True,https://independent-sleep.example/reviews/restnest
C000724,M1-P043-SE-R2,,,https://sereinsleep.example/products/clean-cooling-sheets,sereinsleep.example,owned,https://sereinsleep.example/products/clean-cooling-sheets,True,sereinsleep.example,False,True,https://sereinsleep.example/products/clean-cooling-sheets
C000534,M1-P031-AN-R2,,,https://sleep-lab.example/guides/cooling-sheets,sleep-lab.example,editorial,https://sleep-lab.example/guides/cooling-sheets,True,sleep-lab.example,False,True,https://sleep-lab.example/guides/cooling-sheets
C000123,M1-P008-CH-R2,,,https://independent-sleep.example/reviews/arcticloom,independent-sleep.example,editorial,https://independent-sleep.example/reviews/arcticloom,True,independent-sleep.example,False,True,https://independent-sleep.example/reviews/arcticloom
C001072,M1-P064-SE-R2,,,https://home-review.example/best-cooling-bedding,home-review.example,editorial,https://home-review.example/best-cooling-bedding,True,home-review.example,False,True,https://home-review.example/best-cooling-bedding
C001874,M2-P045-CH-R2,,,https://eucalune.example/products/eucalyptus-sheets,eucalune.example,owned,https://eucalune.example/products/eucalyptus-sheets,True,eucalune.example,False,True,https://eucalune.example/products/eucalyptus-sheets
C000578,M1-P034-AN-R1,,,https://sereinsleep.example/products/clean-cooling-sheets,sereinsleep.example,owned,https://sereinsleep.example/products/clean-cooling-sheets,True,sereinsleep.example,False,True,https://sereinsleep.example/products/clean-cooling-sheets
C001260,M2-P010-SE-R2,,,https://eucalune.example/products/eucalyptus-sheets,eucalune.example,owned,https://eucalune.example/products/eucalyptus-sheets,True,eucalune.example,False,True,https://eucalune.example/products/eucalyptus-sheets
C000223,M1-P013-AN-R1,,,https://forum.example/r/hotsleepers/cooling-sheet-experiences,forum.example,forum,https://forum.example/r/hotsleepers/cooling-sheet-experiences,True,forum.example,False,True,https://forum.example/r/hotsleepers/cooling-sheet-experiences
C002113,M2-P058-AN-R2,,,https://independent-sleep.example/reviews/astervale,independent-sleep.example,editorial,https://independent-sleep.example/reviews/astervale,True,independent-sleep.example,False,True,https://independent-sleep.example/reviews/astervale
C002173,M2-P061-AN-R1,,,https://forum.example/r/hotsleepers/cooling-sheet-experiences,forum.example,forum,https://forum.example/r/hotsleepers/cooling-sheet-experiences,True,forum.example,False,True,https://forum.example/r/hotsleepers/cooling-sheet-experiences
C000733,M1-P044-CH-R2,,,https://sereinsleep.example/products/clean-cooling-sheets,sereinsleep.example,owned,https://sereinsleep.example/products/clean-cooling-sheets,True,sereinsleep.example,False,True,https://sereinsleep.example/products/clean-cooling-sheets
C000949,M1-P056-SE-R2,,,https://sereinsleep.example/products/clean-cooling-sheets,sereinsleep.example,owned,https://sereinsleep.example/products/clean-cooling-sheets,True,sereinsleep.example,False,True,https://sereinsleep.example/products/clean-cooling-sheets
C001138,M2-P004-CH-R1,,,https://forum.example/r/hotsleepers/cooling-sheet-experiences,forum.example,forum,https://forum.example/r/hotsleepers/cooling-sheet-experiences,True,forum.example,False,True,https://forum.example/r/hotsleepers/cooling-sheet-experiences
C001244,M2-P009-AN-R1,,,https://forum.example/r/hotsleepers/cooling-sheet-experiences,forum.example,forum,https://forum.example/r/hotsleepers/cooling-sheet-experiences,True,forum.example,False,True,https://forum.example/r/hotsleepers/cooling-sheet-experiences
C000040,M1-P003-CH-R1,,,https://independent-sleep.example/reviews/restnest,independent-sleep.example,editorial,https://independent-sleep.example/reviews/restnest,True,independent-sleep.example,False,True,https://independent-sleep.example/reviews/restnest
C002056,M2-P055-SE-R1,,,https://independent-sleep.example/reviews/serein-sleep,independent-sleep.example,editorial,https://independent-sleep.example/reviews/serein-sleep,True,independent-sleep.example,False,True,https://independent-sleep.example/reviews/serein-sleep
C000422,M1-P024-AN-R2,,,https://sleep-lab.example/guides/cooling-sheets,sleep-lab.example,editorial,https://sleep-lab.example/guides/cooling-sheets,True,sleep-lab.example,False,True,https://sleep-lab.example/guides/cooling-sheets
C000815,M1-P048-SE-R2,,,https://sleep-lab.example/guides/cooling-sheets,sleep-lab.example,editorial,https://sleep-lab.example/guides/cooling-sheets,True,sleep-lab.example,False,True,https://sleep-lab.example/guides/cooling-sheets
C000999,M1-P059-AN-R2,,,https://independent-sleep.example/reviews/eucalune,independent-sleep.example,editorial,https://independent-sleep.example/reviews/eucalune,True,independent-sleep.example,False,True,https://independent-sleep.example/reviews/eucalune
C002013,M2-P052-AN-R2,,,https://astervale.example/products/cooling-sheet-set,astervale.example,owned,https://astervale.example/products/cooling-sheet-set,True,astervale.example,False,True,https://astervale.example/products/cooling-sheet-set
C001415,M2-P019-CH-R2,,,https://sereinsleep.example/products/clean-cooling-sheets,sereinsleep.example,owned,https://sereinsleep.example/products/clean-cooling-sheets,True,sereinsleep.example,False,True,https://sereinsleep.example/products/clean-cooling-sheets
C001180,M2-P006-SE-R1,,,https://sleep-lab.example/guides/cooling-sheets,sleep-lab.example,editorial,https://sleep-lab.example/guides/cooling-sheets,True,sleep-lab.example,False,True,https://sleep-lab.example/guides/cooling-sheets
C001401,M2-P018-SE-R2,,,https://forum.example/r/hotsleepers/cooling-sheet-experiences,forum.example,forum,https://forum.example/r/hotsleepers/cooling-sheet-experiences,True,forum.example,False,True,https://forum.example/r/hotsleepers/cooling-sheet-experiences
C001763,M2-P037-AN-R1,,,https://sleep-lab.example/guides/cooling-sheets,sleep-lab.example,editorial,https://sleep-lab.example/guides/cooling-sheets,True,sleep-lab.example,False,True,https://sleep-lab.example/guides/cooling-sheets
C001618,M2-P028-AN-R2,,,https://astervale.example/products/cooling-sheet-set,astervale.example,owned,https://astervale.example/products/cooling-sheet-set,True,astervale.example,False,True,https://astervale.example/products/cooling-sheet-set
C000529,M1-P031-SE-R2,,,https://home-review.example/best-cooling-bedding,home-review.example,editorial,https://home-review.example/best-cooling-bedding,True,home-review.example,False,True,https://home-review.example/best-cooling-bedding
C001175,M2-P006-CH-R1,,,https://home-review.example/best-cooling-bedding,home-review.example,editorial,https://home-review.example/best-cooling-bedding,True,home-review.example,False,True,https://home-review.example/best-cooling-bedding
C001377,M2-P017-SE-R1,,,https://eucalune.example/products/eucalyptus-sheets,eucalune.example,owned,https://eucalune.example/products/eucalyptus-sheets,True,eucalune.example,False,True,https://eucalune.example/products/eucalyptus-sheets
C001237,M2-P009-SE-R1,,,https://home-review.example/best-cooling-bedding,home-review.example,editorial,https://home-review.example/best-cooling-bedding,True,home-review.example,False,True,https://home-review.example/best-cooling-bedding
C002091,M2-P057-AN-R2,,,https://home-review.example/best-cooling-bedding,home-review.example,editorial,https://home-review.example/best-cooling-bedding,True,home-review.example,False,True,https://home-review.example/best-cooling-bedding
C001901,M2-P046-AN-R1,,,https://forum.example/r/hotsleepers/cooling-sheet-experiences,forum.example,forum,https://forum.example/r/hotsleepers/cooling-sheet-experiences,True,forum.example,False,True,https://forum.example/r/hotsleepers/cooling-sheet-experiences
C001832,M2-P042-CH-R2,,,https://eucalune.example/products/eucalyptus-sheets,eucalune.example,owned,https://eucalune.example/products/eucalyptus-sheets,True,eucalune.example,False,True,https://eucalune.example/products/eucalyptus-sheets
C000929,M1-P055-SE-R1,,,https://sleep-lab.example/guides/cooling-sheets,sleep-lab.example,editorial,https://sleep-lab.example/guides/cooling-sheets,True,sleep-lab.example,False,True,https://sleep-lab.example/guides/cooling-sheets
C001835,M2-P042-SE-R2,,,https://sleep-lab.example/guides/cooling-sheets,sleep-lab.example,editorial,https://sleep-lab.example/guides/cooling-sheets,True,sleep-lab.example,False,True,https://sleep-lab.example/guides/cooling-sheets
C001652,M2-P030-AN-R1,,,https://independent-sleep.example/reviews/arcticloom,independent-sleep.example,editorial,https://independent-sleep.example/reviews/arcticloom,True,independent-sleep.example,False,True,https://independent-sleep.example/reviews/arcticloom
C002081,M2-P057-CH-R1,,,https://astervale.example/products/cooling-sheet-set,astervale.example,owned,https://astervale.example/products/cooling-sheet-set,True,astervale.example,False,True,https://astervale.example/products/cooling-sheet-set
C000971,M1-P058-SE-R1,,,https://home-review.example/best-cooling-bedding,home-review.example,editorial,https://home-review.example/best-cooling-bedding,True,home-review.example,False,True,https://home-review.example/best-cooling-bedding
C000581,M1-P034-AN-R2,,,https://home-review.example/best-cooling-bedding,home-review.example,editorial,https://home-review.example/best-cooling-bedding,True,home-review.example,False,True,https://home-review.example/best-cooling-bedding
C001654,M2-P031-CH-R1,,,https://home-review.example/best-cooling-bedding,home-review.example,editorial,https://home-review.example/best-cooling-bedding,True,home-review.example,False,True,https://home-review.example/best-cooling-bedding
C000835,M1-P049-AN-R1,,,https://forum.example/r/hotsleepers/cooling-sheet-experiences,forum.example,forum,https://forum.example/r/hotsleepers/cooling-sheet-experiences,True,forum.example,False,True,https://forum.example/r/hotsleepers/cooling-sheet-experiences
C001764,M2-P037-AN-R1,,,https://arcticloom.example/collections/cooling-tech,arcticloom.example,owned,https://arcticloom.example/collections/cooling-tech,True,arcticloom.example,False,True,https://arcticloom.example/collections/cooling-tech
C001146,M2-P004-SE-R1,,,https://forum.example/r/hotsleepers/cooling-sheet-experiences,forum.example,forum,https://forum.example/r/hotsleepers/cooling-sheet-experiences,True,forum.example,False,True,https://forum.example/r/hotsleepers/cooling-sheet-experiences
C001544,M2-P025-CH-R1,,,https://arcticloom.example/collections/cooling-tech,arcticloom.example,owned,https://arcticloom.example/collections/cooling-tech,True,arcticloom.example,False,True,https://arcticloom.example/collections/cooling-tech
C000339,M1-P020-CH-R2,,,https://sleep-lab.example/guides/cooling-sheets,sleep-lab.example,editorial,https://sleep-lab.example/guides/cooling-sheets,True,sleep-lab.example,False,True,https://sleep-lab.example/guides/cooling-sheets
C001001,M1-P060-CH-R1,,,https://independent-sleep.example/reviews/astervale,independent-sleep.example,editorial,https://independent-sleep.example/reviews/astervale,True,independent-sleep.example,False,True,https://independent-sleep.example/reviews/astervale
C001885,M2-P045-AN-R2,,,https://forum.example/r/hotsleepers/cooling-sheet-experiences,forum.example,forum,https://forum.example/r/hotsleepers/cooling-sheet-experiences,True,forum.example,False,True,https://forum.example/r/hotsleepers/cooling-sheet-experiences
C001686,M2-P033-SE-R1,,,https://home-review.example/best-cooling-bedding,home-review.example,editorial,https://home-review.example/best-cooling-bedding,True,home-review.example,False,True,https://home-review.example/best-cooling-bedding
C001325,M2-P014-CH-R2,,,https://home-review.example/best-cooling-bedding,home-review.example,editorial,https://home-review.example/best-cooling-bedding,True,home-review.example,False,True,https://home-review.example/best-cooling-bedding
C002079,M2-P056-AN-R2,,,https://astervale.example/products/cooling-sheet-set,astervale.example,owned,https://astervale.example/products/cooling-sheet-set,True,astervale.example,False,True,https://astervale.example/products/cooling-sheet-set
C001856,M2-P043-AN-R1,,,https://independent-sleep.example/reviews/arcticloom,independent-sleep.example,editorial,https://independent-sleep.example/reviews/arcticloom,True,independent-sleep.example,False,True,https://independent-sleep.example/reviews/arcticloom
C000945,M1-P056-SE-R1,,,https://forum.example/r/hotsleepers/cooling-sheet-experiences,forum.example,forum,https://forum.example/r/hotsleepers/cooling-sheet-experiences,True,forum.example,False,True,https://forum.example/r/hotsleepers/cooling-sheet-experiences
C001268,M2-P011-CH-R2,,,https://home-review.example/best-cooling-bedding,home-review.example,editorial,https://home-review.example/best-cooling-bedding,True,home-review.example,False,True,https://home-review.example/best-cooling-bedding
C000823,M1-P048-AN-R2,,,https://eucalune.example/products/eucalyptus-sheets,eucalune.example,owned,https://eucalune.example/products/eucalyptus-sheets,True,eucalune.example,False,True,https://eucalune.example/products/eucalyptus-sheets
C000196,M1-P012-SE-R2,,,https://forum.example/r/hotsleepers/cooling-sheet-experiences,forum.example,forum,https://forum.example/r/hotsleepers/cooling-sheet-experiences,True,forum.example,False,True,https://forum.example/r/hotsleepers/cooling-sheet-experiences
C001758,M2-P037-SE-R1,,,https://home-review.example/best-cooling-bedding,home-review.example,editorial,https://home-review.example/best-cooling-bedding,True,home-review.example,False,True,https://home-review.example/best-cooling-bedding
C000832,M1-P049-SE-R1,,,https://arcticloom.example/collections/cooling-tech,arcticloom.example,owned,https://arcticloom.example/collections/cooling-tech,True,arcticloom.example,False,True,https://arcticloom.example/collections/cooling-tech
C001342,M2-P015-CH-R2,,,https://forum.example/r/hotsleepers/cooling-sheet-experiences,forum.example,forum,https://forum.example/r/hotsleepers/cooling-sheet-experiences,True,forum.example,False,True,https://forum.example/r/hotsleepers/cooling-sheet-experiences
C000950,M1-P056-AN-R1,,,https://home-review.example/best-cooling-bedding,home-review.example,editorial,https://home-review.example/best-cooling-bedding,True,home-review.example,False,True,https://home-review.example/best-cooling-bedding
C000078,M1-P005-CH-R2,,,https://sleep-lab.example/guides/cooling-sheets,sleep-lab.example,editorial,https://sleep-lab.example/guides/cooling-sheets,True,sleep-lab.example,False,True,https://sleep-lab.example/guides/cooling-sheets
C001219,M2-P008-SE-R2,,,https://home-review.example/best-cooling-bedding,home-review.example,editorial,https://home-review.example/best-cooling-bedding,True,home-review.example,False,True,https://home-review.example/best-cooling-bedding
C000282,M1-P017-CH-R1,,,https://home-review.example/best-cooling-bedding,home-review.example,editorial,https://home-review.example/best-cooling-bedding,True,home-review.example,False,True,https://home-review.example/best-cooling-bedding
C001562,M2-P026-CH-R1,,,https://home-review.example/best-cooling-bedding,home-review.example,editorial,https://home-review.example/best-cooling-bedding,True,home-review.example,False,True,https://home-review.example/best-cooling-bedding
C001612,M2-P028-SE-R2,,,https://independent-sleep.example/reviews/serein-sleep,independent-sleep.example,editorial,https://independent-sleep.example/reviews/serein-sleep,True,independent-sleep.example,False,True,https://independent-sleep.example/reviews/serein-sleep
C000591,M1-P035-SE-R2,,,https://forum.example/r/hotsleepers/cooling-sheet-experiences,forum.example,forum,https://forum.example/r/hotsleepers/cooling-sheet-experiences,True,forum.example,False,True,https://forum.example/r/hotsleepers/cooling-sheet-experiences
C001911,M2-P047-CH-R2,,,https://sleep-lab.example/guides/cooling-sheets,sleep-lab.example,editorial,https://sleep-lab.example/guides/cooling-sheets,True,sleep-lab.example,False,True,https://sleep-lab.example/guides/cooling-sheets
C002144,M2-P060-SE-R1,,,https://restnest.example/products/value-cooling-set,restnest.example,owned,https://restnest.example/products/value-cooling-set,True,restnest.example,False,True,https://restnest.example/products/value-cooling-set
C001978,M2-P051-CH-R1,,,https://restnest.example/products/value-cooling-set,restnest.example,owned,https://restnest.example/products/value-cooling-set,True,restnest.example,False,True,https://restnest.example/products/value-cooling-set
C000007,M1-P001-SE-R1,,,https://sleep-lab.example/guides/cooling-sheets,sleep-lab.example,editorial,https://sleep-lab.example/guides/cooling-sheets,True,sleep-lab.example,False,True,https://sleep-lab.example/guides/cooling-sheets
C001984,M2-P051-SE-R1,,,https://sereinsleep.example/products/clean-cooling-sheets,sereinsleep.example,owned,https://sereinsleep.example/products/clean-cooling-sheets,True,sereinsleep.example,False,True,https://sereinsleep.example/products/clean-cooling-sheets
C000028,M1-P002-SE-R2,,,https://sleep-lab.example/guides/cooling-sheets,sleep-lab.example,editorial,https://sleep-lab.example/guides/cooling-sheets,True,sleep-lab.example,False,True,https://sleep-lab.example/guides/cooling-sheets
C001579,M2-P027-CH-R1,,,https://forum.example/r/hotsleepers/cooling-sheet-experiences,forum.example,forum,https://forum.example/r/hotsleepers/cooling-sheet-experiences,True,forum.example,False,True,https://forum.example/r/hotsleepers/cooling-sheet-experiences
C001182,M2-P006-SE-R1,,,https://sereinsleep.example/products/clean-cooling-sheets,sereinsleep.example,owned,https://sereinsleep.example/products/clean-cooling-sheets,True,sereinsleep.example,False,True,https://sereinsleep.example/products/clean-cooling-sheets
C000628,M1-P037-SE-R2,,,https://forum.example/r/hotsleepers/cooling-sheet-experiences,forum.example,forum,https://forum.example/r/hotsleepers/cooling-sheet-experiences,True,forum.example,False,True,https://forum.example/r/hotsleepers/cooling-sheet-experiences
C000899,M1-P053-SE-R2,,,https://sleep-lab.example/guides/cooling-sheets,sleep-lab.example,editorial,https://sleep-lab.example/guides/cooling-sheets,True,sleep-lab.example,False,True,https://sleep-lab.example/guides/cooling-sheets
C001546,M2-P025-CH-R2,,,https://arcticloom.example/collections/cooling-tech,arcticloom.example,owned,https://arcticloom.example/collections/cooling-tech,True,arcticloom.example,False,True,https://arcticloom.example/collections/cooling-tech
C002169,M2-P061-SE-R2,,,https://astervale.example/products/cooling-sheet-set,astervale.example,owned,https://astervale.example/products/cooling-sheet-set,True,astervale.example,False,True,https://astervale.example/products/cooling-sheet-set
C001663,M2-P031-AN-R1,,,https://sleep-lab.example/guides/cooling-sheets,sleep-lab.example,editorial,https://sleep-lab.example/guides/cooling-sheets,True,sleep-lab.example,False,True,https://sleep-lab.example/guides/cooling-sheets
C000165,M1-P010-SE-R2,,,https://sleep-lab.example/guides/cooling-sheets,sleep-lab.example,editorial,https://sleep-lab.example/guides/cooling-sheets,True,sleep-lab.example,False,True,https://sleep-lab.example/guides/cooling-sheets
C001445,M2-P020-AN-R1,,,https://independent-sleep.example/reviews/eucalune,independent-sleep.example,editorial,https://independent-sleep.example/reviews/eucalune,True,independent-sleep.example,False,True,https://independent-sleep.example/reviews/eucalune
C001101,M2-P002-CH-R2,,,https://restnest.example/products/value-cooling-set,restnest.example,owned,https://restnest.example/products/value-cooling-set,True,restnest.example,False,True,https://restnest.example/products/value-cooling-set
C001602,M2-P028-CH-R1,,,https://forum.example/r/hotsleepers/cooling-sheet-experiences,forum.example,forum,https://forum.example/r/hotsleepers/cooling-sheet-experiences,True,forum.example,False,True,https://forum.example/r/hotsleepers/cooling-sheet-experiences
C000838,M1-P049-AN-R2,,,https://independent-sleep.example/reviews/serein-sleep,independent-sleep.example,editorial,https://independent-sleep.example/reviews/serein-sleep,True,independent-sleep.example,False,True,https://independent-sleep.example/reviews/serein-sleep
C000629,M1-P037-SE-R2,,,https://restnest.example/products/value-cooling-set,restnest.example,owned,https://restnest.example/products/value-cooling-set,True,restnest.example,False,True,https://restnest.example/products/value-cooling-set
C001006,M1-P060-SE-R1,,,https://forum.example/r/hotsleepers/cooling-sheet-experiences,forum.example,forum,https://forum.example/r/hotsleepers/cooling-sheet-experiences,True,forum.example,False,True,https://forum.example/r/hotsleepers/cooling-sheet-experiences
C002077,M2-P056-AN-R2,,,https://home-review.example/best-cooling-bedding,home-review.example,editorial,https://home-review.example/best-cooling-bedding,True,home-review.example,False,True,https://home-review.example/best-cooling-bedding
C000781,M1-P046-AN-R2,,,https://eucalune.example/products/eucalyptus-sheets,eucalune.example,owned,https://eucalune.example/products/eucalyptus-sheets,True,eucalune.example,False,True,https://eucalune.example/products/eucalyptus-sheets
C000710,M1-P042-SE-R1,,,https://sereinsleep.example/products/clean-cooling-sheets,sereinsleep.example,owned,https://sereinsleep.example/products/clean-cooling-sheets,True,sereinsleep.example,False,True,https://sereinsleep.example/products/clean-cooling-sheets
C000365,M1-P021-SE-R1,,,https://independent-sleep.example/reviews/restnest,independent-sleep.example,editorial,https://independent-sleep.example/reviews/restnest,True,independent-sleep.example,False,True,https://independent-sleep.example/reviews/restnest
C001433,M2-P020-SE-R1,,,https://sleep-lab.example/guides/cooling-sheets,sleep-lab.example,editorial,https://sleep-lab.example/guides/cooling-sheets,True,sleep-lab.example,False,True,https://sleep-lab.example/guides/cooling-sheets
C000638,M1-P038-CH-R2,,,https://sereinsleep.example/products/clean-cooling-sheets,sereinsleep.example,owned,https://sereinsleep.example/products/clean-cooling-sheets,True,sereinsleep.example,False,True,https://sereinsleep.example/products/clean-cooling-sheets
C001651,M2-P030-AN-R1,,,https://arcticloom.example/collections/cooling-tech,arcticloom.example,owned,https://arcticloom.example/collections/cooling-tech,True,arcticloom.example,False,True,https://arcticloom.example/collections/cooling-tech
C002161,M2-P061-CH-R2,,,https://astervale.example/products/cooling-sheet-set,astervale.example,owned,https://astervale.example/products/cooling-sheet-set,True,astervale.example,False,True,https://astervale.example/products/cooling-sheet-set
C000692,M1-P041-CH-R2,,,https://forum.example/r/hotsleepers/cooling-sheet-experiences,forum.example,forum,https://forum.example/r/hotsleepers/cooling-sheet-experiences,True,forum.example,False,True,https://forum.example/r/hotsleepers/cooling-sheet-experiences
C000338,M1-P020-CH-R1,,,https://sereinsleep.example/products/clean-cooling-sheets,sereinsleep.example,owned,https://sereinsleep.example/products/clean-cooling-sheets,True,sereinsleep.example,False,True,https://sereinsleep.example/products/clean-cooling-sheets
C002115,M2-P059-CH-R1,,,https://sleep-lab.example/guides/cooling-sheets,sleep-lab.example,editorial,https://sleep-lab.example/guides/cooling-sheets,True,sleep-lab.example,False,True,https://sleep-lab.example/guides/cooling-sheets
C000160,M1-P010-CH-R2,,,https://arcticloom.example/collections/cooling-tech,arcticloom.example,owned,https://arcticloom.example/collections/cooling-tech,True,arcticloom.example,False,True,https://arcticloom.example/collections/cooling-tech
C002019,M2-P053-SE-R1,,,https://sleep-lab.example/guides/cooling-sheets,sleep-lab.example,editorial,https://sleep-lab.example/guides/cooling-sheets,True,sleep-lab.example,False,True,https://sleep-lab.example/guides/cooling-sheets
C001750,M2-P036-AN-R2,,,https://arcticloom.example/collections/cooling-tech,arcticloom.example,owned,https://arcticloom.example/collections/cooling-tech,True,arcticloom.example,False,True,https://arcticloom.example/collections/cooling-tech
C002238,M2-P061-CH-R2,,,HTTPS://independent-sleep.example/reviews/serein-sleep/?utm_source=audit&utm_campaign=m2#section,independent-sleep.example,editorial,https://independent-sleep.example/reviews/serein-sleep,True,independent-sleep.example,False,True,https://independent-sleep.example/reviews/serein-sleep
C001759,M2-P037-SE-R1,,,https://eucalune.example/products/eucalyptus-sheets,eucalune.example,owned,https://eucalune.example/products/eucalyptus-sheets,True,eucalune.example,False,True,https://eucalune.example/products/eucalyptus-sheets
C001498,M2-P022-AN-R2,,,https://eucalune.example/products/eucalyptus-sheets,eucalune.example,owned,https://eucalune.example/products/eucalyptus-sheets,True,eucalune.example,False,True,https://eucalune.example/products/eucalyptus-sheets
C001002,M1-P060-CH-R2,,,https://sleep-lab.example/guides/cooling-sheets,sleep-lab.example,editorial,https://sleep-lab.example/guides/cooling-sheets,True,sleep-lab.example,False,True,https://sleep-lab.example/guides/cooling-sheets
C001481,M2-P022-CH-R2,,,https://arcticloom.example/collections/cooling-tech,arcticloom.example,owned,https://arcticloom.example/collections/cooling-tech,True,arcticloom.example,False,True,https://arcticloom.example/collections/cooling-tech
C001065,M1-P063-AN-R2,,,https://home-review.example/best-cooling-bedding,home-review.example,editorial,https://home-review.example/best-cooling-bedding,True,home-review.example,False,True,https://home-review.example/best-cooling-bedding
C001044,M1-P062-AN-R1,,,https://sereinsleep.example/products/clean-cooling-sheets,sereinsleep.example,owned,https://sereinsleep.example/products/clean-cooling-sheets,True,sereinsleep.example,False,True,https://sereinsleep.example/products/clean-cooling-sheets
C000723,M1-P043-SE-R2,,,https://sleep-lab.example/guides/cooling-sheets,sleep-lab.example,editorial,https://sleep-lab.example/guides/cooling-sheets,True,sleep-lab.example,False,True,https://sleep-lab.example/guides/cooling-sheets
C000167,M1-P010-SE-R2,,,https://arcticloom.example/collections/cooling-tech,arcticloom.example,owned,https://arcticloom.example/collections/cooling-tech,True,arcticloom.example,False,True,https://arcticloom.example/collections/cooling-tech
C001404,M2-P018-AN-R1,,,https://eucalune.example/products/eucalyptus-sheets,eucalune.example,owned,https://eucalune.example/products/eucalyptus-sheets,True,eucalune.example,False,True,https://eucalune.example/products/eucalyptus-sheets
C000848,M1-P050-SE-R2,,,https://sleep-lab.example/guides/cooling-sheets,sleep-lab.example,editorial,https://sleep-lab.example/guides/cooling-sheets,True,sleep-lab.example,False,True,https://sleep-lab.example/guides/cooling-sheets
C002212,M2-P063-AN-R2,,,https://astervale.example/products/cooling-sheet-set,astervale.example,owned,https://astervale.example/products/cooling-sheet-set,True,astervale.example,False,True,https://astervale.example/products/cooling-sheet-set
C000213,M1-P013-CH-R1,,,https://independent-sleep.example/reviews/eucalune,independent-sleep.example,editorial,https://independent-sleep.example/reviews/eucalune,True,independent-sleep.example,False,True,https://independent-sleep.example/reviews/eucalune
C000278,M1-P016-AN-R1,,,https://independent-sleep.example/reviews/eucalune,independent-sleep.example,editorial,https://independent-sleep.example/reviews/eucalune,True,independent-sleep.example,False,True,https://independent-sleep.example/reviews/eucalune
C002265,M2-P043-AN-R1,,,HTTPS://sleep-lab.example/guides/cooling-sheets/?utm_source=audit&utm_campaign=m2#section,sleep-lab.example,editorial,https://sleep-lab.example/guides/cooling-sheets,True,sleep-lab.example,False,True,https://sleep-lab.example/guides/cooling-sheets
C000309,M1-P018-SE-R2,,,https://restnest.example/products/value-cooling-set,restnest.example,owned,https://restnest.example/products/value-cooling-set,True,restnest.example,False,True,https://restnest.example/products/value-cooling-set
C002095,M2-P058-CH-R1,,,https://astervale.example/products/cooling-sheet-set,astervale.example,owned,https://astervale.example/products/cooling-sheet-set,True,astervale.example,False,True,https://astervale.example/products/cooling-sheet-set
C002005,M2-P052-SE-R1,,,https://home-review.example/best-cooling-bedding,home-review.example,editorial,https://home-review.example/best-cooling-bedding,True,home-review.example,False,True,https://home-review.example/best-cooling-bedding
C000980,M1-P058-AN-R1,,,https://astervale.example/products/cooling-sheet-set,astervale.example,owned,https://astervale.example/products/cooling-sheet-set,True,astervale.example,False,True,https://astervale.example/products/cooling-sheet-set
C001242,M2-P009-SE-R2,,,https://independent-sleep.example/reviews/restnest,independent-sleep.example,editorial,https://independent-sleep.example/reviews/restnest,True,independent-sleep.example,False,True,https://independent-sleep.example/reviews/restnest
C000145,M1-P009-SE-R2,,,https://independent-sleep.example/reviews/serein-sleep,independent-sleep.example,editorial,https://independent-sleep.example/reviews/serein-sleep,True,independent-sleep.example,False,True,https://independent-sleep.example/reviews/serein-sleep
C001644,M2-P030-CH-R1,,,https://forum.example/r/hotsleepers/cooling-sheet-experiences,forum.example,forum,https://forum.example/r/hotsleepers/cooling-sheet-experiences,True,forum.example,False,True,https://forum.example/r/hotsleepers/cooling-sheet-experiences
C001485,M2-P022-SE-R1,,,https://sleep-lab.example/guides/cooling-sheets,sleep-lab.example,editorial,https://sleep-lab.example/guides/cooling-sheets,True,sleep-lab.example,False,True,https://sleep-lab.example/guides/cooling-sheets
C001522,M2-P024-CH-R1,,,https://sereinsleep.example/products/clean-cooling-sheets,sereinsleep.example,owned,https://sereinsleep.example/products/clean-cooling-sheets,True,sereinsleep.example,False,True,https://sereinsleep.example/products/clean-cooling-sheets
C001957,M2-P049-AN-R2,,,https://home-review.example/best-cooling-bedding,home-review.example,editorial,https://home-review.example/best-cooling-bedding,True,home-review.example,False,True,https://home-review.example/best-cooling-bedding
C000560,M1-P033-AN-R1,,,https://arcticloom.example/collections/cooling-tech,arcticloom.example,owned,https://arcticloom.example/collections/cooling-tech,True,arcticloom.example,False,True,https://arcticloom.example/collections/cooling-tech
